"D:/Repos/HotelSimulator/PeterSimulator/PeterSimulator.uproject" 1
"../../../Engine/Plugins/FastBuildController/FastBuildController.uplugin" 2
"../../../Engine/Plugins/MeshPainting/MeshPainting.uplugin" 3
"../../../Engine/Plugins/Bridge/Bridge.uplugin" 4
"../../../Engine/Plugins/BlueprintFileUtils/BlueprintFileUtils.uplugin" 5
"../../../Engine/Plugins/LightWeightInstancesEditor/LightWeightInstancesEditor.uplugin" 6
"../../../Engine/Plugins/RenderGraphInsights/RenderGraphInsights.uplugin" 7
"../../../Engine/Plugins/TraceUtilities/TraceUtilities.uplugin" 8
"../../../Engine/Plugins/XGEController/XGEController.uplugin" 9
"../../../Engine/Plugins/JsonBlueprintUtilities/JsonBlueprintUtilities.uplugin" 10
"../../../Engine/Plugins/ScriptPlugin/ScriptPlugin.uplugin" 11
"../../../Engine/Plugins/EnhancedInput/EnhancedInput.uplugin" 12
"../../../Engine/Plugins/AudioGameplayVolume/AudioGameplayVolume.uplugin" 13
"../../../Engine/Plugins/AudioGameplay/AudioGameplay.uplugin" 14
"../../../Engine/Plugins/Compositing/Composure/Composure.uplugin" 15
"../../../Engine/Plugins/Compositing/LensDistortion/LensDistortion.uplugin" 16
"../../../Engine/Plugins/Compositing/OpenColorIO/OpenColorIO.uplugin" 17
"../../../Engine/Plugins/Compositing/OpenCVLensDistortion/OpenCVLensDistortion.uplugin" 18
"../../../Engine/Plugins/VirtualProduction/EpicStageApp/EpicStageApp.uplugin" 19
"../../../Engine/Plugins/VirtualProduction/DataCharts/DataCharts.uplugin" 20
"../../../Engine/Plugins/VirtualProduction/CompositePlane/CompositePlane.uplugin" 21
"../../../Engine/Plugins/VirtualProduction/CameraCalibration/CameraCalibration.uplugin" 22
"../../../Engine/Plugins/VirtualProduction/LevelSnapshots/LevelSnapshots.uplugin" 23
"../../../Engine/Plugins/VirtualProduction/LiveLinkLens/LiveLinkLens.uplugin" 24
"../../../Engine/Plugins/VirtualProduction/CameraCalibrationCore/CameraCalibrationCore.uplugin" 25
"../../../Engine/Plugins/VirtualProduction/LiveLinkCamera/LiveLinkCamera.uplugin" 26
"../../../Engine/Plugins/VirtualProduction/ICVFX/ICVFX.uplugin" 27
"../../../Engine/Plugins/VirtualProduction/LiveLinkFreeD/LiveLinkFreeD.uplugin" 28
"../../../Engine/Plugins/VirtualProduction/LiveLinkMasterLockit/LiveLinkMasterLockit.uplugin" 29
"../../../Engine/Plugins/VirtualProduction/LiveLinkPrestonMDR/LiveLinkPrestonMDR.uplugin" 30
"../../../Engine/Plugins/Enterprise/AxFImporter/AxFImporter.uplugin" 31
"../../../Engine/Plugins/Enterprise/DatasmithC4DImporter/DatasmithC4DImporter.uplugin" 32
"../../../Engine/Plugins/Enterprise/DatasmithCADImporter/DatasmithCADImporter.uplugin" 33
"../../../Engine/Plugins/Enterprise/DatasmithContent/DatasmithContent.uplugin" 34
"../../../Engine/Plugins/Enterprise/DataprepEditor/DataprepEditor.uplugin" 35
"../../../Engine/Plugins/VirtualProduction/LiveLinkVRPN/LiveLinkVRPN.uplugin" 36
"../../../Engine/Plugins/VirtualProduction/LiveLinkXR/LiveLinkXR.uplugin" 37
"../../../Engine/Plugins/VirtualProduction/RemoteControlInterception/RemoteControlInterception.uplugin" 38
"../../../Engine/Plugins/VirtualProduction/RemoteControl/RemoteControl.uplugin" 39
"../../../Engine/Plugins/VirtualProduction/MultiUserTakes/MultiUserTakes.uplugin" 40
"../../../Engine/Plugins/VirtualProduction/RemoteControlWebInterface/RemoteControlWebInterface.uplugin" 41
"../../../Engine/Plugins/VirtualProduction/SequencerPlaylists/SequencerPlaylists.uplugin" 42
"../../../Engine/Plugins/VirtualProduction/RemoteControlProtocolMIDI/RemoteControlProtocolMIDI.uplugin" 43
"../../../Engine/Plugins/VirtualProduction/StageMonitoring/StageMonitoring.uplugin" 44
"../../../Engine/Plugins/VirtualProduction/Takes/Takes.uplugin" 45
"../../../Engine/Plugins/VirtualProduction/Switchboard/Switchboard.uplugin" 46
"../../../Engine/Plugins/VirtualProduction/TextureShare/TextureShare.uplugin" 47
"../../../Engine/Plugins/VirtualProduction/RemoteControlProtocolDMX/RemoteControlProtocolDMX.uplugin" 48
"../../../Engine/Plugins/Enterprise/DatasmithFBXImporter/DatasmithFBXImporter.uplugin" 49
"../../../Engine/Plugins/VirtualProduction/TimedDataMonitor/TimedDataMonitor.uplugin" 50
"../../../Engine/Plugins/Enterprise/DatasmithGLTFImporter/DatasmithGLTFImporter.uplugin" 51
"../../../Engine/Plugins/Tests/EditorTests/EditorTests.uplugin" 52
"../../../Engine/Plugins/Performance/PerformanceMonitor/PerformanceMonitor.uplugin" 53
"../../../Engine/Plugins/Enterprise/DatasmithIFCImporter/DatasmithIFCImporter.uplugin" 54
"../../../Engine/Plugins/NetcodeUnitTest/NetcodeUnitTest/NetcodeUnitTest.uplugin" 55
"../../../Engine/Plugins/Enterprise/DatasmithImporter/DatasmithImporter.uplugin" 56
"../../../Engine/Plugins/Tests/AutomationDriverTests/AutomationDriverTests.uplugin" 57
"../../../Engine/Plugins/VirtualProduction/RemoteControlProtocolOSC/RemoteControlProtocolOSC.uplugin" 58
"../../../Engine/Plugins/Enterprise/GLTFExporter/GLTFExporter.uplugin" 59
"../../../Engine/Plugins/Enterprise/LidarPointCloud/LidarPointCloud.uplugin" 60
"../../../Engine/Plugins/Enterprise/VariantManagerContent/VariantManagerContent.uplugin" 61
"../../../Engine/Plugins/NetcodeUnitTest/NUTUnrealEngine/NUTUnrealEngine.uplugin" 62
"../../../Engine/Plugins/Enterprise/VariantManager/VariantManager.uplugin" 63
"../../../Engine/Plugins/Enterprise/MDLImporter/MDLImporter.uplugin" 64
"../../../Engine/Plugins/AI/AISupport/AISupport.uplugin" 65
"../../../Engine/Plugins/Tests/FunctionalTestingEditor/FunctionalTestingEditor.uplugin" 66
"../../../Engine/Plugins/AI/EnvironmentQueryEditor/EnvironmentQueryEditor.uplugin" 67
"../../../Engine/Plugins/Tests/FbxAutomationTestBuilder/FbxAutomationTestBuilder.uplugin" 68
"../../../Engine/Plugins/Tests/InterchangeTests/InterchangeTests.uplugin" 69
"../../../Engine/Plugins/Protocols/MQTT/MQTT.uplugin" 70
"../../../Engine/Plugins/Tests/RuntimeTests/RuntimeTests.uplugin" 71
"../../../Engine/Plugins/Tests/TestSamples/TestSamples.uplugin" 72
"../../../Engine/Plugins/Importers/AlembicHairImporter/AlembicHairImporter.uplugin" 73
"../../../Engine/Plugins/Importers/AlembicImporter/AlembicImporter.uplugin" 74
"../../../Engine/Plugins/Importers/USDImporter/USDImporter.uplugin" 75
"../../../Engine/Plugins/AI/MassCrowd/MassCrowd.uplugin" 76
"../../../Engine/Plugins/AI/HTNPlanner/HTNPlanner.uplugin" 77
"../../../Engine/Plugins/Tests/RHITests/RHITests.uplugin" 78
"../../../Engine/Plugins/Importers/USDMultiUser/USDMultiUser.uplugin" 79
"../../../Engine/Plugins/AI/MassAI/MassAI.uplugin" 80
"../../../Engine/Plugins/AI/MLAdapter/MLAdapter.uplugin" 81
"../../../Engine/Plugins/Runtime/ActorLayerUtilities/ActorLayerUtilities.uplugin" 82
"../../../Engine/Plugins/Runtime/AndroidFileServer/AndroidFileServer.uplugin" 83
"../../../Engine/Plugins/Runtime/AndroidDeviceProfileSelector/AndroidDeviceProfileSelector.uplugin" 84
"../../../Engine/Plugins/Runtime/AndroidBackgroundService/AndroidBackgroundService.uplugin" 85
"../../../Engine/Plugins/Tests/PythonAutomationTest/PythonAutomationTest.uplugin" 86
"../../../Engine/Plugins/Runtime/AndroidMoviePlayer/AndroidMoviePlayer.uplugin" 87
"../../../Engine/Plugins/Runtime/AndroidPermission/AndroidPermission.uplugin" 88
"../../../Engine/Plugins/Runtime/AppleImageUtils/AppleImageUtils.uplugin" 89
"../../../Engine/Plugins/Runtime/AnimationBudgetAllocator/AnimationBudgetAllocator.uplugin" 90
"../../../Engine/Plugins/Runtime/ArchVisCharacter/ArchVisCharacter.uplugin" 91
"../../../Engine/Plugins/Runtime/ApexDestruction/ApexDestruction.uplugin" 92
"../../../Engine/Plugins/Runtime/AppleMoviePlayer/AppleMoviePlayer.uplugin" 93
"../../../Engine/Plugins/Runtime/AudioModulation/AudioModulation.uplugin" 94
"../../../Engine/Plugins/Runtime/AudioSynesthesia/AudioSynesthesia.uplugin" 95
"../../../Engine/Plugins/Runtime/AudioWidgets/AudioWidgets.uplugin" 96
"../../../Engine/Plugins/Runtime/CableComponent/CableComponent.uplugin" 97
"../../../Engine/Plugins/Runtime/ComputeFramework/ComputeFramework.uplugin" 98
"../../../Engine/Plugins/Runtime/ExampleDeviceProfileSelector/ExampleDeviceProfileSelector.uplugin" 99
"../../../Engine/Plugins/Runtime/Firebase/Firebase.uplugin" 100
"../../../Engine/Plugins/Runtime/GameplayAbilities/GameplayAbilities.uplugin" 101
"../../../Engine/Plugins/Runtime/AudioCapture/AudioCapture.uplugin" 102
"../../../Engine/Plugins/Runtime/AudioMotorSim/AudioMotorSim.uplugin" 103
"../../../Engine/Plugins/Runtime/GeometryProcessing/GeometryProcessing.uplugin" 104
"../../../Engine/Plugins/Runtime/AssetTags/AssetTags.uplugin" 105
"../../../Engine/Plugins/Runtime/GeoReferencing/GeoReferencing.uplugin" 106
"../../../Engine/Plugins/Runtime/CustomMeshComponent/CustomMeshComponent.uplugin" 107
"../../../Engine/Plugins/Runtime/GeometryCache/GeometryCache.uplugin" 108
"../../../Engine/Plugins/Runtime/GameplayStateTree/GameplayStateTree.uplugin" 109
"../../../Engine/Plugins/Runtime/GameplayInteractions/GameplayInteractions.uplugin" 110
"../../../Engine/Plugins/Runtime/GoogleCloudMessaging/GoogleCloudMessaging.uplugin" 111
"../../../Engine/Plugins/Runtime/GooglePAD/GooglePAD.uplugin" 112
"../../../Engine/Plugins/Runtime/HairStrands/HairStrands.uplugin" 113
"../../../Engine/Plugins/Runtime/GameplayBehaviorSmartObjects/GameplayBehaviorSmartObjects.uplugin" 114
"../../../Engine/Plugins/Runtime/ChunkDownloader/ChunkDownloader.uplugin" 115
"../../../Engine/Plugins/Runtime/IOSDeviceProfileSelector/IOSDeviceProfileSelector.uplugin" 116
"../../../Engine/Plugins/Runtime/HTTPChunkInstaller/HTTPChunkInstaller.uplugin" 117
"../../../Engine/Plugins/Runtime/HDRIBackdrop/HDRIBackdrop.uplugin" 118
"../../../Engine/Plugins/Runtime/HPMotionController/HPMotionController.uplugin" 119
"../../../Engine/Plugins/Runtime/DataRegistry/DataRegistry.uplugin" 120
"../../../Engine/Plugins/Runtime/InputDebugging/InputDebugging.uplugin" 121
"../../../Engine/Plugins/Runtime/IOSReplayKit/IOSReplayKit.uplugin" 122
"../../../Engine/Plugins/Runtime/LocationServicesIOSImpl/LocationServicesIOSImpl.uplugin" 123
"../../../Engine/Plugins/Runtime/LiveLinkOvernDisplay/LiveLinkOverNDisplay.uplugin" 124
"../../../Engine/Plugins/Runtime/LocationServicesAndroidImpl/LocationServicesAndroidImpl.uplugin" 125
"../../../Engine/Plugins/Runtime/MassEntity/MassEntity.uplugin" 126
"../../../Engine/Plugins/Runtime/MicrosoftSpatialAudio/MicroSoftSpatialSound.uplugin" 127
"../../../Engine/Plugins/Runtime/MassGameplay/MassGameplay.uplugin" 128
"../../../Engine/Plugins/Runtime/LocationServicesBPLibrary/LocationServicesBPLibrary.uplugin" 129
"../../../Engine/Plugins/Runtime/MobileFSR/MobileFSR.uplugin" 130
"../../../Engine/Plugins/Runtime/ModelViewViewModel/ModelViewViewModel.uplugin" 131
"../../../Engine/Plugins/Runtime/LinuxDeviceProfileSelector/LinuxDeviceProfileSelector.uplugin" 132
"../../../Engine/Plugins/Runtime/nDisplay/nDisplay.uplugin" 133
"../../../Engine/Plugins/Runtime/Metasound/Metasound.uplugin" 134
"../../../Engine/Plugins/Runtime/MobilePatchingUtils/MobilePatchingUtils.uplugin" 135
"../../../Engine/Plugins/Runtime/MIDIDevice/MIDIDevice.uplugin" 136
"../../../Engine/Plugins/Runtime/MixedRealityCaptureFramework/MixedRealityCaptureFramework.uplugin" 137
"../../../Engine/Plugins/Runtime/nDisplayModularFeatures/nDisplayModularFeatures.uplugin" 138
"../../../Engine/Plugins/Runtime/NetworkPrediction/NetworkPrediction.uplugin" 139
"../../../Engine/Plugins/Runtime/MeshModelingToolset/MeshModelingToolset.uplugin" 140
"../../../Engine/Plugins/Runtime/NetworkPredictionExtras/NetworkPredictionExtras.uplugin" 141
"../../../Engine/Plugins/Runtime/NavCorridor/NavCorridor.uplugin" 142
"../../../Engine/Plugins/Runtime/NetworkPredictionInsights/NetworkPredictionInsights.uplugin" 143
"../../../Engine/Plugins/Runtime/OpenXR/OpenXR.uplugin" 144
"../../../Engine/Plugins/Runtime/OpenCV/OpenCV.uplugin" 145
"../../../Engine/Plugins/Runtime/OpenXRMsftHandInteraction/OpenXRMsftHandInteraction.uplugin" 146
"../../../Engine/Plugins/Runtime/OpenXRHandTracking/OpenXRHandTracking.uplugin" 147
"../../../Engine/Plugins/Runtime/OpenXREyeTracker/OpenXREyeTracker.uplugin" 148
"../../../Engine/Plugins/Runtime/OSCModulationMixing/OSCModulationMixing.uplugin" 149
"../../../Engine/Plugins/Runtime/ProceduralMeshComponent/ProceduralMeshComponent.uplugin" 150
"../../../Engine/Plugins/Runtime/OSC/OSC.uplugin" 151
"../../../Engine/Plugins/Runtime/PropertyAccess/PropertyAccessEditor.uplugin" 152
"../../../Engine/Plugins/Runtime/ReplicationGraph/ReplicationGraph.uplugin" 153
"../../../Engine/Plugins/Runtime/ReplicationSystemTestPlugin/ReplicationSystemTestPlugin.uplugin" 154
"../../../Engine/Plugins/Runtime/RenderTrace/RenderTrace.uplugin" 155
"../../../Engine/Plugins/Runtime/SkeletalMerging/SkeletalMerging.uplugin" 156
"../../../Engine/Plugins/Runtime/SignificanceManager/SignificanceManager.uplugin" 157
"../../../Engine/Plugins/Runtime/SoundMod/SoundMod.uplugin" 158
"../../../Engine/Plugins/Runtime/OptionalMobileFeaturesBPLibrary/OptionalMobileFeaturesBPLibrary.uplugin" 159
"../../../Engine/Plugins/Runtime/SoundCueTemplates/SoundCueTemplates.uplugin" 160
"../../../Engine/Plugins/Runtime/Soundscape/Soundscape.uplugin" 161
"../../../Engine/Plugins/Runtime/SoundFields/SoundFields.uplugin" 162
"../../../Engine/Plugins/Runtime/SoundUtilities/SoundUtilities.uplugin" 163
"../../../Engine/Plugins/Runtime/SmartObjects/SmartObjects.uplugin" 164
"../../../Engine/Plugins/Runtime/Spatialization/Spatialization.uplugin" 165
"../../../Engine/Plugins/Animation/AnimationLocomotionLibrary/AnimationLocomotionLibrary.uplugin" 166
"../../../Engine/Plugins/Animation/AnimationModifierLibrary/AnimationModifierLibrary.uplugin" 167
"../../../Engine/Plugins/Runtime/StateTree/StateTree.uplugin" 168
"../../../Engine/Plugins/Runtime/WarpUtils/WarpUtils.uplugin" 169
"../../../Engine/Plugins/Runtime/Synthesis/Synthesis.uplugin" 170
"../../../Engine/Plugins/Runtime/WaveTable/WaveTable.uplugin" 171
"../../../Engine/Plugins/Animation/AnimationWarping/AnimationWarping.uplugin" 172
"../../../Engine/Plugins/Runtime/ResonanceAudio/ResonanceAudio.uplugin" 173
"../../../Engine/Plugins/Runtime/WebBrowserWidget/WebBrowserWidget.uplugin" 174
"../../../Engine/Plugins/Runtime/SunPosition/SunPosition.uplugin" 175
"../../../Engine/Plugins/Runtime/WebMMoviePlayer/WebMMoviePlayer.uplugin" 176
"../../../Engine/Plugins/Runtime/WebBrowserNativeProxy/WebBrowserNativeProxy.uplugin" 177
"../../../Engine/Plugins/Runtime/WindowsDeviceProfileSelector/WindowsDeviceProfileSelector.uplugin" 178
"../../../Engine/Plugins/Runtime/ZoneGraph/ZoneGraph.uplugin" 179
"../../../Engine/Plugins/Animation/AnimToTexture/AnimToTexture.uplugin" 180
"../../../Engine/Plugins/Runtime/ZoneGraphAnnotations/ZoneGraphAnnotations.uplugin" 181
"../../../Engine/Plugins/FX/CascadeToNiagaraConverter/CascadeToNiagaraConverter.uplugin" 182
"../../../Engine/Plugins/Runtime/WindowsMoviePlayer/WindowsMoviePlayer.uplugin" 183
"../../../Engine/Plugins/FX/ExampleCustomDataInterface/ExampleCustomDataInterface.uplugin" 184
"../../../Engine/Plugins/Animation/BlendSpaceMotionAnalysis/BlendSpaceMotionAnalysis.uplugin" 185
"../../../Engine/Plugins/FX/NiagaraFluids/NiagaraFluids.uplugin" 186
"../../../Engine/Plugins/Animation/ControlRig/ControlRig.uplugin" 187
"../../../Engine/Plugins/Editor/AssetRegistryExport/AssetRegistryExport.uplugin" 188
"../../../Engine/Plugins/FX/Niagara/Niagara.uplugin" 189
"../../../Engine/Plugins/FX/NiagaraSimCaching/NiagaraSimCaching.uplugin" 190
"../../../Engine/Plugins/Animation/ControlRigSpline/ControlRigSpline.uplugin" 191
"../../../Engine/Plugins/Editor/AssetManagerEditor/AssetManagerEditor.uplugin" 192
"../../../Engine/Plugins/Animation/GameplayInsights/GameplayInsights.uplugin" 193
"../../../Engine/Plugins/Editor/AssetReferenceRestrictions/AssetReferenceRestrictions.uplugin" 194
"../../../Engine/Plugins/Animation/LiveLinkCurveDebugUI/LiveLinkCurveDebugUI.uplugin" 195
"../../../Engine/Plugins/Animation/MotionWarping/MotionWarping.uplugin" 196
"../../../Engine/Plugins/Animation/DeformerGraph/DeformerGraph.uplugin" 197
"../../../Engine/Plugins/Animation/RigLogic/RigLogic.uplugin" 198
"../../../Engine/Plugins/Animation/IKRig/IKRig.uplugin" 199
"../../../Engine/Plugins/Editor/AssetSearch/AssetSearch.uplugin" 200
"../../../Engine/Plugins/Editor/BlueprintMaterialTextureNodes/BlueprintMaterialTextureNodes.uplugin" 201
"../../../Engine/Plugins/Editor/BlueprintHeaderView/BlueprintHeaderView.uplugin" 202
"../../../Engine/Plugins/Runtime/PreLoadScreenMoviePlayer/PreLoadScreenMoviePlayer.uplugin" 203
"../../../Engine/Plugins/Editor/ConsoleVariablesEditor/ConsoleVariables.uplugin" 204
"../../../Engine/Plugins/Editor/DataValidation/DataValidation.uplugin" 205
"../../../Engine/Plugins/Editor/CryptoKeys/CryptoKeys.uplugin" 206
"../../../Engine/Plugins/Editor/DisplayClusterLaunch/DisplayClusterLaunch.uplugin" 207
"../../../Engine/Plugins/Editor/CurveEditorTools/CurveEditorTools.uplugin" 208
"../../../Engine/Plugins/Animation/LiveLink/LiveLink.uplugin" 209
"../../../Engine/Plugins/Editor/EditorDebugTools/EditorDebugTools.uplugin" 210
"../../../Engine/Plugins/Editor/FacialAnimation/FacialAnimation.uplugin" 211
"../../../Engine/Plugins/Editor/GameplayTagsEditor/GameplayTagsEditor.uplugin" 212
"../../../Engine/Plugins/Editor/GeometryMode/GeometryMode.uplugin" 213
"../../../Engine/Plugins/Editor/EditorScriptingUtilities/EditorScriptingUtilities.uplugin" 214
"../../../Engine/Plugins/MovieScene/ActorSequence/ActorSequence.uplugin" 215
"../../../Engine/Plugins/Editor/GLTFImporter/GLTFImporter.uplugin" 216
"../../../Engine/Plugins/Editor/MacGraphicsSwitching/MacGraphicsSwitching.uplugin" 217
"../../../Engine/Plugins/MovieScene/ReplayTracks/ReplayTracks.uplugin" 218
"../../../Engine/Plugins/MovieScene/LevelSequenceEditor/LevelSequenceEditor.uplugin" 219
"../../../Engine/Plugins/Editor/GuidedTutorials/GuidedTutorials.uplugin" 220
"../../../Engine/Plugins/MovieScene/MovieRenderPipeline/MovieRenderPipeline.uplugin" 221
"../../../Engine/Plugins/MovieScene/MoviePipelineMaskRenderPass/MoviePipelineMaskRenderPass.uplugin" 222
"../../../Engine/Plugins/Interchange/Editor/InterchangeEditor.uplugin" 223
"../../../Engine/Plugins/MovieScene/SequencerScripting/SequencerScripting.uplugin" 224
"../../../Engine/Plugins/Editor/MakeCookedEditorAsDLC/MakeCookedEditorAsDLC.uplugin" 225
"../../../Engine/Plugins/Cameras/CameraShakePreviewer/CameraShakePreviewer.uplugin" 226
"../../../Engine/Plugins/MovieScene/TemplateSequence/TemplateSequence.uplugin" 227
"../../../Engine/Plugins/Editor/MaterialAnalyzer/MaterialAnalyzer.uplugin" 228
"../../../Engine/Plugins/MovieScene/CustomizableSequencerTracks/CustomizableSequencerTracks.uplugin" 229
"../../../Engine/Plugins/Editor/MobileLauncherProfileWizard/MobileLauncherProfileWizard.uplugin" 230
"../../../Engine/Plugins/Editor/ModelingToolsEditorMode/ModelingToolsEditorMode.uplugin" 231
"../../../Engine/Plugins/Editor/PluginBrowser/PluginBrowser.uplugin" 232
"../../../Engine/Plugins/Web/HttpBlueprint/HttpBlueprint.uplugin" 233
"../../../Engine/Plugins/Interchange/Runtime/Interchange.uplugin" 234
"../../../Engine/Plugins/Cameras/GameplayCameras/GameplayCameras.uplugin" 235
"../../../Engine/Plugins/Editor/SpeedTreeImporter/SpeedTreeImporter.uplugin" 236
"../../../Engine/Plugins/Editor/SequencerAnimTools/SequencerAnimTools.uplugin" 237
"../../../Engine/Plugins/Editor/WorldPartitionHLODUtilities/WorldPartitionHLODUtilities.uplugin" 238
"../../../Engine/Plugins/Messaging/TcpMessaging/TcpMessaging.uplugin" 239
"../../../Engine/Plugins/Editor/WaveformEditor/WaveformEditor.uplugin" 240
"../../../Engine/Plugins/Messaging/UdpMessaging/UdpMessaging.uplugin" 241
"../../../Engine/Plugins/Messaging/MessagingDebugger/MessagingDebugger.uplugin" 242
"../../../Engine/Plugins/Slate/SlateScripting/SlateScripting.uplugin" 243
"../../../Engine/Plugins/Slate/SlateInsights/SlateInsights.uplugin" 244
"../../../Engine/Plugins/Editor/StylusInput/StylusInput.uplugin" 245
"../../../Engine/Plugins/Developer/CLionSourceCodeAccess/CLionSourceCodeAccess.uplugin" 246
"../../../Engine/Plugins/Developer/CodeLiteSourceCodeAccess/CodeLiteSourceCodeAccess.uplugin" 247
"../../../Engine/Plugins/Developer/BlankPlugin/BlankPlugin.uplugin" 248
"../../../Engine/Plugins/Developer/GitSourceControl/GitSourceControl.uplugin" 249
"../../../Engine/Plugins/Developer/KDevelopSourceCodeAccess/KDevelopSourceCodeAccess.uplugin" 250
"../../../Engine/Plugins/Developer/DumpGPUServices/DumpGPUServices.uplugin" 251
"../../../Engine/Plugins/Developer/AnimationSharing/AnimationSharing.uplugin" 252
"../../../Engine/Plugins/Developer/PerforceSourceControl/PerforceSourceControl.uplugin" 253
"../../../Engine/Plugins/Developer/OneSkyLocalizationService/OneSkyLocalizationService.uplugin" 254
"../../../Engine/Plugins/Developer/PixWinPlugin/PixWinPlugin.uplugin" 255
"../../../Engine/Plugins/Online/OnlineFramework/OnlineFramework.uplugin" 256
"../../../Engine/Plugins/Online/OnlineServicesEOSGS/OnlineServicesEOSGS.uplugin" 257
"../../../Engine/Plugins/Online/OnlineServices/OnlineServices.uplugin" 258
"../../../Engine/Plugins/Developer/PlasticSourceControl/PlasticSourceControl.uplugin" 259
"../../../Engine/Plugins/Developer/PluginUtils/PluginUtils.uplugin" 260
"../../../Engine/Plugins/Online/EOSShared/EOSShared.uplugin" 261
"../../../Engine/Plugins/Developer/NullSourceCodeAccess/NullSourceCodeAccess.uplugin" 262
"../../../Engine/Plugins/Online/OnlineBase/OnlineBase.uplugin" 263
"../../../Engine/Plugins/Online/OnlineServicesEOS/OnlineServicesEOS.uplugin" 264
"../../../Engine/Plugins/Developer/PropertyAccessNode/PropertyAccessNode.uplugin" 265
"../../../Engine/Plugins/Online/OnlineSubsystemAmazon/OnlineSubsystemAmazon.uplugin" 266
"../../../Engine/Plugins/Online/OnlineServicesOSSAdapter/OnlineServicesOSSAdapter.uplugin" 267
"../../../Engine/Plugins/Online/OnlineSubsystem/OnlineSubsystem.uplugin" 268
"../../../Engine/Plugins/Developer/RenderDocPlugin/RenderDocPlugin.uplugin" 269
"../../../Engine/Plugins/Online/OnlineServicesNull/OnlineServicesNull.uplugin" 270
"../../../Engine/Plugins/Developer/RiderSourceCodeAccess/RiderSourceCodeAccess.uplugin" 271
"../../../Engine/Plugins/Developer/SubversionSourceControl/SubversionSourceControl.uplugin" 272
"../../../Engine/Plugins/Developer/TraceSourceFiltering/TraceSourceFilters.uplugin" 273
"../../../Engine/Plugins/Developer/TextureFormatOodle/TextureFormatOodle.uplugin" 274
"../../../Engine/Plugins/Developer/UObjectPlugin/UObjectPlugin.uplugin" 275
"../../../Engine/Plugins/Media/AudioCaptureTimecodeProvider/AudioCaptureTimecodeProvider.uplugin" 276
"../../../Engine/Plugins/Developer/VisualStudioSourceCodeAccess/VisualStudioSourceCodeAccess.uplugin" 277
"../../../Engine/Plugins/Developer/XCodeSourceCodeAccess/XCodeSourceCodeAccess.uplugin" 278
"../../../Engine/Plugins/Compression/OodleNetwork/OodleNetwork.uplugin" 279
"../../../Engine/Plugins/Online/OnlineSubsystemApple/OnlineSubsystemApple.uplugin" 280
"../../../Engine/Plugins/Online/OnlineSubsystemEOS/OnlineSubsystemEOS.uplugin" 281
"../../../Engine/Plugins/Developer/TraceDataFiltering/TraceDataFilters.uplugin" 282
"../../../Engine/Plugins/Media/AppleProResMedia/AppleProResMedia.uplugin" 283
"../../../Engine/Plugins/Developer/VisualStudioCodeSourceCodeAccess/VisualStudioCodeSourceCodeAccess.uplugin" 284
"../../../Engine/Plugins/Online/OnlineSubsystemFacebook/OnlineSubsystemFacebook.uplugin" 285
"../../../Engine/Plugins/Media/AvfMedia/AvfMedia.uplugin" 286
"../../../Engine/Plugins/Online/OnlineSubsystemGoogle/OnlineSubsystemGoogle.uplugin" 287
"../../../Engine/Plugins/Media/AndroidMedia/AndroidMedia.uplugin" 288
"../../../Engine/Plugins/Media/AjaMedia/AjaMedia.uplugin" 289
"../../../Engine/Plugins/Media/BinkMedia/BinkMedia.uplugin" 290
"../../../Engine/Plugins/Online/OnlineSubsystemOculus/OnlineSubsystemOculus.uplugin" 291
"../../../Engine/Plugins/Developer/XcodeGPUDebuggerPlugin/XcodeGPUDebuggerPlugin.uplugin" 292
"../../../Engine/Plugins/Media/BlackmagicMedia/BlackmagicMedia.uplugin" 293
"../../../Engine/Plugins/Online/OnlineSubsystemSteam/OnlineSubsystemSteam.uplugin" 294
"../../../Engine/Plugins/Online/SocketSubsystemEOS/SocketSubsystemEOS.uplugin" 295
"../../../Engine/Plugins/Online/OnlineSubsystemTencent/OnlineSubsystemTencent.uplugin" 296
"../../../Engine/Plugins/Online/WebAuth/WebAuth.uplugin" 297
"../../../Engine/Plugins/Media/ElectraCDM/ElectraCDM.uplugin" 298
"../../../Engine/Plugins/Online/OnlineSubsystemUtils/OnlineSubsystemUtils.uplugin" 299
"../../../Engine/Plugins/Media/AvidDNxMedia/AvidDNxMedia.uplugin" 300
"../../../Engine/Plugins/Online/OnlineSubsystemNull/OnlineSubsystemNull.uplugin" 301
"../../../Engine/Plugins/Media/ElectraPlayer/ElectraPlayer.uplugin" 302
"../../../Engine/Plugins/Media/HAPMedia/HAPMedia.uplugin" 303
"../../../Engine/Plugins/Media/ElectraSubtitles/ElectraSubtitles.uplugin" 304
"../../../Engine/Plugins/Media/ElectraUtil/ElectraUtil.uplugin" 305
"../../../Engine/Plugins/Media/AndroidCamera/AndroidCamera.uplugin" 306
"../../../Engine/Plugins/Media/HardwareEncoders/HardwareEncoders.uplugin" 307
"../../../Engine/Plugins/Media/HLMedia/HLMedia.uplugin" 308
"../../../Engine/Plugins/Media/LinearTimecode/LinearTimecode.uplugin" 309
"../../../Engine/Plugins/Media/ImgMedia/ImgMedia.uplugin" 310
"../../../Engine/Plugins/Media/MediaCompositing/MediaCompositing.uplugin" 311
"../../../Engine/Plugins/Media/MediaFrameworkUtilities/MediaFrameworkUtilities.uplugin" 312
"../../../Engine/Plugins/Media/MediaIOFramework/MediaIOFramework.uplugin" 313
"../../../Engine/Plugins/Media/MediaMovieStreamer/MediaMovieStreamer.uplugin" 314
"../../../Engine/Plugins/Media/MediaPlayerEditor/MediaPlayerEditor.uplugin" 315
"../../../Engine/Plugins/2D/Paper2D/Paper2D.uplugin" 316
"../../../Engine/Plugins/Media/MfMedia/MfMedia.uplugin" 317
"../../../Engine/Plugins/Media/PixelCapture/PixelCapture.uplugin" 318
"../../../Engine/Plugins/Media/PixelStreamingPlayer/PixelStreamingPlayer.uplugin" 319
"../../../Engine/Plugins/Media/TimecodeSynchronizer/TimecodeSynchronizer.uplugin" 320
"../../../Engine/Plugins/Media/PixelStreaming/PixelStreaming.uplugin" 321
"../../../Engine/Plugins/Media/WebMMedia/WebMMedia.uplugin" 322
"../../../Engine/Plugins/Experimental/AbilitySystemGameFeatureActions/AbilitySystemGameFeatureActions.uplugin" 323
"../../../Engine/Plugins/Media/WmfMedia/WmfMedia.uplugin" 324
"../../../Engine/Plugins/Experimental/ActorPalette/ActorPalette.uplugin" 325
"../../../Engine/Plugins/Experimental/AppleVision/AppleVision.uplugin" 326
"../../../Engine/Plugins/Experimental/AssetPlacementEdMode/AssetPlacementEdMode.uplugin" 327
"../../../Engine/Plugins/Experimental/AutomationUtils/AutomationUtils.uplugin" 328
"../../../Engine/Plugins/Media/MediaPlate/MediaPlate.uplugin" 329
"../../../Engine/Plugins/Experimental/BackChannel/BackChannel.uplugin" 330
"../../../Engine/Plugins/Experimental/BlueprintSnapNodes/BlueprintSnapNodes.uplugin" 331
"../../../Engine/Plugins/Experimental/ChaosCloth/ChaosCloth.uplugin" 332
"../../../Engine/Plugins/Experimental/ChaosCaching/ChaosCaching.uplugin" 333
"../../../Engine/Plugins/Experimental/BlueprintStats/BlueprintStats.uplugin" 334
"../../../Engine/Plugins/Experimental/ChaosClothEditor/ChaosClothEditor.uplugin" 335
"../../../Engine/Plugins/Experimental/ChaosNiagara/ChaosNiagara.uplugin" 336
"../../../Engine/Plugins/Experimental/ChaosUserDataPT/ChaosUserDataPT.uplugin" 337
"../../../Engine/Plugins/Experimental/ChaosSolverPlugin/ChaosSolverPlugin.uplugin" 338
"../../../Engine/Plugins/Experimental/ChaosEditor/ChaosEditor.uplugin" 339
"../../../Engine/Plugins/Experimental/CharacterAI/CharacterAI.uplugin" 340
"../../../Engine/Plugins/Experimental/Chooser/Chooser.uplugin" 341
"../../../Engine/Plugins/Experimental/ChaosVehiclesPlugin/ChaosVehiclesPlugin.uplugin" 342
"../../../Engine/Plugins/Experimental/CinematicPrestreaming/CinematicPrestreaming.uplugin" 343
"../../../Engine/Plugins/Experimental/CodeEditor/CodeEditor.uplugin" 344
"../../../Engine/Plugins/Experimental/CommonConversation/CommonConversation.uplugin" 345
"../../../Engine/Plugins/Experimental/CodeView/CodeView.uplugin" 346
"../../../Engine/Plugins/Experimental/ControlFlows/ControlFlows.uplugin" 347
"../../../Engine/Plugins/Experimental/ColorCorrectRegions/ColorCorrectRegions.uplugin" 348
"../../../Engine/Plugins/Experimental/DataInterface/DataInterface.uplugin" 349
"../../../Engine/Plugins/Experimental/DataInterfaceGraph/DataInterfaceGraph.uplugin" 350
"../../../Engine/Plugins/Experimental/Dataflow/Dataflow.uplugin" 351
"../../../Engine/Plugins/Experimental/CommonUI/CommonUI.uplugin" 352
"../../../Engine/Plugins/Experimental/ExampleAssetEditor/ExampleAssetEditor.uplugin" 353
"../../../Engine/Plugins/Experimental/DefaultInstallBundleManager/DefaultInstallBundleManager.uplugin" 354
"../../../Engine/Plugins/Experimental/FullBodyIK/FullBodyIK.uplugin" 355
"../../../Engine/Plugins/Experimental/FieldSystemPlugin/FieldSystemPlugin.uplugin" 356
"../../../Engine/Plugins/Experimental/GameplayBehaviors/GameplayBehaviors.uplugin" 357
"../../../Engine/Plugins/Experimental/GameFeatures/GameFeatures.uplugin" 358
"../../../Engine/Plugins/Experimental/GeometryCacheAbcFile/GeometryCacheAbcFile.uplugin" 359
"../../../Engine/Plugins/Experimental/GeometryCollectionPlugin/GeometryCollectionPlugin.uplugin" 360
"../../../Engine/Plugins/Experimental/GeometryFlow/GeometryFlow.uplugin" 361
"../../../Engine/Plugins/Experimental/Gauntlet/Gauntlet.uplugin" 362
"../../../Engine/Plugins/Experimental/GeometryScripting/GeometryScripting.uplugin" 363
"../../../Engine/Plugins/Experimental/GizmoFramework/GizmoFramework.uplugin" 364
"../../../Engine/Plugins/Experimental/GizmoEdMode/GizmoEdMode.uplugin" 365
"../../../Engine/Plugins/Experimental/GPULightmass/GPULightmass.uplugin" 366
"../../../Engine/Plugins/Experimental/ImagePlate/ImagePlate.uplugin" 367
"../../../Engine/Plugins/Experimental/Iris/Iris.uplugin" 368
"../../../Engine/Plugins/Experimental/ImpostorBaker/ImpostorBaker.uplugin" 369
"../../../Engine/Plugins/Experimental/Landmass/Landmass.uplugin" 370
"../../../Engine/Plugins/Experimental/HairModelingToolset/HairModelingToolset.uplugin" 371
"../../../Engine/Plugins/Experimental/JWT/JWT.uplugin" 372
"../../../Engine/Plugins/Experimental/LiveLinkFaceImporter/LiveLinkFaceImporter.uplugin" 373
"../../../Engine/Plugins/Experimental/LiveLinkControlRig/LiveLinkControlRig.uplugin" 374
"../../../Engine/Plugins/Experimental/MeshLODToolset/MeshLODToolset.uplugin" 375
"../../../Engine/Plugins/Experimental/MeshModelingToolsetExp/MeshModelingToolsetExp.uplugin" 376
"../../../Engine/Plugins/Experimental/ModularGameplay/ModularGameplay.uplugin" 377
"../../../Engine/Plugins/Experimental/MotorSimOutputMotoSynth/MotorSimOutputMotoSynth.uplugin" 378
"../../../Engine/Plugins/Experimental/Mutable/Mutable.uplugin" 379
"../../../Engine/Plugins/Experimental/LandscapePatch/LandscapePatch.uplugin" 380
"../../../Engine/Plugins/Experimental/NaniteDisplacedMesh/NaniteDisplacedMesh.uplugin" 381
"../../../Engine/Plugins/Experimental/NNI/NeuralNetworkInference.uplugin" 382
"../../../Engine/Plugins/Experimental/OpenImageDenoise/OpenImageDenoise.uplugin" 383
"../../../Engine/Plugins/Experimental/OptiXDenoise/OptiXDenoise.uplugin" 384
"../../../Engine/Plugins/Experimental/MotoSynth/MotoSynth.uplugin" 385
"../../../Engine/Plugins/Experimental/PCG/PCG.uplugin" 386
"../../../Engine/Plugins/Experimental/PanoramicCapture/PanoramicCapture.uplugin" 387
"../../../Engine/Plugins/Experimental/PlanarCutPlugin/PlanarCut.uplugin" 388
"../../../Engine/Plugins/Experimental/PhysicsControl/PhysicsControl.uplugin" 389
"../../../Engine/Plugins/Experimental/PythonFoundationPackages/PythonFoundationPackages.uplugin" 390
"../../../Engine/Plugins/Experimental/PlatformCrypto/PlatformCrypto.uplugin" 391
"../../../Engine/Plugins/Experimental/PythonScriptPlugin/PythonScriptPlugin.uplugin" 392
"../../../Engine/Plugins/Experimental/ProxyLODPlugin/ProxyLODPlugin.uplugin" 393
"../../../Engine/Plugins/Experimental/RawInput/RawInput.uplugin" 394
"../../../Engine/Plugins/Experimental/ScreenReader/ScreenReader.uplugin" 395
"../../../Engine/Plugins/Experimental/SampleToolsEditorMode/SampleToolsEditorMode.uplugin" 396
"../../../Engine/Plugins/Experimental/RenderGrid/RenderGrid.uplugin" 397
"../../../Engine/Plugins/Experimental/Shotgrid/Shotgrid.uplugin" 398
"../../../Engine/Plugins/Experimental/RemoteSession/RemoteSession.uplugin" 399
"../../../Engine/Plugins/Experimental/SimpleHMD/SimpleHMD.uplugin" 400
"../../../Engine/Plugins/Experimental/SlateScreenReader/SlateScreenReader.uplugin" 401
"../../../Engine/Plugins/Experimental/StaticMeshEditorModeling/StaticMeshEditorModeling.uplugin" 402
"../../../Engine/Plugins/Experimental/StructUtils/StructUtils.uplugin" 403
"../../../Engine/Plugins/Experimental/Text3D/Text3D.uplugin" 404
"../../../Engine/Plugins/Experimental/UVEditor/UVEditor.uplugin" 405
"../../../Engine/Plugins/Experimental/VirtualCamera/VirtualCamera.uplugin" 406
"../../../Engine/Plugins/Experimental/TextToSpeech/TextToSpeech.uplugin" 407
"../../../Engine/Plugins/Experimental/Volumetrics/Volumetrics.uplugin" 408
"../../../Engine/Plugins/Experimental/SkeletalReduction/SkeletalReduction.uplugin" 409
"../../../Engine/Plugins/Experimental/VirtualHeightfieldMesh/VirtualHeightfieldMesh.uplugin" 410
"../../../Engine/Plugins/Experimental/Water/Water.uplugin" 411
"../../../Engine/Plugins/Experimental/WaterExtras/WaterExtras.uplugin" 412
"../../../Engine/Plugins/Experimental/UIFramework/UIFramework.uplugin" 413
"../../../Engine/Plugins/Experimental/VirtualScouting/VirtualScouting.uplugin" 414
"../../../Engine/Plugins/Portal/LauncherChunkInstaller/LauncherChunkInstaller.uplugin" 415
"../../../Engine/Plugins/Experimental/VirtualProductionUtilities/VirtualProductionUtilities.uplugin" 416
"../../../Engine/Plugins/Experimental/WebSocketNetworking/WebSocketNetworking.uplugin" 417
"../../../Engine/Plugins/Experimental/WidgetEditorToolPalette/WidgetEditorToolPalette.uplugin" 418
"../../../Engine/Plugins/Experimental/WaveFunctionCollapse/WaveFunctionCollapse.uplugin" 419
"../../../Engine/Plugins/Experimental/AR/PointCloud/PointCloud.uplugin" 420
"../../../Engine/Plugins/Online/Android/AndroidFetchBackgroundDownload/AndroidFetchBackgroundDownload.uplugin" 421
"../../../Engine/Plugins/Runtime/PacketHandlers/AESHandlerComponent/AESHandlerComponent.uplugin" 422
"../../../Engine/Plugins/Runtime/PacketHandlers/AESGCMHandlerComponent/AESGCMHandlerComponent.uplugin" 423
"../../../Engine/Plugins/Online/Android/OnlineSubsystemGooglePlay/OnlineSubsystemGooglePlay.uplugin" 424
"../../../Engine/Plugins/Experimental/Web/WebAPI/WebAPI.uplugin" 425
"../../../Engine/Plugins/Runtime/PacketHandlers/DTLSHandlerComponent/DTLSHandlerComponent.uplugin" 426
"../../../Engine/Plugins/Runtime/Analytics/AnalyticsMulticast/AnalyticsMulticast.uplugin" 427
"../../../Engine/Plugins/Runtime/Analytics/Adjust/Adjust.uplugin" 428
"../../../Engine/Plugins/Online/VoiceChat/EOSVoiceChat/EOSVoiceChat.uplugin" 429
"../../../Engine/Plugins/Runtime/Analytics/Flurry/Flurry.uplugin" 430
"../../../Engine/Plugins/Runtime/Nvidia/GeForceNOWWrapper/GeForceNOWWrapper.uplugin" 431
"../../../Engine/Plugins/Runtime/Analytics/AnalyticsBlueprintLibrary/AnalyticsBlueprintLibrary.uplugin" 432
"../../../Engine/Plugins/Online/VoiceChat/VoiceChat/VoiceChat.uplugin" 433
"../../../Engine/Plugins/Experimental/VirtualProduction/LedWallCalibration/LedWallCalibration.uplugin" 434
"../../../Engine/Plugins/Runtime/Analytics/FileLogging/FileLogging.uplugin" 435
"../../../Engine/Plugins/Animation/MLDeformer/NeuralMorphModel/NeuralMorphModel.uplugin" 436
"../../../Engine/Plugins/Animation/MLDeformer/MLDeformerFramework/MLDeformerFramework.uplugin" 437
"../../../Engine/Plugins/Animation/MLDeformer/NearestNeighborModel/NearestNeighborModel.uplugin" 438
"../../../Engine/Plugins/Animation/MLDeformer/VertexDeltaModel/VertexDeltaModel.uplugin" 439
"../../../Engine/Plugins/Experimental/Enterprise/DataprepGeometryOperations/DataprepGeometryOperations.uplugin" 440
"../../../Engine/Plugins/Runtime/Nvidia/Reflex/Reflex.uplugin" 441
"../../../Engine/Plugins/Experimental/Enterprise/DatasmithInterchange/DatasmithInterchange.uplugin" 442
"../../../Engine/Plugins/Developer/Concert/ConcertMain/ConcertMain.uplugin" 443
"../../../Engine/Plugins/Experimental/Enterprise/DatasmithRuntime/DatasmithRuntime.uplugin" 444
"../../../Engine/Plugins/Runtime/Steam/SteamVR/SteamVR.uplugin" 445
"../../../Engine/Plugins/Runtime/Steam/SteamAudio/SteamAudio.uplugin" 446
"../../../Engine/Plugins/Runtime/Steam/SteamShared/SteamShared.uplugin" 447
"../../../Engine/Plugins/Runtime/Steam/SteamController/SteamController.uplugin" 448
"../../../Engine/Plugins/Runtime/Steam/SteamSockets/SteamSockets.uplugin" 449
"../../../Engine/Plugins/VirtualProduction/DMX/DatasmithMVR/DatasmithMVR.uplugin" 450
"../../../Engine/Plugins/Runtime/Oculus/OculusAudio/OculusAudio.uplugin" 451
"../../../Engine/Plugins/VirtualProduction/DMX/DMXDisplayCluster/DMXDisplayCluster.uplugin" 452
"../../../Engine/Plugins/Editor/ObjectMixer/LightMixer/LightMixer.uplugin" 453
"../../../Engine/Plugins/Editor/ObjectMixer/ObjectMixer/ObjectMixer.uplugin" 454
"../../../Engine/Plugins/VirtualProduction/DMX/DMXEngine/DMXEngine.uplugin" 455
"../../../Engine/Plugins/VirtualProduction/DMX/DMXModularFeatures/DMXModularFeatures.uplugin" 456
"../../../Engine/Plugins/VirtualProduction/DMX/DMXPixelMapping/DMXPixelMapping.uplugin" 457
"../../../Engine/Plugins/VirtualProduction/DMX/DMXFixtures/DMXFixtures.uplugin" 458
"../../../Engine/Plugins/VirtualProduction/Rivermax/RivermaxCore/RivermaxCore.uplugin" 459
"../../../Engine/Plugins/VirtualProduction/Rivermax/RivermaxMedia/RivermaxMedia.uplugin" 460
"../../../Engine/Plugins/Runtime/Oculus/OculusVR/OculusVR.uplugin" 461
"../../../Engine/Plugins/VirtualProduction/DMX/DMXProtocol/DMXProtocol.uplugin" 462
"../../../Engine/Plugins/Runtime/AR/ARUtilities/ARUtilities.uplugin" 463
"../../../Engine/Plugins/Runtime/AR/AzureSpatialAnchorsForARKit/AzureSpatialAnchorsForARKit.uplugin" 464
"../../../Engine/Plugins/Runtime/AR/AzureSpatialAnchors/AzureSpatialAnchors.uplugin" 465
"../../../Engine/Plugins/Runtime/MeshReconstruction/DummyMeshReconstructor/DummyMeshReconstructor.uplugin" 466
"../../../Engine/Plugins/Editor/ContentBrowser/ContentBrowserAliasDataSoure/ContentBrowserAliasDataSource.uplugin" 467
"../../../Engine/Plugins/Runtime/Windows/WinDualShock/WinDualShock.uplugin" 468
"../../../Engine/Plugins/Runtime/AR/AzureSpatialAnchorsForARCore/AzureSpatialAnchorsForARCore.uplugin" 469
"../../../Engine/Plugins/Editor/ContentBrowser/ContentBrowserClassDataSource/ContentBrowserClassDataSource.uplugin" 470
"../../../Engine/Plugins/Editor/ContentBrowser/ContentBrowserFileDataSource/ContentBrowserFileDataSource.uplugin" 471
"../../../Engine/Plugins/Online/IOS/OnlineSubsystemIOS/OnlineSubsystemIOS.uplugin" 472
"../../../Engine/Plugins/Runtime/Advertising/IOSTapJoy/IOSTapJoy.uplugin" 473
"../../../Engine/Plugins/Editor/ContentBrowser/ContentBrowserAssetDataSource/ContentBrowserAssetDataSource.uplugin" 474
"../../../Engine/Plugins/Runtime/XR/XRVisualization/XRVisualization.uplugin" 475
"../../../Engine/Plugins/Experimental/Animation/MotionTrajectory/MotionTrajectory.uplugin" 476
"../../../Engine/Plugins/Experimental/Animation/Optimus/Optimus.uplugin" 477
"../../../Engine/Plugins/Runtime/Database/RemoteDatabaseSupport/RemoteDatabaseSupport.uplugin" 478
"../../../Engine/Plugins/Experimental/Animation/SkeletalMeshModelingTools/SkeletalMeshModelingTools.uplugin" 479
"../../../Engine/Plugins/Experimental/Animation/ContextualAnimation/ContextualAnimation.uplugin" 480
"../../../Engine/Plugins/Runtime/Database/DatabaseSupport/DatabaseSupport.uplugin" 481
"../../../Engine/Plugins/Runtime/AR/Google/GoogleARCoreServices/GoogleARCoreServices.uplugin" 482
"../../../Engine/Plugins/Developer/Concert/ConcertUI/ConcertSharedSlate/ConcertSharedSlate.uplugin" 483
"../../../Engine/Plugins/Developer/Concert/ConcertUI/ConcertClientSharedSlate/ConcertClientSharedSlate.uplugin" 484
"../../../Engine/Plugins/Runtime/Database/SQLiteSupport/SQLiteSupport.uplugin" 485
"../../../Engine/Plugins/Runtime/AR/AppleAR/AppleARKitFaceSupport/AppleARKitFaceSupport.uplugin" 486
"../../../Engine/Plugins/Developer/Concert/ConcertSync/ConcertSyncCore/ConcertSyncCore.uplugin" 487
"../../../Engine/Plugins/Runtime/AR/AppleAR/AppleARKit/AppleARKit.uplugin" 488
"../../../Engine/Plugins/Developer/Concert/ConcertSync/ConcertSyncClient/ConcertSyncClient.uplugin" 489
"../../../Engine/Plugins/Developer/Concert/ConcertSync/ConcertSyncTest/ConcertSyncTest.uplugin" 490
"../../../Engine/Plugins/Runtime/AR/Google/GoogleARCore/GoogleARCore.uplugin" 491
"../../../Engine/Plugins/Developer/Concert/ConcertApp/DisasterRecoveryClient/DisasterRecoveryClient.uplugin" 492
"../../../Engine/Plugins/Runtime/Database/ADOSupport/ADOSupport.uplugin" 493
"../../../Engine/Plugins/Developer/Concert/ConcertApp/MultiUserClient/MultiUserClient.uplugin" 494
"../../../Engine/Plugins/Developer/Concert/ConcertSync/ConcertSyncServer/ConcertSyncServer.uplugin" 495
"../../../Engine/Plugins/Runtime/Database/SQLiteCore/SQLiteCore.uplugin" 496
"../../../Engine/Plugins/Developer/Concert/ConcertApp/MultiUserServer/MultiUserServer.uplugin" 497
"../../../Engine/Plugins/Experimental/Animation/PoseSearch/PoseSearch.uplugin" 498
"../../../Engine/Plugins/Experimental/Animation/CurveExpression/CurveExpression.uplugin" 499
"../../../Engine/Platforms/HoloLens/Plugins/Runtime/ApexDestruction/ApexDestruction_HoloLens.uplugin" 500
"../../../Engine/Platforms/HoloLens/Plugins/Runtime/OpenXRMsftHandInteraction/OpenXRMsftHandInteraction_HoloLens.uplugin" 501
"../../../Engine/Platforms/HoloLens/Plugins/Runtime/OpenXR/OpenXR_HoloLens.uplugin" 502
"../../../Engine/Platforms/HoloLens/Plugins/Runtime/OpenXRHandTracking/OpenXRHandTracking_HoloLens.uplugin" 503
"../../../Engine/Platforms/HoloLens/Plugins/Media/HLMedia/HLMedia_HoloLens.uplugin" 504
"../../../Engine/Platforms/HoloLens/Plugins/Runtime/AR/AzureSpatialAnchors/AzureSpatialAnchors_HoloLens.uplugin" 505
"../../../Engine/Platforms/HoloLens/Plugins/Runtime/GeoReferencing/GeoReferencing_HoloLens.uplugin" 506
"../../../Engine/Platforms/HoloLens/Plugins/Online/OnlineServicesEOS/OnlineServicesEOS_HoloLens.uplugin" 507
"../../../Engine/Platforms/HoloLens/Plugins/Compression/OodleNetwork/OodleNetwork_HoloLens.uplugin" 508
"../../../Engine/Platforms/HoloLens/Plugins/Media/BinkMedia/BinkMedia_HoloLens.uplugin" 509
"../../../Engine/Platforms/HoloLens/Plugins/Runtime/MicrosoftSpatialAudio/MicroSoftSpatialSound_HoloLens.uplugin" 510
"../../../Engine/Platforms/HoloLens/Plugins/Online/OnlineServicesEOSGS/OnlineServicesEOSGS_HoloLens.uplugin" 511
"../../../Engine/Platforms/HoloLens/Plugins/Runtime/OpenXREyeTracker/OpenXREyeTracker_HoloLens.uplugin" 512
"../../../Engine/Platforms/HoloLens/Plugins/Media/MfMedia/MfMedia_HoloLens.uplugin" 513
"../../../Engine/Content/Internationalization/icudt64l/cnvalias.icu" 514
"../../../Engine/Content/Internationalization/icudt64l/res_index.res" 515
"../../../Engine/Content/Internationalization/icudt64l/plurals.res" 516
"../../../Engine/Content/Internationalization/icudt64l/lang/en_AI.res" 517
"../../../Engine/Content/Internationalization/icudt64l/lang/pool.res" 518
"../../../Engine/Content/Internationalization/icudt64l/lang/en_001.res" 519
"../../../Engine/Content/Internationalization/icudt64l/lang/en.res" 520
"../../../Engine/Content/Internationalization/icudt64l/lang/root.res" 521
"../../../Engine/Content/Internationalization/icudt64l/region/en_AI.res" 522
"../../../Engine/Content/Internationalization/icudt64l/region/pool.res" 523
"../../../Engine/Content/Internationalization/icudt64l/region/en.res" 524
"../../../Engine/Content/Internationalization/icudt64l/region/root.res" 525
"../../../Engine/Content/Internationalization/icudt64l/windowsZones.res" 526
"../../../Engine/Content/Internationalization/icudt64l/zoneinfo64.res" 527
"../../../Engine/Content/Internationalization/icudt64l/keyTypeData.res" 528
"../../../Engine/Content/Internationalization/icudt64l/timezoneTypes.res" 529
"../../../Engine/Content/Internationalization/icudt64l/likelySubtags.res" 530
"../../../Engine/Content/Internationalization/icudt64l/en_US.res" 531
"../../../Engine/Content/Internationalization/icudt64l/pool.res" 532
"../../../Engine/Content/Internationalization/icudt64l/en.res" 533
"../../../Engine/Content/Internationalization/icudt64l/root.res" 534
"../../../Engine/Content/Internationalization/icudt64l/supplementalData.res" 535
"../../../Engine/Config/ConfigRedirects.ini" 536
"../../../Engine/Config/Base.ini" 537
"C:/Users/rafal/AppData/Local/UnrealEngine/5.1/Saved/Config/WindowsEditor/Manifest.ini" 538
"../../../Engine/Config/BaseEngine.ini" 539
"../../../Engine/Config/IOS/BaseIOSEngine.ini" 540
"../../../../../Repos/HotelSimulator/PeterSimulator/Config/DefaultEngine.ini" 541
"../../../Engine/Config/HoloLens/HoloLensEngine.ini" 542
"../../../Engine/Config/Windows/BaseWindowsEngine.ini" 543
"../../../Engine/Config/Android/BaseAndroidEngine.ini" 544
"../../../Engine/Config/Mac/BaseMacEngine.ini" 545
"../../../Engine/Config/IOS/IOSEngine.ini" 546
"../../../../../Repos/HotelSimulator/PeterSimulator/Platforms/HoloLens/Config/HoloLensEngine.ini" 547
"../../../Engine/Config/TVOS/TVOSEngine.ini" 548
"../../../Engine/Config/Android/AndroidEngine.ini" 549
"../../../Engine/Config/Mac/MacEngine.ini" 550
"../../../Engine/Config/Linux/BaseLinuxEngine.ini" 551
"../../../Engine/Config/Unix/UnixEngine.ini" 552
"../../../Engine/Config/Windows/WindowsEngine.ini" 553
"../../../Engine/Config/LinuxArm64/LinuxArm64Engine.ini" 554
"../../../Engine/Config/Linux/LinuxEngine.ini" 555
"../../../Engine/Config/BaseGame.ini" 556
"D:/Repos/HotelSimulator/PeterSimulator/Saved/Config/WindowsEditor/Engine.ini" 557
"../../../../../Repos/HotelSimulator/PeterSimulator/Config/DefaultGame.ini" 558
"../../../Engine/Config/HoloLens/HoloLensGame.ini" 559
"../../../Engine/Config/IOS/BaseIOSGame.ini" 560
"../../../Engine/Config/IOS/IOSGame.ini" 561
"../../../Engine/Config/Android/BaseAndroidGame.ini" 562
"../../../Engine/Config/BaseInput.ini" 563
"../../../Engine/Config/Mac/MacGame.ini" 564
"../../../../../Repos/HotelSimulator/PeterSimulator/Config/DefaultInput.ini" 565
"../../../Engine/Config/Windows/WindowsGame.ini" 566
"../../../Engine/Config/Linux/LinuxGame.ini" 567
"../../../Engine/Config/BaseDeviceProfiles.ini" 568
"../../../Engine/Config/BaseGameUserSettings.ini" 569
"D:/Repos/HotelSimulator/PeterSimulator/Saved/Config/WindowsEditor/Input.ini" 570
"../../../Engine/Config/BaseScalability.ini" 571
"../../../Engine/Config/IOS/IOSScalability.ini" 572
"D:/Repos/HotelSimulator/PeterSimulator/Saved/Config/WindowsEditor/DeviceProfiles.ini" 573
"../../../Engine/Config/BaseRuntimeOptions.ini" 574
"../../../Engine/Config/Android/AndroidScalability.ini" 575
"../../../Engine/Config/BaseInstallBundle.ini" 576
"../../../Engine/Config/BaseHardware.ini" 577
"D:/Repos/HotelSimulator/PeterSimulator/Saved/Config/WindowsEditor/GameUserSettings.ini" 578
"D:/Repos/HotelSimulator/PeterSimulator/Saved/Config/WindowsEditor/Scalability.ini" 579
"D:/Repos/HotelSimulator/PeterSimulator/Saved/Config/WindowsEditor/RuntimeOptions.ini" 580
"D:/Repos/HotelSimulator/PeterSimulator/Saved/Config/WindowsEditor/Hardware.ini" 581
"../../../Engine/Config/BaseCompat.ini" 582
"D:/Repos/HotelSimulator/PeterSimulator/Saved/Config/WindowsEditor/Compat.ini" 583
"../../../Engine/Config/BaseLightmass.ini" 584
"D:/Repos/HotelSimulator/PeterSimulator/Saved/Config/WindowsEditor/Lightmass.ini" 585
"../../../Engine/Config/BaseEditor.ini" 586
"../../../../../Repos/HotelSimulator/PeterSimulator/Config/DefaultEditor.ini" 587
"D:/Repos/HotelSimulator/PeterSimulator/Saved/Config/WindowsEditor/Editor.ini" 588
"../../../Engine/Config/BaseEditorPerProjectUserSettings.ini" 589
"../../../../../Repos/HotelSimulator/PeterSimulator/Config/DefaultEditorPerProjectUserSettings.ini" 590
"../../../Engine/Config/Windows/WindowsEditorPerProjectUserSettings.ini" 591
"D:/Repos/HotelSimulator/PeterSimulator/Saved/Config/WindowsEditor/EditorPerProjectUserSettings.ini" 592
"../../../Engine/Config/BaseEditorSettings.ini" 593
"C:/Users/rafal/AppData/Local/UnrealEngine/5.1/Saved/Config/WindowsEditor/EditorSettings.ini" 594
"../../../Engine/Config/BaseEditorKeyBindings.ini" 595
"C:/Users/rafal/AppData/Local/UnrealEngine/5.1/Saved/Config/WindowsEditor/EditorKeyBindings.ini" 596
"C:/Users/rafal/AppData/Local/UnrealEngine/5.1/Saved/Config/WindowsEditor/EditorLayout.ini" 597
"../../../Engine/Binaries/Win64/BootstrapPackagedGame-Win64-Shipping.target" 598
"../../../Engine/Binaries/Win64/BuildPatchTool-Win64-Shipping.target" 599
"../../../Engine/Binaries/Win64/CrashReportClient-Win64-Shipping.target" 600
"../../../Engine/Binaries/Win64/CrashReportClientEditor-Win64-Shipping.target" 601
"../../../Engine/Binaries/Win64/DatasmithCADWorker.target" 602
"../../../Engine/Binaries/Win64/EpicWebHelper.target" 603
"../../../Engine/Binaries/Win64/LiveCodingConsole.target" 604
"../../../Engine/Binaries/Win64/ShaderCompileWorker.target" 605
"../../../Engine/Binaries/Win64/SwitchboardListener.target" 606
"../../../Engine/Binaries/Win64/UnrealEditor-Win64-DebugGame.target" 607
"../../../Engine/Binaries/Win64/UnrealEditor.target" 608
"../../../Engine/Plugins/EnhancedInput/Config/BaseEnhancedInput.ini" 609
"D:/Repos/HotelSimulator/PeterSimulator/Saved/Config/WindowsEditor/EnhancedInput.ini" 610
"../../../Engine/Plugins/Enterprise/DatasmithContent/Config/BaseDatasmithContent.ini" 611
"D:/Repos/HotelSimulator/PeterSimulator/Saved/Config/WindowsEditor/DatasmithContent.ini" 612
"../../../Engine/Plugins/Enterprise/GLTFExporter/Config/BaseGLTFExporter.ini" 613
"../../../Engine/Plugins/Enterprise/GLTFExporter/Config/DefaultGLTFExporter.ini" 614
"D:/Repos/HotelSimulator/PeterSimulator/Saved/Config/WindowsEditor/GLTFExporter.ini" 615
"../../../Engine/Plugins/Enterprise/VariantManagerContent/Config/BaseVariantManagerContent.ini" 616
"D:/Repos/HotelSimulator/PeterSimulator/Saved/Config/WindowsEditor/VariantManagerContent.ini" 617
"../../../Engine/Plugins/Runtime/Metasound/Config/BaseMetasound.ini" 618
"D:/Repos/HotelSimulator/PeterSimulator/Saved/Config/WindowsEditor/Metasound.ini" 619
"../../../Engine/Plugins/Runtime/Synthesis/Config/BaseSynthesis.ini" 620
"D:/Repos/HotelSimulator/PeterSimulator/Saved/Config/WindowsEditor/Synthesis.ini" 621
"../../../Engine/Plugins/FX/Niagara/Config/BaseNiagara.ini" 622
"D:/Repos/HotelSimulator/PeterSimulator/Saved/Config/WindowsEditor/Niagara.ini" 623
"../../../Engine/Plugins/Animation/ControlRig/Config/BaseControlRig.ini" 624
"D:/Repos/HotelSimulator/PeterSimulator/Saved/Config/WindowsEditor/ControlRig.ini" 625
"../../../Engine/Plugins/Animation/IKRig/Config/BaseIKRig.ini" 626
"../../../Engine/Plugins/Editor/EditorScriptingUtilities/Config/BaseEditorScriptingUtilities.ini" 627
"D:/Repos/HotelSimulator/PeterSimulator/Saved/Config/WindowsEditor/EditorScriptingUtilities.ini" 628
"../../../Engine/Plugins/Interchange/Runtime/Config/BaseInterchange.ini" 629
"D:/Repos/HotelSimulator/PeterSimulator/Saved/Config/WindowsEditor/Interchange.ini" 630
"../../../Engine/Plugins/Interchange/Runtime/Config/Game.ini" 631
"../../../Engine/Plugins/Developer/TraceDataFiltering/Config/BaseTraceDataFilters.ini" 632
"D:/Repos/HotelSimulator/PeterSimulator/Saved/Config/WindowsEditor/TraceDataFilters.ini" 633
"../../../Engine/Plugins/2D/Paper2D/Config/BasePaper2D.ini" 634
"D:/Repos/HotelSimulator/PeterSimulator/Saved/Config/WindowsEditor/Paper2D.ini" 635
"../../../Engine/Plugins/Experimental/FullBodyIK/Config/BaseFullBodyIK.ini" 636
"D:/Repos/HotelSimulator/PeterSimulator/Saved/Config/WindowsEditor/FullBodyIK.ini" 637
"../../../Engine/Plugins/Editor/ModelingToolsEditorMode/Binaries/Win64/UnrealEditor.modules" 638
"../../../Engine/Plugins/Runtime/MeshModelingToolset/Binaries/Win64/UnrealEditor.modules" 639
"../../../Engine/Plugins/Experimental/MeshModelingToolsetExp/Binaries/Win64/UnrealEditor.modules" 640
"../../../Engine/Plugins/Experimental/MeshLODToolset/Binaries/Win64/UnrealEditor.modules" 641
"../../../Engine/Plugins/Editor/StylusInput/Binaries/Win64/UnrealEditor.modules" 642
"../../../Engine/Plugins/Runtime/GeometryProcessing/Binaries/Win64/UnrealEditor.modules" 643
"../../../Engine/Plugins/Experimental/ProxyLODPlugin/Binaries/Win64/UnrealEditor.modules" 644
"../../../Engine/Plugins/Experimental/GeometryFlow/Binaries/Win64/UnrealEditor.modules" 645
"../../../Engine/Plugins/Editor/EditorScriptingUtilities/Binaries/Win64/UnrealEditor.modules" 646
"../../../Engine/Plugins/Bridge/Binaries/Win64/UnrealEditor.modules" 647
"../../../Engine/Plugins/EnhancedInput/Binaries/Win64/UnrealEditor.modules" 648
"../../../Engine/Plugins/FastBuildController/Binaries/Win64/UnrealEditor.modules" 649
"../../../Engine/Plugins/MeshPainting/Binaries/Win64/UnrealEditor.modules" 650
"../../../Engine/Plugins/Interchange/Editor/Binaries/Win64/UnrealEditor.modules" 651
"../../../Engine/Plugins/Interchange/Runtime/Binaries/Win64/UnrealEditor.modules" 652
"../../../Engine/Plugins/Editor/GLTFImporter/Binaries/Win64/UnrealEditor.modules" 653
"../../../Engine/Plugins/Enterprise/VariantManagerContent/Binaries/Win64/UnrealEditor.modules" 654
"../../../Engine/Plugins/Enterprise/VariantManager/Binaries/Win64/UnrealEditor.modules" 655
"../../../Engine/Plugins/TraceUtilities/Binaries/Win64/UnrealEditor.modules" 656
"../../../Engine/Plugins/XGEController/Binaries/Win64/UnrealEditor.modules" 657
"../../../Engine/Plugins/Enterprise/DatasmithContent/Binaries/Win64/UnrealEditor.modules" 658
"../../../Engine/Plugins/Enterprise/GLTFExporter/Binaries/Win64/UnrealEditor.modules" 659
"../../../Engine/Plugins/AI/AISupport/Binaries/Win64/UnrealEditor.modules" 660
"../../../Engine/Plugins/AI/EnvironmentQueryEditor/Binaries/Win64/UnrealEditor.modules" 661
"../../../Engine/Plugins/Tests/InterchangeTests/Binaries/Win64/UnrealEditor.modules" 662
"../../../Engine/Plugins/Importers/AlembicImporter/Binaries/Win64/UnrealEditor.modules" 663
"../../../Engine/Plugins/Runtime/GeometryCache/Binaries/Win64/UnrealEditor.modules" 664
"../../../Engine/Plugins/FX/Niagara/Binaries/Win64/UnrealEditor.modules" 665
"../../../Engine/Plugins/Experimental/PythonScriptPlugin/Binaries/Win64/UnrealEditor.modules" 666
"../../../Engine/Plugins/Editor/ContentBrowser/ContentBrowserFileDataSource/Binaries/Win64/UnrealEditor.modules" 667
"../../../Engine/Plugins/Runtime/ActorLayerUtilities/Binaries/Win64/UnrealEditor.modules" 668
"../../../Engine/Plugins/Runtime/AndroidDeviceProfileSelector/Binaries/Win64/UnrealEditor.modules" 669
"../../../Engine/Plugins/Runtime/AndroidFileServer/Binaries/Win64/UnrealEditor.modules" 670
"../../../Engine/Plugins/Runtime/AndroidPermission/Binaries/Win64/UnrealEditor.modules" 671
"../../../Engine/Plugins/Runtime/AppleImageUtils/Binaries/Win64/UnrealEditor.modules" 672
"../../../Engine/Plugins/Runtime/ArchVisCharacter/Binaries/Win64/UnrealEditor.modules" 673
"../../../Engine/Plugins/Runtime/AssetTags/Binaries/Win64/UnrealEditor.modules" 674
"../../../Engine/Plugins/Runtime/AudioCapture/Binaries/Win64/UnrealEditor.modules" 675
"../../../Engine/Plugins/Runtime/CableComponent/Binaries/Win64/UnrealEditor.modules" 676
"../../../Engine/Plugins/Runtime/ChunkDownloader/Binaries/Win64/UnrealEditor.modules" 677
"../../../Engine/Plugins/Runtime/CustomMeshComponent/Binaries/Win64/UnrealEditor.modules" 678
"../../../Engine/Plugins/Runtime/ExampleDeviceProfileSelector/Binaries/Win64/UnrealEditor.modules" 679
"../../../Engine/Plugins/Runtime/GooglePAD/Binaries/Win64/UnrealEditor.modules" 680
"../../../Engine/Plugins/Runtime/InputDebugging/Binaries/Win64/UnrealEditor.modules" 681
"../../../Engine/Plugins/Runtime/LocationServicesBPLibrary/Binaries/Win64/UnrealEditor.modules" 682
"../../../Engine/Plugins/Runtime/Metasound/Binaries/Win64/UnrealEditor.modules" 683
"../../../Engine/Plugins/Runtime/AudioWidgets/Binaries/Win64/UnrealEditor.modules" 684
"../../../Engine/Plugins/Runtime/AudioSynesthesia/Binaries/Win64/UnrealEditor.modules" 685
"../../../Engine/Plugins/Runtime/WaveTable/Binaries/Win64/UnrealEditor.modules" 686
"../../../Engine/Plugins/Runtime/MobilePatchingUtils/Binaries/Win64/UnrealEditor.modules" 687
"../../../Engine/Plugins/Runtime/ProceduralMeshComponent/Binaries/Win64/UnrealEditor.modules" 688
"../../../Engine/Plugins/Runtime/PropertyAccess/Binaries/Win64/UnrealEditor.modules" 689
"../../../Engine/Plugins/Runtime/ResonanceAudio/Binaries/Win64/UnrealEditor.modules" 690
"../../../Engine/Plugins/Runtime/SoundFields/Binaries/Win64/UnrealEditor.modules" 691
"../../../Engine/Plugins/Animation/AnimationModifierLibrary/Binaries/Win64/UnrealEditor.modules" 692
"../../../Engine/Plugins/Runtime/Synthesis/Binaries/Win64/UnrealEditor.modules" 693
"../../../Engine/Plugins/Runtime/WebMMoviePlayer/Binaries/Win64/UnrealEditor.modules" 694
"../../../Engine/Plugins/Media/WebMMedia/Binaries/Win64/UnrealEditor.modules" 695
"../../../Engine/Plugins/Runtime/WindowsDeviceProfileSelector/Binaries/Win64/UnrealEditor.modules" 696
"../../../Engine/Plugins/Runtime/WindowsMoviePlayer/Binaries/Win64/UnrealEditor.modules" 697
"../../../Engine/Plugins/Animation/BlendSpaceMotionAnalysis/Binaries/Win64/UnrealEditor.modules" 698
"../../../Engine/Plugins/Animation/ControlRig/Binaries/Win64/UnrealEditor.modules" 699
"../../../Engine/Plugins/MovieScene/LevelSequenceEditor/Binaries/Win64/UnrealEditor.modules" 700
"../../../Engine/Plugins/MovieScene/SequencerScripting/Binaries/Win64/UnrealEditor.modules" 701
"../../../Engine/Plugins/Animation/ControlRigSpline/Binaries/Win64/UnrealEditor.modules" 702
"../../../Engine/Plugins/Editor/AssetManagerEditor/Binaries/Win64/UnrealEditor.modules" 703
"../../../Engine/Plugins/Animation/IKRig/Binaries/Win64/UnrealEditor.modules" 704
"../../../Engine/Plugins/Experimental/FullBodyIK/Binaries/Win64/UnrealEditor.modules" 705
"../../../Engine/Plugins/Editor/BlueprintHeaderView/Binaries/Win64/UnrealEditor.modules" 706
"../../../Engine/Plugins/Editor/CryptoKeys/Binaries/Win64/UnrealEditor.modules" 707
"../../../Engine/Plugins/Editor/CurveEditorTools/Binaries/Win64/UnrealEditor.modules" 708
"../../../Engine/Plugins/Editor/DataValidation/Binaries/Win64/UnrealEditor.modules" 709
"../../../Engine/Plugins/Editor/EditorDebugTools/Binaries/Win64/UnrealEditor.modules" 710
"../../../Engine/Plugins/Editor/FacialAnimation/Binaries/Win64/UnrealEditor.modules" 711
"../../../Engine/Plugins/Editor/GeometryMode/Binaries/Win64/UnrealEditor.modules" 712
"../../../Engine/Plugins/Editor/GameplayTagsEditor/Binaries/Win64/UnrealEditor.modules" 713
"../../../Engine/Plugins/MovieScene/ActorSequence/Binaries/Win64/UnrealEditor.modules" 714
"../../../Engine/Plugins/Cameras/CameraShakePreviewer/Binaries/Win64/UnrealEditor.modules" 715
"../../../Engine/Plugins/Cameras/GameplayCameras/Binaries/Win64/UnrealEditor.modules" 716
"../../../Engine/Plugins/MovieScene/TemplateSequence/Binaries/Win64/UnrealEditor.modules" 717
"../../../Engine/Plugins/Editor/MaterialAnalyzer/Binaries/Win64/UnrealEditor.modules" 718
"../../../Engine/Plugins/Editor/MobileLauncherProfileWizard/Binaries/Win64/UnrealEditor.modules" 719
"../../../Engine/Plugins/Editor/PluginBrowser/Binaries/Win64/UnrealEditor.modules" 720
"../../../Engine/Plugins/Developer/PluginUtils/Binaries/Win64/UnrealEditor.modules" 721
"../../../Engine/Plugins/Editor/SequencerAnimTools/Binaries/Win64/UnrealEditor.modules" 722
"../../../Engine/Plugins/Editor/SpeedTreeImporter/Binaries/Win64/UnrealEditor.modules" 723
"../../../Engine/Plugins/Editor/WorldPartitionHLODUtilities/Binaries/Win64/UnrealEditor.modules" 724
"../../../Engine/Plugins/Messaging/TcpMessaging/Binaries/Win64/UnrealEditor.modules" 725
"../../../Engine/Plugins/Messaging/UdpMessaging/Binaries/Win64/UnrealEditor.modules" 726
"../../../Engine/Plugins/Developer/AnimationSharing/Binaries/Win64/UnrealEditor.modules" 727
"../../../Engine/Plugins/Runtime/SignificanceManager/Binaries/Win64/UnrealEditor.modules" 728
"../../../Engine/Plugins/Developer/CLionSourceCodeAccess/Binaries/Win64/UnrealEditor.modules" 729
"../../../Engine/Plugins/Developer/GitSourceControl/Binaries/Win64/UnrealEditor.modules" 730
"../../../Engine/Plugins/Developer/DumpGPUServices/Binaries/Win64/UnrealEditor.modules" 731
"../../../Engine/Plugins/Developer/PerforceSourceControl/Binaries/Win64/UnrealEditor.modules" 732
"../../../Engine/Plugins/Developer/PixWinPlugin/Binaries/Win64/UnrealEditor.modules" 733
"../../../Engine/Plugins/Developer/PlasticSourceControl/Binaries/Win64/UnrealEditor.modules" 734
"../../../Engine/Plugins/Developer/PropertyAccessNode/Binaries/Win64/UnrealEditor.modules" 735
"../../../Engine/Plugins/Online/OnlineBase/Binaries/Win64/UnrealEditor.modules" 736
"../../../Engine/Plugins/Online/OnlineSubsystem/Binaries/Win64/UnrealEditor.modules" 737
"../../../Engine/Plugins/Developer/RiderSourceCodeAccess/Binaries/Win64/UnrealEditor.modules" 738
"../../../Engine/Plugins/Developer/SubversionSourceControl/Binaries/Win64/UnrealEditor.modules" 739
"../../../Engine/Plugins/Developer/TraceDataFiltering/Binaries/Win64/UnrealEditor.modules" 740
"../../../Engine/Plugins/Developer/TextureFormatOodle/Binaries/Win64/UnrealEditor.modules" 741
"../../../Engine/Plugins/Developer/UObjectPlugin/Binaries/Win64/UnrealEditor.modules" 742
"../../../Engine/Plugins/Developer/VisualStudioSourceCodeAccess/Binaries/Win64/UnrealEditor.modules" 743
"../../../Engine/Plugins/Developer/VisualStudioCodeSourceCodeAccess/Binaries/Win64/UnrealEditor.modules" 744
"../../../Engine/Plugins/Compression/OodleNetwork/Binaries/Win64/UnrealEditor.modules" 745
"../../../Engine/Plugins/Media/AndroidMedia/Binaries/Win64/UnrealEditor.modules" 746
"../../../Engine/Plugins/Media/AvfMedia/Binaries/Win64/UnrealEditor.modules" 747
"../../../Engine/Plugins/Online/OnlineSubsystemNull/Binaries/Win64/UnrealEditor.modules" 748
"../../../Engine/Plugins/Online/OnlineSubsystemUtils/Binaries/Win64/UnrealEditor.modules" 749
"../../../Engine/Plugins/Online/OnlineServices/Binaries/Win64/UnrealEditor.modules" 750
"../../../Engine/Plugins/Media/ImgMedia/Binaries/Win64/UnrealEditor.modules" 751
"../../../Engine/Plugins/Media/MediaCompositing/Binaries/Win64/UnrealEditor.modules" 752
"../../../Engine/Plugins/Media/MediaPlayerEditor/Binaries/Win64/UnrealEditor.modules" 753
"../../../Engine/Plugins/2D/Paper2D/Binaries/Win64/UnrealEditor.modules" 754
"../../../Engine/Plugins/Media/MediaPlate/Binaries/Win64/UnrealEditor.modules" 755
"../../../Engine/Plugins/Media/WmfMedia/Binaries/Win64/UnrealEditor.modules" 756
"../../../Engine/Plugins/Experimental/AutomationUtils/Binaries/Win64/UnrealEditor.modules" 757
"../../../Engine/Plugins/Experimental/BackChannel/Binaries/Win64/UnrealEditor.modules" 758
"../../../Engine/Plugins/Experimental/ChaosCloth/Binaries/Win64/UnrealEditor.modules" 759
"../../../Engine/Plugins/Experimental/ChaosCaching/Binaries/Win64/UnrealEditor.modules" 760
"../../../Engine/Plugins/VirtualProduction/Takes/Binaries/Win64/UnrealEditor.modules" 761
"../../../Engine/Plugins/Experimental/ChaosClothEditor/Binaries/Win64/UnrealEditor.modules" 762
"../../../Engine/Plugins/Experimental/ChaosNiagara/Binaries/Win64/UnrealEditor.modules" 763
"../../../Engine/Plugins/Experimental/ChaosSolverPlugin/Binaries/Win64/UnrealEditor.modules" 764
"../../../Engine/Plugins/Experimental/ChaosEditor/Binaries/Win64/UnrealEditor.modules" 765
"../../../Engine/Plugins/Experimental/PlanarCutPlugin/Binaries/Win64/UnrealEditor.modules" 766
"../../../Engine/Plugins/Experimental/GeometryCollectionPlugin/Binaries/Win64/UnrealEditor.modules" 767
"../../../Engine/Plugins/Experimental/Dataflow/Binaries/Win64/UnrealEditor.modules" 768
"../../../Engine/Plugins/Experimental/ChaosUserDataPT/Binaries/Win64/UnrealEditor.modules" 769
"../../../Engine/Plugins/Experimental/CharacterAI/Binaries/Win64/UnrealEditor.modules" 770
"../../../Engine/Plugins/Experimental/Iris/Binaries/Win64/UnrealEditor.modules" 771
"../../../Engine/Plugins/Experimental/OpenImageDenoise/Binaries/Win64/UnrealEditor.modules" 772
"../../../Engine/Plugins/Experimental/PlatformCrypto/Binaries/Win64/UnrealEditor.modules" 773
"../../../Engine/Plugins/Experimental/SkeletalReduction/Binaries/Win64/UnrealEditor.modules" 774
"../../../Engine/Plugins/Experimental/UVEditor/Binaries/Win64/UnrealEditor.modules" 775
"../../../Engine/Plugins/Portal/LauncherChunkInstaller/Binaries/Win64/UnrealEditor.modules" 776
"../../../Engine/Plugins/Editor/ObjectMixer/ObjectMixer/Binaries/Win64/UnrealEditor.modules" 777
"../../../Engine/Plugins/Editor/ObjectMixer/LightMixer/Binaries/Win64/UnrealEditor.modules" 778
"../../../Engine/Plugins/Editor/ContentBrowser/ContentBrowserClassDataSource/Binaries/Win64/UnrealEditor.modules" 779
"../../../Engine/Plugins/Editor/ContentBrowser/ContentBrowserAssetDataSource/Binaries/Win64/UnrealEditor.modules" 780
"../../../Engine/Content/Certificates/ThirdParty/cacert.pem" 781
"../../../Engine/Config/ConsoleVariables.ini" 782
"../../../Engine/Binaries/Win64/Android/UnrealEditor.modules" 783
"../../../Engine/Binaries/Win64/IOS/UnrealEditor.modules" 784
"../../../Engine/Binaries/Win64/Linux/UnrealEditor.modules" 785
"../../../Engine/Binaries/Win64/LinuxArm64/UnrealEditor.modules" 786
"D:\Epic\UE_5.1\Engine\Binaries\ThirdParty\ShaderConductor\Win64\dxcompiler.dll" 787
"D:\Epic\UE_5.1\Engine\Binaries\ThirdParty\ShaderConductor\Win64\dxil.dll" 788
"D:\Epic\UE_5.1\Engine\Binaries\ThirdParty\ShaderConductor\Win64\ShaderConductor.dll" 789
"../../../Engine/Content/Localization/Editor/en/Editor.locres" 790
"../../../Engine/Content/Localization/EditorTutorials/en/EditorTutorials.locres" 791
"../../../Engine/Content/Localization/Keywords/en/Keywords.locres" 792
"../../../Engine/Content/Localization/Category/en/Category.locres" 793
"../../../Engine/Content/Localization/ToolTips/en/ToolTips.locres" 794
"../../../Engine/Content/Localization/PropertyNames/en/PropertyNames.locres" 795
"../../../Engine/Content/Localization/Engine/en/Engine.locres" 796
"../../../Engine/Plugins/Online/OnlineSubsystem/Content/Localization/OnlineSubsystem/en/OnlineSubsystem.locres" 797
"../../../Engine/Plugins/Online/OnlineSubsystemUtils/Content/Localization/OnlineSubsystemUtils/en/OnlineSubsystemUtils.locres" 798
"../../../Engine/Plugins/Online/Android/OnlineSubsystemGooglePlay/Content/Localization/OnlineSubsystemGooglePlay/en/OnlineSubsystemGooglePlay.locres" 799
"../../../Engine/Plugins/Online/IOS/OnlineSubsystemIOS/Content/Localization/OnlineSubsystemIOS/en/OnlineSubsystemIOS.locres" 800
"../../../Engine/Content/Internationalization/icudt64l/en_AI.res" 801
"../../../Engine/Content/Internationalization/icudt64l/en_001.res" 802
"../../../Engine/Content/Internationalization/icudt64l/numberingSystems.res" 803
"../../../Engine/Content/Internationalization/icudt64l/curr/supplementalData.res" 804
"../../../Engine/Content/Internationalization/icudt64l/curr/en_AI.res" 805
"../../../Engine/Content/Internationalization/icudt64l/curr/pool.res" 806
"../../../Engine/Content/Internationalization/icudt64l/curr/en_001.res" 807
"../../../Engine/Content/Internationalization/icudt64l/curr/en.res" 808
"../../../Engine/Content/Internationalization/icudt64l/curr/root.res" 809
"../../../Engine/Content/Internationalization/icudt64l/lang/af.res" 810
"../../../Engine/Content/Internationalization/icudt64l/region/af.res" 811
"../../../Engine/Content/Internationalization/icudt64l/lang/agq.res" 812
"../../../Engine/Content/Internationalization/icudt64l/region/agq.res" 813
"../../../Engine/Content/Internationalization/icudt64l/lang/ak.res" 814
"../../../Engine/Content/Internationalization/icudt64l/region/ak.res" 815
"../../../Engine/Content/Internationalization/icudt64l/lang/am.res" 816
"../../../Engine/Content/Internationalization/icudt64l/region/am.res" 817
"../../../Engine/Content/Internationalization/icudt64l/lang/ar.res" 818
"../../../Engine/Content/Internationalization/icudt64l/region/ar.res" 819
"../../../Engine/Content/Internationalization/icudt64l/region/ar_AE.res" 820
"../../../Engine/Content/Internationalization/icudt64l/lang/ar_EG.res" 821
"../../../Engine/Content/Internationalization/icudt64l/lang/ar_LY.res" 822
"../../../Engine/Content/Internationalization/icudt64l/region/ar_LY.res" 823
"../../../Engine/Content/Internationalization/icudt64l/lang/ar_SA.res" 824
"../../../Engine/Content/Internationalization/icudt64l/region/ar_SA.res" 825
"../../../Engine/Content/Internationalization/icudt64l/lang/as.res" 826
"../../../Engine/Content/Internationalization/icudt64l/region/as.res" 827
"../../../Engine/Content/Internationalization/icudt64l/lang/asa.res" 828
"../../../Engine/Content/Internationalization/icudt64l/region/asa.res" 829
"../../../Engine/Content/Internationalization/icudt64l/lang/ast.res" 830
"../../../Engine/Content/Internationalization/icudt64l/region/ast.res" 831
"../../../Engine/Content/Internationalization/icudt64l/lang/az.res" 832
"../../../Engine/Content/Internationalization/icudt64l/lang/az_Cyrl.res" 833
"../../../Engine/Content/Internationalization/icudt64l/lang/az_AZ.res" 834
"../../../Engine/Content/Internationalization/icudt64l/lang/az_Latn_AZ.res" 835
"../../../Engine/Content/Internationalization/icudt64l/lang/az_Latn.res" 836
"../../../Engine/Content/Internationalization/icudt64l/region/az_AZ.res" 837
"../../../Engine/Content/Internationalization/icudt64l/region/az_Latn_AZ.res" 838
"../../../Engine/Content/Internationalization/icudt64l/region/az_Latn.res" 839
"../../../Engine/Content/Internationalization/icudt64l/region/az.res" 840
"../../../Engine/Content/Internationalization/icudt64l/region/az_Cyrl.res" 841
"../../../Engine/Content/Internationalization/icudt64l/lang/bas.res" 842
"../../../Engine/Content/Internationalization/icudt64l/region/bas.res" 843
"../../../Engine/Content/Internationalization/icudt64l/lang/be.res" 844
"../../../Engine/Content/Internationalization/icudt64l/region/be.res" 845
"../../../Engine/Content/Internationalization/icudt64l/lang/bem.res" 846
"../../../Engine/Content/Internationalization/icudt64l/region/bem.res" 847
"../../../Engine/Content/Internationalization/icudt64l/lang/bez.res" 848
"../../../Engine/Content/Internationalization/icudt64l/region/bez.res" 849
"../../../Engine/Content/Internationalization/icudt64l/lang/bg.res" 850
"../../../Engine/Content/Internationalization/icudt64l/region/bg.res" 851
"../../../Engine/Content/Internationalization/icudt64l/lang/bm.res" 852
"../../../Engine/Content/Internationalization/icudt64l/region/bm.res" 853
"../../../Engine/Content/Internationalization/icudt64l/lang/bn.res" 854
"../../../Engine/Content/Internationalization/icudt64l/region/bn.res" 855
"../../../Engine/Content/Internationalization/icudt64l/lang/bn_IN.res" 856
"../../../Engine/Content/Internationalization/icudt64l/region/bn_IN.res" 857
"../../../Engine/Content/Internationalization/icudt64l/lang/bo.res" 858
"../../../Engine/Content/Internationalization/icudt64l/region/bo.res" 859
"../../../Engine/Content/Internationalization/icudt64l/region/bo_IN.res" 860
"../../../Engine/Content/Internationalization/icudt64l/lang/br.res" 861
"../../../Engine/Content/Internationalization/icudt64l/region/br.res" 862
"../../../Engine/Content/Internationalization/icudt64l/lang/brx.res" 863
"../../../Engine/Content/Internationalization/icudt64l/region/brx.res" 864
"../../../Engine/Content/Internationalization/icudt64l/lang/bs.res" 865
"../../../Engine/Content/Internationalization/icudt64l/lang/bs_Cyrl.res" 866
"../../../Engine/Content/Internationalization/icudt64l/lang/bs_BA.res" 867
"../../../Engine/Content/Internationalization/icudt64l/lang/bs_Latn_BA.res" 868
"../../../Engine/Content/Internationalization/icudt64l/lang/bs_Latn.res" 869
"../../../Engine/Content/Internationalization/icudt64l/region/bs_BA.res" 870
"../../../Engine/Content/Internationalization/icudt64l/region/bs_Latn_BA.res" 871
"../../../Engine/Content/Internationalization/icudt64l/region/bs_Latn.res" 872
"../../../Engine/Content/Internationalization/icudt64l/region/bs.res" 873
"../../../Engine/Content/Internationalization/icudt64l/region/bs_Cyrl.res" 874
"../../../Engine/Content/Internationalization/icudt64l/lang/ca.res" 875
"../../../Engine/Content/Internationalization/icudt64l/region/ca.res" 876
"../../../Engine/Content/Internationalization/icudt64l/lang/ccp.res" 877
"../../../Engine/Content/Internationalization/icudt64l/region/ccp.res" 878
"../../../Engine/Content/Internationalization/icudt64l/lang/ce.res" 879
"../../../Engine/Content/Internationalization/icudt64l/region/ce.res" 880
"../../../Engine/Content/Internationalization/icudt64l/lang/ceb.res" 881
"../../../Engine/Content/Internationalization/icudt64l/region/ceb.res" 882
"../../../Engine/Content/Internationalization/icudt64l/lang/cgg.res" 883
"../../../Engine/Content/Internationalization/icudt64l/region/cgg.res" 884
"../../../Engine/Content/Internationalization/icudt64l/lang/chr.res" 885
"../../../Engine/Content/Internationalization/icudt64l/region/chr.res" 886
"../../../Engine/Content/Internationalization/icudt64l/lang/ckb.res" 887
"../../../Engine/Content/Internationalization/icudt64l/region/ckb.res" 888
"../../../Engine/Content/Internationalization/icudt64l/lang/cs.res" 889
"../../../Engine/Content/Internationalization/icudt64l/region/cs.res" 890
"../../../Engine/Content/Internationalization/icudt64l/lang/cy.res" 891
"../../../Engine/Content/Internationalization/icudt64l/region/cy.res" 892
"../../../Engine/Content/Internationalization/icudt64l/lang/da.res" 893
"../../../Engine/Content/Internationalization/icudt64l/region/da.res" 894
"../../../Engine/Content/Internationalization/icudt64l/lang/dav.res" 895
"../../../Engine/Content/Internationalization/icudt64l/region/dav.res" 896
"../../../Engine/Content/Internationalization/icudt64l/lang/de.res" 897
"../../../Engine/Content/Internationalization/icudt64l/lang/de_AT.res" 898
"../../../Engine/Content/Internationalization/icudt64l/region/de_AT.res" 899
"../../../Engine/Content/Internationalization/icudt64l/region/de.res" 900
"../../../Engine/Content/Internationalization/icudt64l/lang/de_CH.res" 901
"../../../Engine/Content/Internationalization/icudt64l/region/de_CH.res" 902
"../../../Engine/Content/Internationalization/icudt64l/lang/de_LU.res" 903
"../../../Engine/Content/Internationalization/icudt64l/lang/dje.res" 904
"../../../Engine/Content/Internationalization/icudt64l/region/dje.res" 905
"../../../Engine/Content/Internationalization/icudt64l/lang/dsb.res" 906
"../../../Engine/Content/Internationalization/icudt64l/region/dsb.res" 907
"../../../Engine/Content/Internationalization/icudt64l/lang/dua.res" 908
"../../../Engine/Content/Internationalization/icudt64l/region/dua.res" 909
"../../../Engine/Content/Internationalization/icudt64l/lang/dyo.res" 910
"../../../Engine/Content/Internationalization/icudt64l/region/dyo.res" 911
"../../../Engine/Content/Internationalization/icudt64l/lang/dz.res" 912
"../../../Engine/Content/Internationalization/icudt64l/region/dz.res" 913
"../../../Engine/Content/Internationalization/icudt64l/lang/ebu.res" 914
"../../../Engine/Content/Internationalization/icudt64l/region/ebu.res" 915
"../../../Engine/Content/Internationalization/icudt64l/lang/ee.res" 916
"../../../Engine/Content/Internationalization/icudt64l/region/ee.res" 917
"../../../Engine/Content/Internationalization/icudt64l/lang/el.res" 918
"../../../Engine/Content/Internationalization/icudt64l/region/el.res" 919
"../../../Engine/Content/Internationalization/icudt64l/lang/en_150.res" 920
"../../../Engine/Content/Internationalization/icudt64l/region/en_150.res" 921
"../../../Engine/Content/Internationalization/icudt64l/lang/en_AG.res" 922
"../../../Engine/Content/Internationalization/icudt64l/region/en_AG.res" 923
"../../../Engine/Content/Internationalization/icudt64l/lang/en_AT.res" 924
"../../../Engine/Content/Internationalization/icudt64l/region/en_AT.res" 925
"../../../Engine/Content/Internationalization/icudt64l/lang/en_AU.res" 926
"../../../Engine/Content/Internationalization/icudt64l/region/en_AU.res" 927
"../../../Engine/Content/Internationalization/icudt64l/lang/en_BB.res" 928
"../../../Engine/Content/Internationalization/icudt64l/region/en_BB.res" 929
"../../../Engine/Content/Internationalization/icudt64l/lang/en_BE.res" 930
"../../../Engine/Content/Internationalization/icudt64l/region/en_BE.res" 931
"../../../Engine/Content/Internationalization/icudt64l/lang/en_BM.res" 932
"../../../Engine/Content/Internationalization/icudt64l/region/en_BM.res" 933
"../../../Engine/Content/Internationalization/icudt64l/lang/en_BS.res" 934
"../../../Engine/Content/Internationalization/icudt64l/region/en_BS.res" 935
"../../../Engine/Content/Internationalization/icudt64l/lang/en_BW.res" 936
"../../../Engine/Content/Internationalization/icudt64l/region/en_BW.res" 937
"../../../Engine/Content/Internationalization/icudt64l/lang/en_BZ.res" 938
"../../../Engine/Content/Internationalization/icudt64l/region/en_BZ.res" 939
"../../../Engine/Content/Internationalization/icudt64l/lang/en_CA.res" 940
"../../../Engine/Content/Internationalization/icudt64l/region/en_CA.res" 941
"../../../Engine/Content/Internationalization/icudt64l/lang/en_CC.res" 942
"../../../Engine/Content/Internationalization/icudt64l/region/en_CC.res" 943
"../../../Engine/Content/Internationalization/icudt64l/lang/en_CH.res" 944
"../../../Engine/Content/Internationalization/icudt64l/region/en_CH.res" 945
"../../../Engine/Content/Internationalization/icudt64l/lang/en_CK.res" 946
"../../../Engine/Content/Internationalization/icudt64l/region/en_CK.res" 947
"../../../Engine/Content/Internationalization/icudt64l/lang/en_CM.res" 948
"../../../Engine/Content/Internationalization/icudt64l/region/en_CM.res" 949
"../../../Engine/Content/Internationalization/icudt64l/lang/en_CX.res" 950
"../../../Engine/Content/Internationalization/icudt64l/region/en_CX.res" 951
"../../../Engine/Content/Internationalization/icudt64l/lang/en_CY.res" 952
"../../../Engine/Content/Internationalization/icudt64l/region/en_CY.res" 953
"../../../Engine/Content/Internationalization/icudt64l/lang/en_DE.res" 954
"../../../Engine/Content/Internationalization/icudt64l/region/en_DE.res" 955
"../../../Engine/Content/Internationalization/icudt64l/lang/en_DG.res" 956
"../../../Engine/Content/Internationalization/icudt64l/region/en_DG.res" 957
"../../../Engine/Content/Internationalization/icudt64l/lang/en_DK.res" 958
"../../../Engine/Content/Internationalization/icudt64l/region/en_DK.res" 959
"../../../Engine/Content/Internationalization/icudt64l/lang/en_DM.res" 960
"../../../Engine/Content/Internationalization/icudt64l/region/en_DM.res" 961
"../../../Engine/Content/Internationalization/icudt64l/lang/en_ER.res" 962
"../../../Engine/Content/Internationalization/icudt64l/region/en_ER.res" 963
"../../../Engine/Content/Internationalization/icudt64l/lang/en_FI.res" 964
"../../../Engine/Content/Internationalization/icudt64l/region/en_FI.res" 965
"../../../Engine/Content/Internationalization/icudt64l/lang/en_FJ.res" 966
"../../../Engine/Content/Internationalization/icudt64l/region/en_FJ.res" 967
"../../../Engine/Content/Internationalization/icudt64l/lang/en_FK.res" 968
"../../../Engine/Content/Internationalization/icudt64l/region/en_FK.res" 969
"../../../Engine/Content/Internationalization/icudt64l/lang/en_FM.res" 970
"../../../Engine/Content/Internationalization/icudt64l/region/en_FM.res" 971
"../../../Engine/Content/Internationalization/icudt64l/lang/en_GB.res" 972
"../../../Engine/Content/Internationalization/icudt64l/region/en_GB.res" 973
"../../../Engine/Content/Internationalization/icudt64l/lang/en_GD.res" 974
"../../../Engine/Content/Internationalization/icudt64l/region/en_GD.res" 975
"../../../Engine/Content/Internationalization/icudt64l/lang/en_GG.res" 976
"../../../Engine/Content/Internationalization/icudt64l/region/en_GG.res" 977
"../../../Engine/Content/Internationalization/icudt64l/lang/en_GH.res" 978
"../../../Engine/Content/Internationalization/icudt64l/region/en_GH.res" 979
"../../../Engine/Content/Internationalization/icudt64l/lang/en_GI.res" 980
"../../../Engine/Content/Internationalization/icudt64l/region/en_GI.res" 981
"../../../Engine/Content/Internationalization/icudt64l/lang/en_GM.res" 982
"../../../Engine/Content/Internationalization/icudt64l/region/en_GM.res" 983
"../../../Engine/Content/Internationalization/icudt64l/lang/en_GY.res" 984
"../../../Engine/Content/Internationalization/icudt64l/region/en_GY.res" 985
"../../../Engine/Content/Internationalization/icudt64l/lang/en_HK.res" 986
"../../../Engine/Content/Internationalization/icudt64l/region/en_HK.res" 987
"../../../Engine/Content/Internationalization/icudt64l/lang/en_IE.res" 988
"../../../Engine/Content/Internationalization/icudt64l/region/en_IE.res" 989
"../../../Engine/Content/Internationalization/icudt64l/lang/en_IL.res" 990
"../../../Engine/Content/Internationalization/icudt64l/region/en_IL.res" 991
"../../../Engine/Content/Internationalization/icudt64l/lang/en_IM.res" 992
"../../../Engine/Content/Internationalization/icudt64l/region/en_IM.res" 993
"../../../Engine/Content/Internationalization/icudt64l/lang/en_IN.res" 994
"../../../Engine/Content/Internationalization/icudt64l/region/en_IN.res" 995
"../../../Engine/Content/Internationalization/icudt64l/lang/en_IO.res" 996
"../../../Engine/Content/Internationalization/icudt64l/region/en_IO.res" 997
"../../../Engine/Content/Internationalization/icudt64l/lang/en_JE.res" 998
"../../../Engine/Content/Internationalization/icudt64l/region/en_JE.res" 999
"../../../Engine/Content/Internationalization/icudt64l/lang/en_JM.res" 1000
"../../../Engine/Content/Internationalization/icudt64l/region/en_JM.res" 1001
"../../../Engine/Content/Internationalization/icudt64l/lang/en_KE.res" 1002
"../../../Engine/Content/Internationalization/icudt64l/region/en_KE.res" 1003
"../../../Engine/Content/Internationalization/icudt64l/lang/en_KI.res" 1004
"../../../Engine/Content/Internationalization/icudt64l/region/en_KI.res" 1005
"../../../Engine/Content/Internationalization/icudt64l/lang/en_KN.res" 1006
"../../../Engine/Content/Internationalization/icudt64l/region/en_KN.res" 1007
"../../../Engine/Content/Internationalization/icudt64l/lang/en_KY.res" 1008
"../../../Engine/Content/Internationalization/icudt64l/region/en_KY.res" 1009
"../../../Engine/Content/Internationalization/icudt64l/lang/en_LC.res" 1010
"../../../Engine/Content/Internationalization/icudt64l/region/en_LC.res" 1011
"../../../Engine/Content/Internationalization/icudt64l/lang/en_LR.res" 1012
"../../../Engine/Content/Internationalization/icudt64l/region/en_LR.res" 1013
"../../../Engine/Content/Internationalization/icudt64l/lang/en_LS.res" 1014
"../../../Engine/Content/Internationalization/icudt64l/region/en_LS.res" 1015
"../../../Engine/Content/Internationalization/icudt64l/lang/en_MG.res" 1016
"../../../Engine/Content/Internationalization/icudt64l/region/en_MG.res" 1017
"../../../Engine/Content/Internationalization/icudt64l/lang/en_MO.res" 1018
"../../../Engine/Content/Internationalization/icudt64l/region/en_MO.res" 1019
"../../../Engine/Content/Internationalization/icudt64l/lang/en_MS.res" 1020
"../../../Engine/Content/Internationalization/icudt64l/region/en_MS.res" 1021
"../../../Engine/Content/Internationalization/icudt64l/lang/en_MT.res" 1022
"../../../Engine/Content/Internationalization/icudt64l/region/en_MT.res" 1023
"../../../Engine/Content/Internationalization/icudt64l/lang/en_MU.res" 1024
"../../../Engine/Content/Internationalization/icudt64l/region/en_MU.res" 1025
"../../../Engine/Content/Internationalization/icudt64l/lang/en_MW.res" 1026
"../../../Engine/Content/Internationalization/icudt64l/region/en_MW.res" 1027
"../../../Engine/Content/Internationalization/icudt64l/lang/en_MY.res" 1028
"../../../Engine/Content/Internationalization/icudt64l/region/en_MY.res" 1029
"../../../Engine/Content/Internationalization/icudt64l/lang/en_NA.res" 1030
"../../../Engine/Content/Internationalization/icudt64l/region/en_NA.res" 1031
"../../../Engine/Content/Internationalization/icudt64l/lang/en_NF.res" 1032
"../../../Engine/Content/Internationalization/icudt64l/region/en_NF.res" 1033
"../../../Engine/Content/Internationalization/icudt64l/lang/en_NG.res" 1034
"../../../Engine/Content/Internationalization/icudt64l/region/en_NG.res" 1035
"../../../Engine/Content/Internationalization/icudt64l/lang/en_NL.res" 1036
"../../../Engine/Content/Internationalization/icudt64l/region/en_NL.res" 1037
"../../../Engine/Content/Internationalization/icudt64l/lang/en_NR.res" 1038
"../../../Engine/Content/Internationalization/icudt64l/region/en_NR.res" 1039
"../../../Engine/Content/Internationalization/icudt64l/lang/en_NU.res" 1040
"../../../Engine/Content/Internationalization/icudt64l/region/en_NU.res" 1041
"../../../Engine/Content/Internationalization/icudt64l/lang/en_NZ.res" 1042
"../../../Engine/Content/Internationalization/icudt64l/region/en_NZ.res" 1043
"../../../Engine/Content/Internationalization/icudt64l/lang/en_PG.res" 1044
"../../../Engine/Content/Internationalization/icudt64l/region/en_PG.res" 1045
"../../../Engine/Content/Internationalization/icudt64l/lang/en_PH.res" 1046
"../../../Engine/Content/Internationalization/icudt64l/region/en_PH.res" 1047
"../../../Engine/Content/Internationalization/icudt64l/lang/en_PK.res" 1048
"../../../Engine/Content/Internationalization/icudt64l/region/en_PK.res" 1049
"../../../Engine/Content/Internationalization/icudt64l/lang/en_PN.res" 1050
"../../../Engine/Content/Internationalization/icudt64l/region/en_PN.res" 1051
"../../../Engine/Content/Internationalization/icudt64l/lang/en_PW.res" 1052
"../../../Engine/Content/Internationalization/icudt64l/region/en_PW.res" 1053
"../../../Engine/Content/Internationalization/icudt64l/lang/en_RW.res" 1054
"../../../Engine/Content/Internationalization/icudt64l/region/en_RW.res" 1055
"../../../Engine/Content/Internationalization/icudt64l/lang/en_SB.res" 1056
"../../../Engine/Content/Internationalization/icudt64l/region/en_SB.res" 1057
"../../../Engine/Content/Internationalization/icudt64l/lang/en_SC.res" 1058
"../../../Engine/Content/Internationalization/icudt64l/region/en_SC.res" 1059
"../../../Engine/Content/Internationalization/icudt64l/lang/en_SD.res" 1060
"../../../Engine/Content/Internationalization/icudt64l/region/en_SD.res" 1061
"../../../Engine/Content/Internationalization/icudt64l/lang/en_SE.res" 1062
"../../../Engine/Content/Internationalization/icudt64l/region/en_SE.res" 1063
"../../../Engine/Content/Internationalization/icudt64l/lang/en_SG.res" 1064
"../../../Engine/Content/Internationalization/icudt64l/region/en_SG.res" 1065
"../../../Engine/Content/Internationalization/icudt64l/lang/en_SH.res" 1066
"../../../Engine/Content/Internationalization/icudt64l/region/en_SH.res" 1067
"../../../Engine/Content/Internationalization/icudt64l/lang/en_SI.res" 1068
"../../../Engine/Content/Internationalization/icudt64l/region/en_SI.res" 1069
"../../../Engine/Content/Internationalization/icudt64l/lang/en_SL.res" 1070
"../../../Engine/Content/Internationalization/icudt64l/region/en_SL.res" 1071
"../../../Engine/Content/Internationalization/icudt64l/lang/en_SS.res" 1072
"../../../Engine/Content/Internationalization/icudt64l/region/en_SS.res" 1073
"../../../Engine/Content/Internationalization/icudt64l/lang/en_SX.res" 1074
"../../../Engine/Content/Internationalization/icudt64l/region/en_SX.res" 1075
"../../../Engine/Content/Internationalization/icudt64l/lang/en_SZ.res" 1076
"../../../Engine/Content/Internationalization/icudt64l/region/en_SZ.res" 1077
"../../../Engine/Content/Internationalization/icudt64l/lang/en_TC.res" 1078
"../../../Engine/Content/Internationalization/icudt64l/region/en_TC.res" 1079
"../../../Engine/Content/Internationalization/icudt64l/lang/en_TK.res" 1080
"../../../Engine/Content/Internationalization/icudt64l/region/en_TK.res" 1081
"../../../Engine/Content/Internationalization/icudt64l/lang/en_TO.res" 1082
"../../../Engine/Content/Internationalization/icudt64l/region/en_TO.res" 1083
"../../../Engine/Content/Internationalization/icudt64l/lang/en_TT.res" 1084
"../../../Engine/Content/Internationalization/icudt64l/region/en_TT.res" 1085
"../../../Engine/Content/Internationalization/icudt64l/lang/en_TV.res" 1086
"../../../Engine/Content/Internationalization/icudt64l/region/en_TV.res" 1087
"../../../Engine/Content/Internationalization/icudt64l/lang/en_TZ.res" 1088
"../../../Engine/Content/Internationalization/icudt64l/region/en_TZ.res" 1089
"../../../Engine/Content/Internationalization/icudt64l/lang/en_UG.res" 1090
"../../../Engine/Content/Internationalization/icudt64l/region/en_UG.res" 1091
"../../../Engine/Content/Internationalization/icudt64l/lang/en_VC.res" 1092
"../../../Engine/Content/Internationalization/icudt64l/region/en_VC.res" 1093
"../../../Engine/Content/Internationalization/icudt64l/lang/en_VG.res" 1094
"../../../Engine/Content/Internationalization/icudt64l/region/en_VG.res" 1095
"../../../Engine/Content/Internationalization/icudt64l/lang/en_VU.res" 1096
"../../../Engine/Content/Internationalization/icudt64l/region/en_VU.res" 1097
"../../../Engine/Content/Internationalization/icudt64l/lang/en_WS.res" 1098
"../../../Engine/Content/Internationalization/icudt64l/region/en_WS.res" 1099
"../../../Engine/Content/Internationalization/icudt64l/lang/en_ZA.res" 1100
"../../../Engine/Content/Internationalization/icudt64l/region/en_ZA.res" 1101
"../../../Engine/Content/Internationalization/icudt64l/lang/en_ZM.res" 1102
"../../../Engine/Content/Internationalization/icudt64l/region/en_ZM.res" 1103
"../../../Engine/Content/Internationalization/icudt64l/lang/en_ZW.res" 1104
"../../../Engine/Content/Internationalization/icudt64l/region/en_ZW.res" 1105
"../../../Engine/Content/Internationalization/icudt64l/lang/eo.res" 1106
"../../../Engine/Content/Internationalization/icudt64l/region/eo.res" 1107
"../../../Engine/Content/Internationalization/icudt64l/lang/es.res" 1108
"../../../Engine/Content/Internationalization/icudt64l/lang/es_419.res" 1109
"../../../Engine/Content/Internationalization/icudt64l/region/es_419.res" 1110
"../../../Engine/Content/Internationalization/icudt64l/region/es.res" 1111
"../../../Engine/Content/Internationalization/icudt64l/lang/es_AR.res" 1112
"../../../Engine/Content/Internationalization/icudt64l/region/es_AR.res" 1113
"../../../Engine/Content/Internationalization/icudt64l/lang/es_BO.res" 1114
"../../../Engine/Content/Internationalization/icudt64l/region/es_BO.res" 1115
"../../../Engine/Content/Internationalization/icudt64l/lang/es_BR.res" 1116
"../../../Engine/Content/Internationalization/icudt64l/region/es_BR.res" 1117
"../../../Engine/Content/Internationalization/icudt64l/lang/es_BZ.res" 1118
"../../../Engine/Content/Internationalization/icudt64l/region/es_BZ.res" 1119
"../../../Engine/Content/Internationalization/icudt64l/lang/es_CL.res" 1120
"../../../Engine/Content/Internationalization/icudt64l/region/es_CL.res" 1121
"../../../Engine/Content/Internationalization/icudt64l/lang/es_CO.res" 1122
"../../../Engine/Content/Internationalization/icudt64l/region/es_CO.res" 1123
"../../../Engine/Content/Internationalization/icudt64l/lang/es_CR.res" 1124
"../../../Engine/Content/Internationalization/icudt64l/region/es_CR.res" 1125
"../../../Engine/Content/Internationalization/icudt64l/lang/es_CU.res" 1126
"../../../Engine/Content/Internationalization/icudt64l/region/es_CU.res" 1127
"../../../Engine/Content/Internationalization/icudt64l/lang/es_DO.res" 1128
"../../../Engine/Content/Internationalization/icudt64l/region/es_DO.res" 1129
"../../../Engine/Content/Internationalization/icudt64l/lang/es_EC.res" 1130
"../../../Engine/Content/Internationalization/icudt64l/region/es_EC.res" 1131
"../../../Engine/Content/Internationalization/icudt64l/lang/es_GT.res" 1132
"../../../Engine/Content/Internationalization/icudt64l/region/es_GT.res" 1133
"../../../Engine/Content/Internationalization/icudt64l/lang/es_HN.res" 1134
"../../../Engine/Content/Internationalization/icudt64l/region/es_HN.res" 1135
"../../../Engine/Content/Internationalization/icudt64l/lang/es_MX.res" 1136
"../../../Engine/Content/Internationalization/icudt64l/region/es_MX.res" 1137
"../../../Engine/Content/Internationalization/icudt64l/lang/es_NI.res" 1138
"../../../Engine/Content/Internationalization/icudt64l/region/es_NI.res" 1139
"../../../Engine/Content/Internationalization/icudt64l/lang/es_PA.res" 1140
"../../../Engine/Content/Internationalization/icudt64l/region/es_PA.res" 1141
"../../../Engine/Content/Internationalization/icudt64l/lang/es_PE.res" 1142
"../../../Engine/Content/Internationalization/icudt64l/region/es_PE.res" 1143
"../../../Engine/Content/Internationalization/icudt64l/lang/es_PR.res" 1144
"../../../Engine/Content/Internationalization/icudt64l/region/es_PR.res" 1145
"../../../Engine/Content/Internationalization/icudt64l/lang/es_PY.res" 1146
"../../../Engine/Content/Internationalization/icudt64l/region/es_PY.res" 1147
"../../../Engine/Content/Internationalization/icudt64l/lang/es_SV.res" 1148
"../../../Engine/Content/Internationalization/icudt64l/region/es_SV.res" 1149
"../../../Engine/Content/Internationalization/icudt64l/lang/es_US.res" 1150
"../../../Engine/Content/Internationalization/icudt64l/region/es_US.res" 1151
"../../../Engine/Content/Internationalization/icudt64l/lang/es_UY.res" 1152
"../../../Engine/Content/Internationalization/icudt64l/region/es_UY.res" 1153
"../../../Engine/Content/Internationalization/icudt64l/lang/es_VE.res" 1154
"../../../Engine/Content/Internationalization/icudt64l/region/es_VE.res" 1155
"../../../Engine/Content/Internationalization/icudt64l/lang/et.res" 1156
"../../../Engine/Content/Internationalization/icudt64l/region/et.res" 1157
"../../../Engine/Content/Internationalization/icudt64l/lang/eu.res" 1158
"../../../Engine/Content/Internationalization/icudt64l/region/eu.res" 1159
"../../../Engine/Content/Internationalization/icudt64l/lang/ewo.res" 1160
"../../../Engine/Content/Internationalization/icudt64l/region/ewo.res" 1161
"../../../Engine/Content/Internationalization/icudt64l/lang/fa.res" 1162
"../../../Engine/Content/Internationalization/icudt64l/lang/fa_AF.res" 1163
"../../../Engine/Content/Internationalization/icudt64l/region/fa_AF.res" 1164
"../../../Engine/Content/Internationalization/icudt64l/region/fa.res" 1165
"../../../Engine/Content/Internationalization/icudt64l/lang/ff.res" 1166
"../../../Engine/Content/Internationalization/icudt64l/lang/ff_Latn.res" 1167
"../../../Engine/Content/Internationalization/icudt64l/region/ff.res" 1168
"../../../Engine/Content/Internationalization/icudt64l/region/ff_Latn.res" 1169
"../../../Engine/Content/Internationalization/icudt64l/lang/ff_CM.res" 1170
"../../../Engine/Content/Internationalization/icudt64l/lang/ff_Latn_CM.res" 1171
"../../../Engine/Content/Internationalization/icudt64l/region/ff_CM.res" 1172
"../../../Engine/Content/Internationalization/icudt64l/region/ff_Latn_CM.res" 1173
"../../../Engine/Content/Internationalization/icudt64l/lang/ff_GN.res" 1174
"../../../Engine/Content/Internationalization/icudt64l/lang/ff_Latn_GN.res" 1175
"../../../Engine/Content/Internationalization/icudt64l/region/ff_GN.res" 1176
"../../../Engine/Content/Internationalization/icudt64l/region/ff_Latn_GN.res" 1177
"../../../Engine/Content/Internationalization/icudt64l/lang/ff_MR.res" 1178
"../../../Engine/Content/Internationalization/icudt64l/lang/ff_Latn_MR.res" 1179
"../../../Engine/Content/Internationalization/icudt64l/region/ff_MR.res" 1180
"../../../Engine/Content/Internationalization/icudt64l/region/ff_Latn_MR.res" 1181
"../../../Engine/Content/Internationalization/icudt64l/lang/ff_SN.res" 1182
"../../../Engine/Content/Internationalization/icudt64l/lang/ff_Latn_SN.res" 1183
"../../../Engine/Content/Internationalization/icudt64l/region/ff_SN.res" 1184
"../../../Engine/Content/Internationalization/icudt64l/region/ff_Latn_SN.res" 1185
"../../../Engine/Content/Internationalization/icudt64l/lang/fi.res" 1186
"../../../Engine/Content/Internationalization/icudt64l/region/fi.res" 1187
"../../../Engine/Content/Internationalization/icudt64l/lang/fil.res" 1188
"../../../Engine/Content/Internationalization/icudt64l/lang/fil_PH.res" 1189
"../../../Engine/Content/Internationalization/icudt64l/region/fil_PH.res" 1190
"../../../Engine/Content/Internationalization/icudt64l/region/fil.res" 1191
"../../../Engine/Content/Internationalization/icudt64l/lang/fo.res" 1192
"../../../Engine/Content/Internationalization/icudt64l/region/fo.res" 1193
"../../../Engine/Content/Internationalization/icudt64l/lang/fr.res" 1194
"../../../Engine/Content/Internationalization/icudt64l/lang/fr_BE.res" 1195
"../../../Engine/Content/Internationalization/icudt64l/region/fr_BE.res" 1196
"../../../Engine/Content/Internationalization/icudt64l/region/fr.res" 1197
"../../../Engine/Content/Internationalization/icudt64l/lang/fr_CA.res" 1198
"../../../Engine/Content/Internationalization/icudt64l/region/fr_CA.res" 1199
"../../../Engine/Content/Internationalization/icudt64l/lang/fr_CH.res" 1200
"../../../Engine/Content/Internationalization/icudt64l/lang/fur.res" 1201
"../../../Engine/Content/Internationalization/icudt64l/region/fur.res" 1202
"../../../Engine/Content/Internationalization/icudt64l/lang/fy.res" 1203
"../../../Engine/Content/Internationalization/icudt64l/region/fy.res" 1204
"../../../Engine/Content/Internationalization/icudt64l/lang/ga.res" 1205
"../../../Engine/Content/Internationalization/icudt64l/region/ga.res" 1206
"../../../Engine/Content/Internationalization/icudt64l/lang/gd.res" 1207
"../../../Engine/Content/Internationalization/icudt64l/region/gd.res" 1208
"../../../Engine/Content/Internationalization/icudt64l/lang/gl.res" 1209
"../../../Engine/Content/Internationalization/icudt64l/region/gl.res" 1210
"../../../Engine/Content/Internationalization/icudt64l/lang/gsw.res" 1211
"../../../Engine/Content/Internationalization/icudt64l/region/gsw.res" 1212
"../../../Engine/Content/Internationalization/icudt64l/lang/gu.res" 1213
"../../../Engine/Content/Internationalization/icudt64l/region/gu.res" 1214
"../../../Engine/Content/Internationalization/icudt64l/lang/guz.res" 1215
"../../../Engine/Content/Internationalization/icudt64l/region/guz.res" 1216
"../../../Engine/Content/Internationalization/icudt64l/lang/gv.res" 1217
"../../../Engine/Content/Internationalization/icudt64l/region/gv.res" 1218
"../../../Engine/Content/Internationalization/icudt64l/lang/ha.res" 1219
"../../../Engine/Content/Internationalization/icudt64l/region/ha.res" 1220
"../../../Engine/Content/Internationalization/icudt64l/lang/ha_NE.res" 1221
"../../../Engine/Content/Internationalization/icudt64l/region/ha_NE.res" 1222
"../../../Engine/Content/Internationalization/icudt64l/lang/haw.res" 1223
"../../../Engine/Content/Internationalization/icudt64l/region/haw.res" 1224
"../../../Engine/Content/Internationalization/icudt64l/lang/he.res" 1225
"../../../Engine/Content/Internationalization/icudt64l/lang/he_IL.res" 1226
"../../../Engine/Content/Internationalization/icudt64l/region/he_IL.res" 1227
"../../../Engine/Content/Internationalization/icudt64l/region/he.res" 1228
"../../../Engine/Content/Internationalization/icudt64l/lang/hi.res" 1229
"../../../Engine/Content/Internationalization/icudt64l/region/hi.res" 1230
"../../../Engine/Content/Internationalization/icudt64l/lang/hr.res" 1231
"../../../Engine/Content/Internationalization/icudt64l/region/hr.res" 1232
"../../../Engine/Content/Internationalization/icudt64l/lang/hsb.res" 1233
"../../../Engine/Content/Internationalization/icudt64l/region/hsb.res" 1234
"../../../Engine/Content/Internationalization/icudt64l/lang/hu.res" 1235
"../../../Engine/Content/Internationalization/icudt64l/region/hu.res" 1236
"../../../Engine/Content/Internationalization/icudt64l/lang/hy.res" 1237
"../../../Engine/Content/Internationalization/icudt64l/region/hy.res" 1238
"../../../Engine/Content/Internationalization/icudt64l/lang/ia.res" 1239
"../../../Engine/Content/Internationalization/icudt64l/region/ia.res" 1240
"../../../Engine/Content/Internationalization/icudt64l/lang/id.res" 1241
"../../../Engine/Content/Internationalization/icudt64l/lang/id_ID.res" 1242
"../../../Engine/Content/Internationalization/icudt64l/region/id_ID.res" 1243
"../../../Engine/Content/Internationalization/icudt64l/region/id.res" 1244
"../../../Engine/Content/Internationalization/icudt64l/lang/ig.res" 1245
"../../../Engine/Content/Internationalization/icudt64l/region/ig.res" 1246
"../../../Engine/Content/Internationalization/icudt64l/lang/ii.res" 1247
"../../../Engine/Content/Internationalization/icudt64l/region/ii.res" 1248
"../../../Engine/Content/Internationalization/icudt64l/lang/is.res" 1249
"../../../Engine/Content/Internationalization/icudt64l/region/is.res" 1250
"../../../Engine/Content/Internationalization/icudt64l/lang/it.res" 1251
"../../../Engine/Content/Internationalization/icudt64l/region/it.res" 1252
"../../../Engine/Content/Internationalization/icudt64l/lang/ja.res" 1253
"../../../Engine/Content/Internationalization/icudt64l/lang/ja_JP.res" 1254
"../../../Engine/Content/Internationalization/icudt64l/region/ja_JP.res" 1255
"../../../Engine/Content/Internationalization/icudt64l/region/ja.res" 1256
"../../../Engine/Content/Internationalization/icudt64l/lang/jgo.res" 1257
"../../../Engine/Content/Internationalization/icudt64l/region/jgo.res" 1258
"../../../Engine/Content/Internationalization/icudt64l/lang/jmc.res" 1259
"../../../Engine/Content/Internationalization/icudt64l/region/jmc.res" 1260
"../../../Engine/Content/Internationalization/icudt64l/lang/jv.res" 1261
"../../../Engine/Content/Internationalization/icudt64l/region/jv.res" 1262
"../../../Engine/Content/Internationalization/icudt64l/lang/ka.res" 1263
"../../../Engine/Content/Internationalization/icudt64l/region/ka.res" 1264
"../../../Engine/Content/Internationalization/icudt64l/lang/kab.res" 1265
"../../../Engine/Content/Internationalization/icudt64l/region/kab.res" 1266
"../../../Engine/Content/Internationalization/icudt64l/lang/kam.res" 1267
"../../../Engine/Content/Internationalization/icudt64l/region/kam.res" 1268
"../../../Engine/Content/Internationalization/icudt64l/lang/kde.res" 1269
"../../../Engine/Content/Internationalization/icudt64l/region/kde.res" 1270
"../../../Engine/Content/Internationalization/icudt64l/lang/kea.res" 1271
"../../../Engine/Content/Internationalization/icudt64l/region/kea.res" 1272
"../../../Engine/Content/Internationalization/icudt64l/lang/khq.res" 1273
"../../../Engine/Content/Internationalization/icudt64l/region/khq.res" 1274
"../../../Engine/Content/Internationalization/icudt64l/lang/ki.res" 1275
"../../../Engine/Content/Internationalization/icudt64l/region/ki.res" 1276
"../../../Engine/Content/Internationalization/icudt64l/lang/kk.res" 1277
"../../../Engine/Content/Internationalization/icudt64l/region/kk.res" 1278
"../../../Engine/Content/Internationalization/icudt64l/lang/kkj.res" 1279
"../../../Engine/Content/Internationalization/icudt64l/region/kkj.res" 1280
"../../../Engine/Content/Internationalization/icudt64l/lang/kl.res" 1281
"../../../Engine/Content/Internationalization/icudt64l/region/kl.res" 1282
"../../../Engine/Content/Internationalization/icudt64l/lang/kln.res" 1283
"../../../Engine/Content/Internationalization/icudt64l/region/kln.res" 1284
"../../../Engine/Content/Internationalization/icudt64l/lang/km.res" 1285
"../../../Engine/Content/Internationalization/icudt64l/region/km.res" 1286
"../../../Engine/Content/Internationalization/icudt64l/lang/kn.res" 1287
"../../../Engine/Content/Internationalization/icudt64l/region/kn.res" 1288
"../../../Engine/Content/Internationalization/icudt64l/lang/ko.res" 1289
"../../../Engine/Content/Internationalization/icudt64l/region/ko_KP.res" 1290
"../../../Engine/Content/Internationalization/icudt64l/region/ko.res" 1291
"../../../Engine/Content/Internationalization/icudt64l/lang/kok.res" 1292
"../../../Engine/Content/Internationalization/icudt64l/region/kok.res" 1293
"../../../Engine/Content/Internationalization/icudt64l/lang/ks.res" 1294
"../../../Engine/Content/Internationalization/icudt64l/region/ks.res" 1295
"../../../Engine/Content/Internationalization/icudt64l/lang/ksb.res" 1296
"../../../Engine/Content/Internationalization/icudt64l/region/ksb.res" 1297
"../../../Engine/Content/Internationalization/icudt64l/lang/ksf.res" 1298
"../../../Engine/Content/Internationalization/icudt64l/region/ksf.res" 1299
"../../../Engine/Content/Internationalization/icudt64l/lang/ksh.res" 1300
"../../../Engine/Content/Internationalization/icudt64l/region/ksh.res" 1301
"../../../Engine/Content/Internationalization/icudt64l/lang/ku.res" 1302
"../../../Engine/Content/Internationalization/icudt64l/region/ku.res" 1303
"../../../Engine/Content/Internationalization/icudt64l/lang/kw.res" 1304
"../../../Engine/Content/Internationalization/icudt64l/region/kw.res" 1305
"../../../Engine/Content/Internationalization/icudt64l/lang/ky.res" 1306
"../../../Engine/Content/Internationalization/icudt64l/region/ky.res" 1307
"../../../Engine/Content/Internationalization/icudt64l/lang/lag.res" 1308
"../../../Engine/Content/Internationalization/icudt64l/region/lag.res" 1309
"../../../Engine/Content/Internationalization/icudt64l/lang/lb.res" 1310
"../../../Engine/Content/Internationalization/icudt64l/region/lb.res" 1311
"../../../Engine/Content/Internationalization/icudt64l/lang/lg.res" 1312
"../../../Engine/Content/Internationalization/icudt64l/region/lg.res" 1313
"../../../Engine/Content/Internationalization/icudt64l/lang/lkt.res" 1314
"../../../Engine/Content/Internationalization/icudt64l/region/lkt.res" 1315
"../../../Engine/Content/Internationalization/icudt64l/lang/ln.res" 1316
"../../../Engine/Content/Internationalization/icudt64l/region/ln.res" 1317
"../../../Engine/Content/Internationalization/icudt64l/lang/lo.res" 1318
"../../../Engine/Content/Internationalization/icudt64l/region/lo.res" 1319
"../../../Engine/Content/Internationalization/icudt64l/lang/lrc.res" 1320
"../../../Engine/Content/Internationalization/icudt64l/region/lrc.res" 1321
"../../../Engine/Content/Internationalization/icudt64l/lang/lt.res" 1322
"../../../Engine/Content/Internationalization/icudt64l/region/lt.res" 1323
"../../../Engine/Content/Internationalization/icudt64l/lang/lu.res" 1324
"../../../Engine/Content/Internationalization/icudt64l/region/lu.res" 1325
"../../../Engine/Content/Internationalization/icudt64l/lang/luo.res" 1326
"../../../Engine/Content/Internationalization/icudt64l/region/luo.res" 1327
"../../../Engine/Content/Internationalization/icudt64l/lang/luy.res" 1328
"../../../Engine/Content/Internationalization/icudt64l/region/luy.res" 1329
"../../../Engine/Content/Internationalization/icudt64l/lang/lv.res" 1330
"../../../Engine/Content/Internationalization/icudt64l/region/lv.res" 1331
"../../../Engine/Content/Internationalization/icudt64l/lang/mas.res" 1332
"../../../Engine/Content/Internationalization/icudt64l/region/mas.res" 1333
"../../../Engine/Content/Internationalization/icudt64l/lang/mer.res" 1334
"../../../Engine/Content/Internationalization/icudt64l/region/mer.res" 1335
"../../../Engine/Content/Internationalization/icudt64l/lang/mfe.res" 1336
"../../../Engine/Content/Internationalization/icudt64l/region/mfe.res" 1337
"../../../Engine/Content/Internationalization/icudt64l/lang/mg.res" 1338
"../../../Engine/Content/Internationalization/icudt64l/region/mg.res" 1339
"../../../Engine/Content/Internationalization/icudt64l/lang/mgh.res" 1340
"../../../Engine/Content/Internationalization/icudt64l/region/mgh.res" 1341
"../../../Engine/Content/Internationalization/icudt64l/lang/mgo.res" 1342
"../../../Engine/Content/Internationalization/icudt64l/region/mgo.res" 1343
"../../../Engine/Content/Internationalization/icudt64l/lang/mi.res" 1344
"../../../Engine/Content/Internationalization/icudt64l/region/mi.res" 1345
"../../../Engine/Content/Internationalization/icudt64l/lang/mk.res" 1346
"../../../Engine/Content/Internationalization/icudt64l/region/mk.res" 1347
"../../../Engine/Content/Internationalization/icudt64l/lang/ml.res" 1348
"../../../Engine/Content/Internationalization/icudt64l/region/ml.res" 1349
"../../../Engine/Content/Internationalization/icudt64l/lang/mn.res" 1350
"../../../Engine/Content/Internationalization/icudt64l/region/mn.res" 1351
"../../../Engine/Content/Internationalization/icudt64l/lang/mr.res" 1352
"../../../Engine/Content/Internationalization/icudt64l/region/mr.res" 1353
"../../../Engine/Content/Internationalization/icudt64l/lang/ms.res" 1354
"../../../Engine/Content/Internationalization/icudt64l/region/ms.res" 1355
"../../../Engine/Content/Internationalization/icudt64l/lang/mt.res" 1356
"../../../Engine/Content/Internationalization/icudt64l/region/mt.res" 1357
"../../../Engine/Content/Internationalization/icudt64l/lang/mua.res" 1358
"../../../Engine/Content/Internationalization/icudt64l/region/mua.res" 1359
"../../../Engine/Content/Internationalization/icudt64l/lang/my.res" 1360
"../../../Engine/Content/Internationalization/icudt64l/region/my.res" 1361
"../../../Engine/Content/Internationalization/icudt64l/lang/mzn.res" 1362
"../../../Engine/Content/Internationalization/icudt64l/region/mzn.res" 1363
"../../../Engine/Content/Internationalization/icudt64l/lang/naq.res" 1364
"../../../Engine/Content/Internationalization/icudt64l/region/naq.res" 1365
"../../../Engine/Content/Internationalization/icudt64l/lang/nb.res" 1366
"../../../Engine/Content/Internationalization/icudt64l/lang/nb_NO.res" 1367
"../../../Engine/Content/Internationalization/icudt64l/region/nb_NO.res" 1368
"../../../Engine/Content/Internationalization/icudt64l/region/nb.res" 1369
"../../../Engine/Content/Internationalization/icudt64l/lang/nd.res" 1370
"../../../Engine/Content/Internationalization/icudt64l/region/nd.res" 1371
"../../../Engine/Content/Internationalization/icudt64l/lang/nds.res" 1372
"../../../Engine/Content/Internationalization/icudt64l/region/nds.res" 1373
"../../../Engine/Content/Internationalization/icudt64l/lang/ne.res" 1374
"../../../Engine/Content/Internationalization/icudt64l/region/ne.res" 1375
"../../../Engine/Content/Internationalization/icudt64l/lang/nl.res" 1376
"../../../Engine/Content/Internationalization/icudt64l/region/nl.res" 1377
"../../../Engine/Content/Internationalization/icudt64l/lang/nmg.res" 1378
"../../../Engine/Content/Internationalization/icudt64l/region/nmg.res" 1379
"../../../Engine/Content/Internationalization/icudt64l/lang/nn.res" 1380
"../../../Engine/Content/Internationalization/icudt64l/lang/nn_NO.res" 1381
"../../../Engine/Content/Internationalization/icudt64l/region/nn_NO.res" 1382
"../../../Engine/Content/Internationalization/icudt64l/region/nn.res" 1383
"../../../Engine/Content/Internationalization/icudt64l/lang/nnh.res" 1384
"../../../Engine/Content/Internationalization/icudt64l/region/nnh.res" 1385
"../../../Engine/Content/Internationalization/icudt64l/lang/nus.res" 1386
"../../../Engine/Content/Internationalization/icudt64l/region/nus.res" 1387
"../../../Engine/Content/Internationalization/icudt64l/lang/nyn.res" 1388
"../../../Engine/Content/Internationalization/icudt64l/region/nyn.res" 1389
"../../../Engine/Content/Internationalization/icudt64l/lang/om.res" 1390
"../../../Engine/Content/Internationalization/icudt64l/region/om.res" 1391
"../../../Engine/Content/Internationalization/icudt64l/lang/or.res" 1392
"../../../Engine/Content/Internationalization/icudt64l/region/or.res" 1393
"../../../Engine/Content/Internationalization/icudt64l/lang/os.res" 1394
"../../../Engine/Content/Internationalization/icudt64l/region/os.res" 1395
"../../../Engine/Content/Internationalization/icudt64l/lang/pa.res" 1396
"../../../Engine/Content/Internationalization/icudt64l/lang/pa_Arab.res" 1397
"../../../Engine/Content/Internationalization/icudt64l/lang/pa_PK.res" 1398
"../../../Engine/Content/Internationalization/icudt64l/lang/pa_Arab_PK.res" 1399
"../../../Engine/Content/Internationalization/icudt64l/region/pa_PK.res" 1400
"../../../Engine/Content/Internationalization/icudt64l/region/pa_Arab_PK.res" 1401
"../../../Engine/Content/Internationalization/icudt64l/region/pa_Arab.res" 1402
"../../../Engine/Content/Internationalization/icudt64l/lang/pa_Guru.res" 1403
"../../../Engine/Content/Internationalization/icudt64l/lang/pa_IN.res" 1404
"../../../Engine/Content/Internationalization/icudt64l/lang/pa_Guru_IN.res" 1405
"../../../Engine/Content/Internationalization/icudt64l/region/pa_IN.res" 1406
"../../../Engine/Content/Internationalization/icudt64l/region/pa_Guru_IN.res" 1407
"../../../Engine/Content/Internationalization/icudt64l/region/pa_Guru.res" 1408
"../../../Engine/Content/Internationalization/icudt64l/region/pa.res" 1409
"../../../Engine/Content/Internationalization/icudt64l/lang/pl.res" 1410
"../../../Engine/Content/Internationalization/icudt64l/region/pl.res" 1411
"../../../Engine/Content/Internationalization/icudt64l/lang/ps.res" 1412
"../../../Engine/Content/Internationalization/icudt64l/region/ps.res" 1413
"../../../Engine/Content/Internationalization/icudt64l/lang/ps_PK.res" 1414
"../../../Engine/Content/Internationalization/icudt64l/region/ps_PK.res" 1415
"../../../Engine/Content/Internationalization/icudt64l/lang/pt.res" 1416
"../../../Engine/Content/Internationalization/icudt64l/lang/pt_AO.res" 1417
"../../../Engine/Content/Internationalization/icudt64l/lang/pt_PT.res" 1418
"../../../Engine/Content/Internationalization/icudt64l/region/pt_AO.res" 1419
"../../../Engine/Content/Internationalization/icudt64l/region/pt_PT.res" 1420
"../../../Engine/Content/Internationalization/icudt64l/region/pt.res" 1421
"../../../Engine/Content/Internationalization/icudt64l/lang/pt_CH.res" 1422
"../../../Engine/Content/Internationalization/icudt64l/region/pt_CH.res" 1423
"../../../Engine/Content/Internationalization/icudt64l/lang/pt_CV.res" 1424
"../../../Engine/Content/Internationalization/icudt64l/region/pt_CV.res" 1425
"../../../Engine/Content/Internationalization/icudt64l/lang/pt_GQ.res" 1426
"../../../Engine/Content/Internationalization/icudt64l/region/pt_GQ.res" 1427
"../../../Engine/Content/Internationalization/icudt64l/lang/pt_GW.res" 1428
"../../../Engine/Content/Internationalization/icudt64l/region/pt_GW.res" 1429
"../../../Engine/Content/Internationalization/icudt64l/lang/pt_LU.res" 1430
"../../../Engine/Content/Internationalization/icudt64l/region/pt_LU.res" 1431
"../../../Engine/Content/Internationalization/icudt64l/lang/pt_MO.res" 1432
"../../../Engine/Content/Internationalization/icudt64l/region/pt_MO.res" 1433
"../../../Engine/Content/Internationalization/icudt64l/lang/pt_MZ.res" 1434
"../../../Engine/Content/Internationalization/icudt64l/region/pt_MZ.res" 1435
"../../../Engine/Content/Internationalization/icudt64l/lang/pt_ST.res" 1436
"../../../Engine/Content/Internationalization/icudt64l/region/pt_ST.res" 1437
"../../../Engine/Content/Internationalization/icudt64l/lang/pt_TL.res" 1438
"../../../Engine/Content/Internationalization/icudt64l/region/pt_TL.res" 1439
"../../../Engine/Content/Internationalization/icudt64l/lang/qu.res" 1440
"../../../Engine/Content/Internationalization/icudt64l/region/qu.res" 1441
"../../../Engine/Content/Internationalization/icudt64l/lang/rm.res" 1442
"../../../Engine/Content/Internationalization/icudt64l/region/rm.res" 1443
"../../../Engine/Content/Internationalization/icudt64l/lang/rn.res" 1444
"../../../Engine/Content/Internationalization/icudt64l/region/rn.res" 1445
"../../../Engine/Content/Internationalization/icudt64l/lang/ro.res" 1446
"../../../Engine/Content/Internationalization/icudt64l/lang/ro_MD.res" 1447
"../../../Engine/Content/Internationalization/icudt64l/region/ro_MD.res" 1448
"../../../Engine/Content/Internationalization/icudt64l/region/ro.res" 1449
"../../../Engine/Content/Internationalization/icudt64l/lang/rof.res" 1450
"../../../Engine/Content/Internationalization/icudt64l/region/rof.res" 1451
"../../../Engine/Content/Internationalization/icudt64l/lang/ru.res" 1452
"../../../Engine/Content/Internationalization/icudt64l/region/ru.res" 1453
"../../../Engine/Content/Internationalization/icudt64l/region/ru_UA.res" 1454
"../../../Engine/Content/Internationalization/icudt64l/lang/rw.res" 1455
"../../../Engine/Content/Internationalization/icudt64l/region/rw.res" 1456
"../../../Engine/Content/Internationalization/icudt64l/lang/rwk.res" 1457
"../../../Engine/Content/Internationalization/icudt64l/region/rwk.res" 1458
"../../../Engine/Content/Internationalization/icudt64l/lang/sah.res" 1459
"../../../Engine/Content/Internationalization/icudt64l/region/sah.res" 1460
"../../../Engine/Content/Internationalization/icudt64l/lang/saq.res" 1461
"../../../Engine/Content/Internationalization/icudt64l/region/saq.res" 1462
"../../../Engine/Content/Internationalization/icudt64l/lang/sbp.res" 1463
"../../../Engine/Content/Internationalization/icudt64l/region/sbp.res" 1464
"../../../Engine/Content/Internationalization/icudt64l/lang/sd.res" 1465
"../../../Engine/Content/Internationalization/icudt64l/region/sd.res" 1466
"../../../Engine/Content/Internationalization/icudt64l/lang/se.res" 1467
"../../../Engine/Content/Internationalization/icudt64l/lang/se_FI.res" 1468
"../../../Engine/Content/Internationalization/icudt64l/region/se_FI.res" 1469
"../../../Engine/Content/Internationalization/icudt64l/region/se.res" 1470
"../../../Engine/Content/Internationalization/icudt64l/lang/seh.res" 1471
"../../../Engine/Content/Internationalization/icudt64l/region/seh.res" 1472
"../../../Engine/Content/Internationalization/icudt64l/lang/ses.res" 1473
"../../../Engine/Content/Internationalization/icudt64l/region/ses.res" 1474
"../../../Engine/Content/Internationalization/icudt64l/lang/sg.res" 1475
"../../../Engine/Content/Internationalization/icudt64l/region/sg.res" 1476
"../../../Engine/Content/Internationalization/icudt64l/lang/shi.res" 1477
"../../../Engine/Content/Internationalization/icudt64l/lang/shi_Latn.res" 1478
"../../../Engine/Content/Internationalization/icudt64l/lang/shi_MA.res" 1479
"../../../Engine/Content/Internationalization/icudt64l/lang/shi_Tfng_MA.res" 1480
"../../../Engine/Content/Internationalization/icudt64l/lang/shi_Tfng.res" 1481
"../../../Engine/Content/Internationalization/icudt64l/region/shi_MA.res" 1482
"../../../Engine/Content/Internationalization/icudt64l/region/shi_Tfng_MA.res" 1483
"../../../Engine/Content/Internationalization/icudt64l/region/shi_Tfng.res" 1484
"../../../Engine/Content/Internationalization/icudt64l/region/shi.res" 1485
"../../../Engine/Content/Internationalization/icudt64l/region/shi_Latn.res" 1486
"../../../Engine/Content/Internationalization/icudt64l/lang/si.res" 1487
"../../../Engine/Content/Internationalization/icudt64l/region/si.res" 1488
"../../../Engine/Content/Internationalization/icudt64l/lang/sk.res" 1489
"../../../Engine/Content/Internationalization/icudt64l/region/sk.res" 1490
"../../../Engine/Content/Internationalization/icudt64l/lang/sl.res" 1491
"../../../Engine/Content/Internationalization/icudt64l/region/sl.res" 1492
"../../../Engine/Content/Internationalization/icudt64l/lang/smn.res" 1493
"../../../Engine/Content/Internationalization/icudt64l/region/smn.res" 1494
"../../../Engine/Content/Internationalization/icudt64l/lang/sn.res" 1495
"../../../Engine/Content/Internationalization/icudt64l/region/sn.res" 1496
"../../../Engine/Content/Internationalization/icudt64l/lang/so.res" 1497
"../../../Engine/Content/Internationalization/icudt64l/region/so.res" 1498
"../../../Engine/Content/Internationalization/icudt64l/lang/sq.res" 1499
"../../../Engine/Content/Internationalization/icudt64l/region/sq.res" 1500
"../../../Engine/Content/Internationalization/icudt64l/lang/sr.res" 1501
"../../../Engine/Content/Internationalization/icudt64l/lang/sr_Cyrl.res" 1502
"../../../Engine/Content/Internationalization/icudt64l/lang/sr_BA.res" 1503
"../../../Engine/Content/Internationalization/icudt64l/lang/sr_Cyrl_BA.res" 1504
"../../../Engine/Content/Internationalization/icudt64l/region/sr_BA.res" 1505
"../../../Engine/Content/Internationalization/icudt64l/region/sr_Cyrl_BA.res" 1506
"../../../Engine/Content/Internationalization/icudt64l/region/sr_Cyrl.res" 1507
"../../../Engine/Content/Internationalization/icudt64l/region/sr.res" 1508
"../../../Engine/Content/Internationalization/icudt64l/lang/sr_ME.res" 1509
"../../../Engine/Content/Internationalization/icudt64l/lang/sr_Latn_ME.res" 1510
"../../../Engine/Content/Internationalization/icudt64l/lang/sr_Latn.res" 1511
"../../../Engine/Content/Internationalization/icudt64l/region/sr_ME.res" 1512
"../../../Engine/Content/Internationalization/icudt64l/region/sr_Latn_ME.res" 1513
"../../../Engine/Content/Internationalization/icudt64l/region/sr_Latn.res" 1514
"../../../Engine/Content/Internationalization/icudt64l/lang/sr_Cyrl_ME.res" 1515
"../../../Engine/Content/Internationalization/icudt64l/region/sr_Cyrl_ME.res" 1516
"../../../Engine/Content/Internationalization/icudt64l/lang/sr_RS.res" 1517
"../../../Engine/Content/Internationalization/icudt64l/lang/sr_Cyrl_RS.res" 1518
"../../../Engine/Content/Internationalization/icudt64l/region/sr_RS.res" 1519
"../../../Engine/Content/Internationalization/icudt64l/region/sr_Cyrl_RS.res" 1520
"../../../Engine/Content/Internationalization/icudt64l/lang/sr_XK.res" 1521
"../../../Engine/Content/Internationalization/icudt64l/lang/sr_Cyrl_XK.res" 1522
"../../../Engine/Content/Internationalization/icudt64l/region/sr_XK.res" 1523
"../../../Engine/Content/Internationalization/icudt64l/region/sr_Cyrl_XK.res" 1524
"../../../Engine/Content/Internationalization/icudt64l/lang/sr_Latn_BA.res" 1525
"../../../Engine/Content/Internationalization/icudt64l/region/sr_Latn_BA.res" 1526
"../../../Engine/Content/Internationalization/icudt64l/lang/sr_Latn_RS.res" 1527
"../../../Engine/Content/Internationalization/icudt64l/region/sr_Latn_RS.res" 1528
"../../../Engine/Content/Internationalization/icudt64l/lang/sr_Latn_XK.res" 1529
"../../../Engine/Content/Internationalization/icudt64l/region/sr_Latn_XK.res" 1530
"../../../Engine/Content/Internationalization/icudt64l/lang/sv.res" 1531
"../../../Engine/Content/Internationalization/icudt64l/region/sv.res" 1532
"../../../Engine/Content/Internationalization/icudt64l/lang/sv_FI.res" 1533
"../../../Engine/Content/Internationalization/icudt64l/lang/sw.res" 1534
"../../../Engine/Content/Internationalization/icudt64l/lang/sw_CD.res" 1535
"../../../Engine/Content/Internationalization/icudt64l/region/sw_CD.res" 1536
"../../../Engine/Content/Internationalization/icudt64l/region/sw.res" 1537
"../../../Engine/Content/Internationalization/icudt64l/lang/sw_KE.res" 1538
"../../../Engine/Content/Internationalization/icudt64l/region/sw_KE.res" 1539
"../../../Engine/Content/Internationalization/icudt64l/lang/ta.res" 1540
"../../../Engine/Content/Internationalization/icudt64l/region/ta.res" 1541
"../../../Engine/Content/Internationalization/icudt64l/lang/te.res" 1542
"../../../Engine/Content/Internationalization/icudt64l/region/te.res" 1543
"../../../Engine/Content/Internationalization/icudt64l/lang/teo.res" 1544
"../../../Engine/Content/Internationalization/icudt64l/region/teo.res" 1545
"../../../Engine/Content/Internationalization/icudt64l/lang/tg.res" 1546
"../../../Engine/Content/Internationalization/icudt64l/region/tg.res" 1547
"../../../Engine/Content/Internationalization/icudt64l/lang/th.res" 1548
"../../../Engine/Content/Internationalization/icudt64l/lang/th_TH.res" 1549
"../../../Engine/Content/Internationalization/icudt64l/region/th_TH.res" 1550
"../../../Engine/Content/Internationalization/icudt64l/region/th.res" 1551
"../../../Engine/Content/Internationalization/icudt64l/lang/ti.res" 1552
"../../../Engine/Content/Internationalization/icudt64l/region/ti.res" 1553
"../../../Engine/Content/Internationalization/icudt64l/lang/tk.res" 1554
"../../../Engine/Content/Internationalization/icudt64l/region/tk.res" 1555
"../../../Engine/Content/Internationalization/icudt64l/lang/to.res" 1556
"../../../Engine/Content/Internationalization/icudt64l/region/to.res" 1557
"../../../Engine/Content/Internationalization/icudt64l/lang/tr.res" 1558
"../../../Engine/Content/Internationalization/icudt64l/region/tr.res" 1559
"../../../Engine/Content/Internationalization/icudt64l/lang/tt.res" 1560
"../../../Engine/Content/Internationalization/icudt64l/region/tt.res" 1561
"../../../Engine/Content/Internationalization/icudt64l/lang/twq.res" 1562
"../../../Engine/Content/Internationalization/icudt64l/region/twq.res" 1563
"../../../Engine/Content/Internationalization/icudt64l/lang/tzm.res" 1564
"../../../Engine/Content/Internationalization/icudt64l/region/tzm.res" 1565
"../../../Engine/Content/Internationalization/icudt64l/lang/ug.res" 1566
"../../../Engine/Content/Internationalization/icudt64l/region/ug.res" 1567
"../../../Engine/Content/Internationalization/icudt64l/lang/uk.res" 1568
"../../../Engine/Content/Internationalization/icudt64l/region/uk.res" 1569
"../../../Engine/Content/Internationalization/icudt64l/lang/ur.res" 1570
"../../../Engine/Content/Internationalization/icudt64l/lang/ur_IN.res" 1571
"../../../Engine/Content/Internationalization/icudt64l/region/ur_IN.res" 1572
"../../../Engine/Content/Internationalization/icudt64l/region/ur.res" 1573
"../../../Engine/Content/Internationalization/icudt64l/lang/uz.res" 1574
"../../../Engine/Content/Internationalization/icudt64l/lang/uz_Arab.res" 1575
"../../../Engine/Content/Internationalization/icudt64l/lang/uz_AF.res" 1576
"../../../Engine/Content/Internationalization/icudt64l/lang/uz_Arab_AF.res" 1577
"../../../Engine/Content/Internationalization/icudt64l/region/uz_AF.res" 1578
"../../../Engine/Content/Internationalization/icudt64l/region/uz_Arab_AF.res" 1579
"../../../Engine/Content/Internationalization/icudt64l/region/uz_Arab.res" 1580
"../../../Engine/Content/Internationalization/icudt64l/lang/uz_Cyrl.res" 1581
"../../../Engine/Content/Internationalization/icudt64l/lang/uz_UZ.res" 1582
"../../../Engine/Content/Internationalization/icudt64l/lang/uz_Latn_UZ.res" 1583
"../../../Engine/Content/Internationalization/icudt64l/lang/uz_Latn.res" 1584
"../../../Engine/Content/Internationalization/icudt64l/region/uz_UZ.res" 1585
"../../../Engine/Content/Internationalization/icudt64l/region/uz_Latn_UZ.res" 1586
"../../../Engine/Content/Internationalization/icudt64l/region/uz_Latn.res" 1587
"../../../Engine/Content/Internationalization/icudt64l/region/uz.res" 1588
"../../../Engine/Content/Internationalization/icudt64l/region/uz_Cyrl.res" 1589
"../../../Engine/Content/Internationalization/icudt64l/lang/vai.res" 1590
"../../../Engine/Content/Internationalization/icudt64l/lang/vai_Latn.res" 1591
"../../../Engine/Content/Internationalization/icudt64l/lang/vai_LR.res" 1592
"../../../Engine/Content/Internationalization/icudt64l/lang/vai_Vaii_LR.res" 1593
"../../../Engine/Content/Internationalization/icudt64l/lang/vai_Vaii.res" 1594
"../../../Engine/Content/Internationalization/icudt64l/region/vai_LR.res" 1595
"../../../Engine/Content/Internationalization/icudt64l/region/vai_Vaii_LR.res" 1596
"../../../Engine/Content/Internationalization/icudt64l/region/vai_Vaii.res" 1597
"../../../Engine/Content/Internationalization/icudt64l/region/vai.res" 1598
"../../../Engine/Content/Internationalization/icudt64l/region/vai_Latn.res" 1599
"../../../Engine/Content/Internationalization/icudt64l/lang/vi.res" 1600
"../../../Engine/Content/Internationalization/icudt64l/region/vi.res" 1601
"../../../Engine/Content/Internationalization/icudt64l/lang/vun.res" 1602
"../../../Engine/Content/Internationalization/icudt64l/region/vun.res" 1603
"../../../Engine/Content/Internationalization/icudt64l/lang/wae.res" 1604
"../../../Engine/Content/Internationalization/icudt64l/region/wae.res" 1605
"../../../Engine/Content/Internationalization/icudt64l/lang/wo.res" 1606
"../../../Engine/Content/Internationalization/icudt64l/region/wo.res" 1607
"../../../Engine/Content/Internationalization/icudt64l/lang/xh.res" 1608
"../../../Engine/Content/Internationalization/icudt64l/region/xh.res" 1609
"../../../Engine/Content/Internationalization/icudt64l/lang/xog.res" 1610
"../../../Engine/Content/Internationalization/icudt64l/region/xog.res" 1611
"../../../Engine/Content/Internationalization/icudt64l/lang/yav.res" 1612
"../../../Engine/Content/Internationalization/icudt64l/region/yav.res" 1613
"../../../Engine/Content/Internationalization/icudt64l/lang/yi.res" 1614
"../../../Engine/Content/Internationalization/icudt64l/region/yi.res" 1615
"../../../Engine/Content/Internationalization/icudt64l/lang/yo.res" 1616
"../../../Engine/Content/Internationalization/icudt64l/lang/yo_BJ.res" 1617
"../../../Engine/Content/Internationalization/icudt64l/region/yo_BJ.res" 1618
"../../../Engine/Content/Internationalization/icudt64l/region/yo.res" 1619
"../../../Engine/Content/Internationalization/icudt64l/lang/yue.res" 1620
"../../../Engine/Content/Internationalization/icudt64l/lang/yue_Hans.res" 1621
"../../../Engine/Content/Internationalization/icudt64l/lang/yue_CN.res" 1622
"../../../Engine/Content/Internationalization/icudt64l/lang/yue_Hans_CN.res" 1623
"../../../Engine/Content/Internationalization/icudt64l/region/yue_CN.res" 1624
"../../../Engine/Content/Internationalization/icudt64l/region/yue_Hans_CN.res" 1625
"../../../Engine/Content/Internationalization/icudt64l/region/yue_Hans.res" 1626
"../../../Engine/Content/Internationalization/icudt64l/lang/yue_Hant.res" 1627
"../../../Engine/Content/Internationalization/icudt64l/lang/yue_HK.res" 1628
"../../../Engine/Content/Internationalization/icudt64l/lang/yue_Hant_HK.res" 1629
"../../../Engine/Content/Internationalization/icudt64l/region/yue_HK.res" 1630
"../../../Engine/Content/Internationalization/icudt64l/region/yue_Hant_HK.res" 1631
"../../../Engine/Content/Internationalization/icudt64l/region/yue_Hant.res" 1632
"../../../Engine/Content/Internationalization/icudt64l/region/yue.res" 1633
"../../../Engine/Content/Internationalization/icudt64l/lang/zgh.res" 1634
"../../../Engine/Content/Internationalization/icudt64l/region/zgh.res" 1635
"../../../Engine/Content/Internationalization/icudt64l/lang/zh.res" 1636
"../../../Engine/Content/Internationalization/icudt64l/lang/zh_Hans.res" 1637
"../../../Engine/Content/Internationalization/icudt64l/lang/zh_CN.res" 1638
"../../../Engine/Content/Internationalization/icudt64l/lang/zh_Hans_CN.res" 1639
"../../../Engine/Content/Internationalization/icudt64l/region/zh_CN.res" 1640
"../../../Engine/Content/Internationalization/icudt64l/region/zh_Hans_CN.res" 1641
"../../../Engine/Content/Internationalization/icudt64l/region/zh_Hans.res" 1642
"../../../Engine/Content/Internationalization/icudt64l/region/zh.res" 1643
"../../../Engine/Content/Internationalization/icudt64l/lang/zh_HK.res" 1644
"../../../Engine/Content/Internationalization/icudt64l/lang/zh_Hant_HK.res" 1645
"../../../Engine/Content/Internationalization/icudt64l/lang/zh_Hant.res" 1646
"../../../Engine/Content/Internationalization/icudt64l/region/zh_HK.res" 1647
"../../../Engine/Content/Internationalization/icudt64l/region/zh_Hant_HK.res" 1648
"../../../Engine/Content/Internationalization/icudt64l/region/zh_Hant.res" 1649
"../../../Engine/Content/Internationalization/icudt64l/lang/zh_MO.res" 1650
"../../../Engine/Content/Internationalization/icudt64l/lang/zh_Hant_MO.res" 1651
"../../../Engine/Content/Internationalization/icudt64l/region/zh_MO.res" 1652
"../../../Engine/Content/Internationalization/icudt64l/region/zh_Hant_MO.res" 1653
"../../../Engine/Content/Internationalization/icudt64l/lang/zh_SG.res" 1654
"../../../Engine/Content/Internationalization/icudt64l/lang/zh_Hans_SG.res" 1655
"../../../Engine/Content/Internationalization/icudt64l/region/zh_SG.res" 1656
"../../../Engine/Content/Internationalization/icudt64l/region/zh_Hans_SG.res" 1657
"../../../Engine/Content/Internationalization/icudt64l/lang/zh_TW.res" 1658
"../../../Engine/Content/Internationalization/icudt64l/lang/zh_Hant_TW.res" 1659
"../../../Engine/Content/Internationalization/icudt64l/region/zh_TW.res" 1660
"../../../Engine/Content/Internationalization/icudt64l/region/zh_Hant_TW.res" 1661
"../../../Engine/Content/Internationalization/icudt64l/lang/zu.res" 1662
"../../../Engine/Content/Internationalization/icudt64l/region/zu.res" 1663
"../../../Engine/Content/Internationalization/icudt64l/lang/no.res" 1664
"../../../Engine/Content/Internationalization/icudt64l/lang/tl.res" 1665
"../../../Engine/Config/Android/DataDrivenPlatformInfo.ini" 1666
"../../../Engine/Config/HoloLens/DataDrivenPlatformInfo.ini" 1667
"../../../Engine/Config/IOS/DataDrivenPlatformInfo.ini" 1668
"../../../Engine/Config/Linux/DataDrivenPlatformInfo.ini" 1669
"../../../Engine/Config/LinuxArm64/DataDrivenPlatformInfo.ini" 1670
"../../../Engine/Config/Mac/DataDrivenPlatformInfo.ini" 1671
"../../../Engine/Config/TVOS/DataDrivenPlatformInfo.ini" 1672
"../../../Engine/Config/Unix/DataDrivenPlatformInfo.ini" 1673
"../../../Engine/Config/VulkanPC/DataDrivenPlatformInfo.ini" 1674
"../../../Engine/Config/Windows/DataDrivenPlatformInfo.ini" 1675
"../../../Engine/DerivedDataCache/Compressed.ddp" 1676
"C:/Users/rafal/AppData/Local/UnrealEngine/Common/DerivedDataCache/TestData/0/TestData_4kb.dat" 1677
"C:/Users/rafal/AppData/Local/UnrealEngine/Common/DerivedDataCache/TestData/1/TestData_4kb.dat" 1678
"C:/Users/rafal/AppData/Local/UnrealEngine/Common/DerivedDataCache/TestData/0/TestData_8kb.dat" 1679
"C:/Users/rafal/AppData/Local/UnrealEngine/Common/DerivedDataCache/TestData/1/TestData_8kb.dat" 1680
"C:/Users/rafal/AppData/Local/UnrealEngine/Common/DerivedDataCache/TestData/0/TestData_16kb.dat" 1681
"C:/Users/rafal/AppData/Local/UnrealEngine/Common/DerivedDataCache/TestData/1/TestData_16kb.dat" 1682
"C:/Users/rafal/AppData/Local/UnrealEngine/Common/DerivedDataCache/TestData/0/TestData_64kb.dat" 1683
"C:/Users/rafal/AppData/Local/UnrealEngine/Common/DerivedDataCache/TestData/1/TestData_64kb.dat" 1684
"C:/Users/rafal/AppData/Local/UnrealEngine/Common/DerivedDataCache/TestData/0/TestData_128kb.dat" 1685
"C:/Users/rafal/AppData/Local/UnrealEngine/Common/DerivedDataCache/TestData/1/TestData_128kb.dat" 1686
"C:/Users/rafal/AppData/Local/UnrealEngine/Common/DerivedDataCache/TestData/0/TestData_256kb.dat" 1687
"C:/Users/rafal/AppData/Local/UnrealEngine/Common/DerivedDataCache/TestData/1/TestData_256kb.dat" 1688
"../../../Engine/Plugins/FX/Niagara/Shaders/Private/NiagaraSpriteVertexFactory.ush" 1689
"../../../Engine/Shaders/Private/VertexFactoryCommon.ush" 1690
"../../../Engine/Shaders/Private/Common.ush" 1691
"../../../Engine/Shaders/Public/Platform.ush" 1692
"../../../Engine/Shaders/Public/FP16Math.ush" 1693
"../../../Engine/Shaders/Public/Platform/D3D/D3DCommon.ush" 1694
"../../../Engine/Shaders/Public/BindlessResources.ush" 1695
"../../../Engine/Shaders/Public/ShaderVersion.ush" 1696
"../../../Engine/Shaders/Private/GeneratedUniformBufferTypes.ush" 1697
"../../../Engine/Shaders/Private/Nanite/NanitePackedNaniteView.ush" 1698
"../../../Engine/Shaders/Private/HairStrands/HairStrandsVisibilityCommonStruct.ush" 1699
"../../../Engine/Shaders/Private/HairStrands/HairStrandsVoxelPageCommonStruct.ush" 1700
"../../../Engine/Shaders/Private/HairStrands/HairStrandsDeepShadowCommonStruct.ush" 1701
"../../../Engine/Shaders/Private/CommonViewUniformBuffer.ush" 1702
"../../../Engine/Shaders/Private/LargeWorldCoordinates.ush" 1703
"../../../Engine/Shaders/Private/LWCOperations.ush" 1704
"../../../Engine/Shaders/Private/InstancedStereo.ush" 1705
"../../../Engine/Shaders/Private/Definitions.usf" 1706
"../../../Engine/Shaders/Private/AssertionMacros.ush" 1707
"../../../Engine/Shaders/Private/FastMath.ush" 1708
"../../../Engine/Shaders/Private/FastMathThirdParty.ush" 1709
"../../../Engine/Shaders/Private/Random.ush" 1710
"../../../Engine/Shaders/Private/SceneData.ush" 1711
"../../../Engine/Shaders/Private/OctahedralCommon.ush" 1712
"../../../Engine/Shaders/Private/ParticleVertexFactoryCommon.ush" 1713
"../../../Engine/Plugins/FX/Niagara/Shaders/Private/NiagaraVFCommon.usf" 1714
"../../../Engine/Plugins/FX/Niagara/Shaders/Private/NiagaraVFParticleAccess.usf" 1715
"../../../Engine/Plugins/FX/Niagara/Shaders/Private/NiagaraParticleAccess.ush" 1716
"../../../Engine/Shaders/Private/VertexFactoryDefaultInterface.ush" 1717
"../../../Engine/Plugins/FX/Niagara/Shaders/Private/NiagaraRibbonVertexFactory.ush" 1718
"../../../Engine/Plugins/FX/Niagara/Shaders/Private/NiagaraMeshVertexFactory.ush" 1719
"../../../Engine/Plugins/FX/Niagara/Shaders/Private/NiagaraCommon.ush" 1720
"../../../Engine/Plugins/FX/Niagara/Shaders/Private/NiagaraMeshParticleUtils.ush" 1721
"../../../Engine/Shaders/Private/RayTracing/RayTracingCommon.ush" 1722
"../../../Engine/Shaders/Private/ShadingCommon.ush" 1723
"../../../Engine/Shaders/Shared/RayTracingDefinitions.h" 1724
"../../../Engine/Shaders/Private/Strata/Strata.ush" 1725
"../../../Engine/Shaders/Private/ShadingEnergyConservation.ush" 1726
"../../../Engine/Shaders/Private/ShadingEnergyConservationTemplate.ush" 1727
"../../../Engine/Shaders/Private/BRDF.ush" 1728
"../../../Engine/Shaders/Private/ColorSpace.ush" 1729
"../../../Engine/Shaders/Private/DeferredShadingCommon.ush" 1730
"../../../Engine/Shaders/Private/LightAccumulator.ush" 1731
"../../../Engine/Shaders/Private/SceneTexturesCommon.ush" 1732
"../../../Engine/Shaders/Private/MonteCarlo.ush" 1733
"../../../Engine/Shaders/Private/GBufferHelpers.ush" 1734
"../../../Engine/Shaders/Private/SceneTextureParameters.ush" 1735
"D:/Repos/HotelSimulator/PeterSimulator/Intermediate/ShaderAutogen/PCD3D_SM5/AutogenShaderHeaders.ush" 1736
"../../../Engine/Shaders/Private/ParticipatingMediaCommon.ush" 1737
"../../../Engine/Shaders/Private/ThinFilmBSDF.ush" 1738
"../../../Engine/Shaders/Private/MortonCode.ush" 1739
"../../../Engine/Shaders/Private/SubsurfaceProfileCommon.ush" 1740
"../../../Engine/Shaders/Private/BurleyNormalizedSSSCommon.ush" 1741
"../../../Engine/Shaders/Shared/StrataDefinitions.h" 1742
"../../../Engine/Shaders/Private/Strata/StrataStatisticalOperators.ush" 1743
"../../../Engine/Shaders/Private/PositionReconstructionCommon.ush" 1744
"../../../Engine/Shaders/Private/RayTracing/RayTracingHitGroupCommon.ush" 1745
"../../../Engine/Shaders/Shared/RayTracingBuiltInResources.h" 1746
"../../../Engine/Shaders/Private/VectorFieldVisualizationVertexFactory.ush" 1747
"../../../Engine/Shaders/Private/Nanite/NaniteVertexFactory.ush" 1748
"../../../Engine/Shaders/Private/LightmapData.ush" 1749
"../../../Engine/Shaders/Private/Nanite/NaniteDataDecode.ush" 1750
"../../../Engine/Shaders/Private/BitPacking.ush" 1751
"../../../Engine/Shaders/Private/BitStreamReaderImplementation.ush" 1752
"../../../Engine/Shaders/Shared/NaniteDefinitions.h" 1753
"../../../Engine/Shaders/Private/Nanite/NaniteAttributeDecode.ush" 1754
"../../../Engine/Shaders/Public/WaveBroadcastIntrinsics.ush" 1755
"../../../Engine/Shaders/Private/ParticleSpriteVertexFactory.ush" 1756
"../../../Engine/Shaders/Private/ParticleGPUSpriteVertexFactory.ush" 1757
"../../../Engine/Shaders/Private/ParticleBeamTrailVertexFactory.ush" 1758
"../../../Engine/Shaders/Private/MeshParticleVertexFactory.ush" 1759
"../../../Engine/Shaders/Private/LocalVertexFactory.ush" 1760
"../../../Engine/Shaders/Private/LocalVertexFactoryCommon.ush" 1761
"../../../Engine/Shaders/Private/GpuSkinCommon.ush" 1762
"../../../Engine/Shaders/Private/GpuSkinVertexFactory.ush" 1763
"../../../Engine/Shaders/Private/GeometryCollectionVertexFactory.ush" 1764
"../../../Engine/Shaders/Private/GeometryCacheVertexFactory.ush" 1765
"../../../Engine/Shaders/Private/LandscapeVertexFactory.ush" 1766
"../../../Engine/Plugins/Media/WmfMedia/Shaders/Private/MediaHardwareVideoDecoding.usf" 1767
"../../../Engine/Shaders/Private/GammaCorrectionCommon.ush" 1768
"../../../Engine/Shaders/Private/ColorUtils.ush" 1769
"../../../Engine/Plugins/Media/ImgMedia/Shaders/Private/ExrSwizzler.usf" 1770
"../../../Engine/Plugins/FX/Niagara/Shaders/Private/NiagaraFillIntBuffer.usf" 1771
"../../../Engine/Plugins/FX/Niagara/Shaders/Private/NiagaraComputeFreeIDs.usf" 1772
"../../../Engine/Plugins/FX/Niagara/Shaders/Private/NiagaraInitFreeIDBuffer.usf" 1773
"../../../Engine/Plugins/FX/Niagara/Shaders/Private/NiagaraEmitterInstanceShader.usf" 1774
"../../../Engine/Plugins/FX/Niagara/Shaders/Private/NiagaraShaderVersion.ush" 1775
"../../../Engine/Shaders/Private/DistanceField/GlobalDistanceFieldShared.ush" 1776
"../../../Engine/Plugins/FX/Niagara/Shaders/Private/NiagaraPhysicsCommon.ush" 1777
"../../../Engine/Plugins/FX/Niagara/Shaders/Private/Ribbons/NiagaraRibbonGenerateIndices.usf" 1778
"../../../Engine/Plugins/FX/Niagara/Shaders/Private/Ribbons/NiagaraRibbonCommon.ush" 1779
"../../../Engine/Plugins/FX/Niagara/Shaders/Private/Ribbons/NiagaraRibbonInitializeIndices.usf" 1780
"../../../Engine/Plugins/FX/Niagara/Shaders/Private/Ribbons/NiagaraRibbonRibbonUVParamCalculation.usf" 1781
"../../../Engine/Plugins/FX/Niagara/Shaders/Private/Ribbons/NiagaraRibbonVertexReductionFinalization.usf" 1782
"../../../Engine/Plugins/FX/Niagara/Shaders/Private/Ribbons/NiagaraRibbonVertexReductionPropagation.usf" 1783
"../../../Engine/Plugins/FX/Niagara/Shaders/Private/Ribbons/NiagaraRibbonVertexReductionInitialization.usf" 1784
"../../../Engine/Plugins/FX/Niagara/Shaders/Private/Ribbons/NiagaraRibbonSortParticles.usf" 1785
"../../../Engine/Plugins/FX/Niagara/Shaders/Private/NiagaraUpdateMeshGPUSceneInstances.usf" 1786
"../../../Engine/Shaders/Private/ComputeShaderUtils.ush" 1787
"../../../Engine/Shaders/Private/GPUScene/GPUSceneWriter.ush" 1788
"../../../Engine/Plugins/FX/Niagara/Shaders/Private/NiagaraGenerateMips.usf" 1789
"../../../Engine/Plugins/FX/Niagara/Shaders/Private/NiagaraDebugDraw.usf" 1790
"../../../Engine/Plugins/FX/Niagara/Shaders/Private/NiagaraDebugDraw.ush" 1791
"../../../Engine/Plugins/FX/Niagara/Shaders/Private/NiagaraVisualizeTexture.usf" 1792
"../../../Engine/Plugins/FX/Niagara/Shaders/Private/NiagaraClearCounts.usf" 1793
"../../../Engine/Plugins/FX/Niagara/Shaders/Private/NiagaraBatchedElements.usf" 1794
"../../../Engine/Plugins/FX/Niagara/Shaders/Private/NiagaraRayTracingShaders.usf" 1795
"../../../Engine/Plugins/FX/Niagara/Shaders/Private/NiagaraAsyncGpuTraceCommon.ush" 1796
"../../../Engine/Shaders/Private/HashTable.ush" 1797
"../../../Engine/Shaders/Private/Hash.ush" 1798
"../../../Engine/Shaders/Private/RayTracing/VFXTraceRay.ush" 1799
"../../../Engine/Plugins/FX/Niagara/Shaders/Private/NiagaraRayMarchingShaders.usf" 1800
"../../../Engine/Plugins/FX/Niagara/Shaders/Private/NiagaraRayTraceCollisionGroupShaders.usf" 1801
"../../../Engine/Plugins/FX/Niagara/Shaders/Private/NiagaraAsyncGpuTraceUtils.usf" 1802
"../../../Engine/Plugins/FX/Niagara/Shaders/Private/NiagaraSortKeyGen.usf" 1803
"../../../Engine/Plugins/FX/Niagara/Shaders/Private/NiagaraGPURayTracingTransforms.usf" 1804
"../../../Engine/Plugins/FX/Niagara/Shaders/Private/NiagaraDrawIndirectArgsGen.usf" 1805
"../../../Engine/Plugins/Enterprise/GLTFExporter/Shaders/Private/SimpleTexture2DPS.usf" 1806
"../../../Engine/Shaders/Private/SimpleElementNormalMapPixelShader.usf" 1807
"../../../Engine/Plugins/Enterprise/GLTFExporter/Shaders/Private/CubemapFacePS.usf" 1808
"../../../Engine/Plugins/Enterprise/GLTFExporter/Shaders/Private/CombinedTexturePS.usf" 1809
"../../../Engine/Shaders/Private/SlateElementPixelShader.usf" 1810
"../../../Engine/Shaders/Private/SlateShaderCommon.ush" 1811
"../../../Engine/Shaders/Private/MaterialTemplate.ush" 1812
"../../../Engine/Shaders/Private/EyeAdaptationCommon.ush" 1813
"../../../Engine/Shaders/Private/SobolRandom.ush" 1814
"../../../Engine/Shaders/Private/DepthOfFieldCommon.ush" 1815
"../../../Engine/Shaders/Private/CircleDOFCommon.ush" 1816
"../../../Engine/Shaders/Private/PhysicsFieldSampler.ush" 1817
"../../../Engine/Shaders/Private/PhysicsFieldShared.ush" 1818
"../../../Engine/Shaders/Private/HairShadingCommon.ush" 1819
"../../../Engine/Shaders/Private/HairStrands/HairCardsAttributeCommon.ush" 1820
"../../../Engine/Shaders/Private/HairStrands/HairStrandsVertexFactoryCommon.ush" 1821
"../../../Engine/Shaders/Private/HairStrands/HairStrandsAttributeCommon.ush" 1822
"../../../Engine/Shaders/Private/SpeedTreeCommon.ush" 1823
"../../../Engine/Shaders/Private/VirtualTextureCommon.ush" 1824
"../../../Engine/Shaders/Private/MaterialTexture.ush" 1825
"../../../Engine/Shaders/Private/MinMaterialTexCoords.ush" 1826
"../../../Engine/Shaders/Private/SkyAtmosphereCommon.ush" 1827
"../../../Engine/Shaders/Private/SingleLayerWaterCommon.ush" 1828
"../../../Engine/Shaders/Private/TextureSampling.ush" 1829
"../../../Engine/Shaders/Private/PaniniProjection.ush" 1830
"../../../Engine/Shaders/Private/DBufferNormalReprojection.ush" 1831
"../../../Engine/Shaders/Private/Strata/StrataTree.ush" 1832
"../../../Engine/Shaders/Private/Strata/StrataEvaluation.ush" 1833
"../../../Engine/Shaders/Private/SHCommon.ush" 1834
"../../../Engine/Shaders/Private/ShadingModels.ush" 1835
"../../../Engine/Shaders/Private/CapsuleLight.ush" 1836
"../../../Engine/Shaders/Private/RectLight.ush" 1837
"../../../Engine/Shaders/Private/AreaLightCommon.ush" 1838
"../../../Engine/Shaders/Private/TransmissionCommon.ush" 1839
"../../../Engine/Shaders/Private/HairBsdf.ush" 1840
"../../../Engine/Shaders/Private/MobileGGX.ush" 1841
"../../../Engine/Shaders/Private/ShadingModelsSampling.ush" 1842
"../../../Engine/Shaders/Private/HairStrands/HairBsdfSample.ush" 1843
"../../../Engine/Shaders/Private/HairStrands/HairStrandsCommon.ush" 1844
"../../../Engine/Shaders/Private/HairStrands/HairStrandsDeepTransmittanceCommon.ush" 1845
"../../../Engine/Shaders/Private/HairStrands/HairStrandsDeepTransmittanceDualScattering.ush" 1846
"../../../Engine/Shaders/Private/Strata/StrataLegacyConversion.ush" 1847
"../../../Engine/Shaders/Private/DBufferDecalShared.ush" 1848
"../../../Engine/Shaders/Private/CompositeUIPixelShader.usf" 1849
"../../../Engine/Shaders/Private/TonemapCommon.ush" 1850
"../../../Engine/Shaders/Private/ACES.ush" 1851
"../../../Engine/Shaders/Private/ColorDeficiency.ush" 1852
"../../../Engine/Shaders/Private/SlateMaskingShader.usf" 1853
"../../../Engine/Shaders/Private/SlatePostProcessColorDeficiencyPixelShader.usf" 1854
"../../../Engine/Shaders/Private/SlatePostProcessPixelShader.usf" 1855
"../../../Engine/Shaders/Private/SlateVertexShader.usf" 1856
"../../../Engine/Shaders/Private/TranslucentLightingShaders.usf" 1857
"../../../Engine/Shaders/Private/ShadowProjectionCommon.ush" 1858
"../../../Engine/Shaders/Private/CubemapCommon.ush" 1859
"../../../Engine/Shaders/Private/VectorFieldCompositeShaders.usf" 1860
"../../../Engine/Shaders/Private/UpdateTextureShaders.usf" 1861
"../../../Engine/Shaders/Private/StereoLayerShader.usf" 1862
"../../../Engine/Shaders/Private/MorphTargets.usf" 1863
"../../../Engine/Shaders/Private/SimpleElementColorChannelMaskPixelShader.usf" 1864
"../../../Engine/Shaders/Private/SimpleElementHitProxyPixelShader.usf" 1865
"../../../Engine/Shaders/Private/SimpleElementPixelShader.usf" 1866
"../../../Engine/Shaders/Private/IESLightProfilesCommon.ush" 1867
"../../../Engine/Shaders/Private/SimpleElementVertexShader.usf" 1868
"../../../Engine/Shaders/Private/ScreenPixelShaderOES.usf" 1869
"../../../Engine/Shaders/Private/ScreenVertexShader.usf" 1870
"../../../Engine/Shaders/Private/ScreenPixelShader.usf" 1871
"../../../Engine/Shaders/Private/SSProfilePreIntegratedMobile.usf" 1872
"../../../Engine/Shaders/Private/Nanite/NaniteClusterCulling.usf" 1873
"../../../Engine/Shaders/Private/Nanite/NaniteCulling.ush" 1874
"../../../Engine/Shaders/Private/Nanite/NaniteHierarchyTraversalCommon.ush" 1875
"../../../Engine/Shaders/Private/Nanite/NaniteHierarchyTraversal.ush" 1876
"../../../Engine/Shaders/Private/WaveOpUtil.ush" 1877
"../../../Engine/Shaders/Private/VirtualShadowMaps/VirtualShadowMapPageOverlap.ush" 1878
"../../../Engine/Shaders/Private/Nanite/NaniteHZBCull.ush" 1879
"../../../Engine/Shaders/Private/VirtualShadowMaps/VirtualShadowMapPageAccessCommon.ush" 1880
"../../../Engine/Shaders/Shared/VirtualShadowMapDefinitions.h" 1881
"../../../Engine/Shaders/Private/VirtualShadowMaps/VirtualShadowMapStaticCaching.ush" 1882
"../../../Engine/Shaders/Private/Nanite/NaniteCullingCommon.ush" 1883
"../../../Engine/Shaders/Private/GPUMessaging.ush" 1884
"../../../Engine/Shaders/Private/Nanite/NaniteTranscode.usf" 1885
"../../../Engine/Shaders/Private/VolumetricLightmapStreaming.usf" 1886
"../../../Engine/Shaders/Private/PhysicsFieldReset.usf" 1887
"../../../Engine/Shaders/Private/PhysicsFieldBuilder.usf" 1888
"../../../Engine/Shaders/Private/PhysicsFieldEval.ush" 1889
"../../../Engine/Shaders/Private/ParticleSortKeyGen.usf" 1890
"../../../Engine/Shaders/Private/ParticleBoundsShader.usf" 1891
"../../../Engine/Shaders/Private/ParticleSimVisualizeShader.usf" 1892
"../../../Engine/Shaders/Private/ParticleInjectionShader.usf" 1893
"../../../Engine/Shaders/Private/ParticleSimulationShader.usf" 1894
"../../../Engine/Shaders/Private/ParticleCurveInjectionShader.usf" 1895
"../../../Engine/Shaders/Private/CopyUIntBuffer.usf" 1896
"../../../Engine/Shaders/Private/RadixSortShaders.usf" 1897
"../../../Engine/Shaders/Private/RecomputeTangentsPerVertexPass.usf" 1898
"../../../Engine/Shaders/Private/RecomputeTangentsCommon.ush" 1899
"../../../Engine/Shaders/Private/RecomputeTangentsPerTrianglePass.usf" 1900
"../../../Engine/Shaders/Private/GpuSkinCacheComputeShader.usf" 1901
"../../../Engine/Shaders/Private/HeightFieldAtlasManagement.usf" 1902
"../../../Engine/Shaders/Private/LandscapePhysicalMaterial.usf" 1903
"../../../Engine/Shaders/Private/LandscapeGrassWeight.usf" 1904
"../../../Engine/Shaders/Private/Landscape/LandscapeLayersWeightmapsPS.usf" 1905
"../../../Engine/Shaders/Private/Landscape/LandscapeLayersHeightmapsPS.usf" 1906
"../../../Engine/Shaders/Private/Landscape/LandscapeCommon.ush" 1907
"../../../Engine/Shaders/Private/LandscapeLayersCS.usf" 1908
"../../../Engine/Shaders/Private/LandscapeLayersPS.usf" 1909
"../../../Engine/Shaders/Private/LandscapeLayersVS.usf" 1910
"../../../Engine/Shaders/Private/Landscape/LandscapeMergeHeightmapsPS.usf" 1911
"../../../Engine/Shaders/Private/WideCustomResolveShaders.usf" 1912
"../../../Engine/Shaders/Private/WideCustomResolve_Wide.ush" 1913
"../../../Engine/Shaders/Private/WideCustomResolve_Wider.ush" 1914
"../../../Engine/Shaders/Private/WideCustomResolve_Widest.ush" 1915
"../../../Engine/Shaders/Private/PageTableUpdate.usf" 1916
"../../../Engine/Shaders/Private/VirtualTextureCompress.usf" 1917
"../../../Engine/Shaders/Private/BlockCompressionCommon.ush" 1918
"../../../Engine/Shaders/Private/BCCompressionCommon.ush" 1919
"../../../Engine/Shaders/Private/ETCCompressionCommon.ush" 1920
"../../../Engine/Shaders/Private/VirtualTextureMaterial.usf" 1921
"../../../Engine/Shaders/Private/PixelShaderOutputCommon.ush" 1922
"../../../Engine/Shaders/Private/ShaderOutputCommon.ush" 1923
"../../../Engine/Shaders/Private/VolumetricRenderTarget.usf" 1924
"../../../Engine/Shaders/Private/VolumetricFogVoxelization.usf" 1925
"../../../Engine/Shaders/Private/VolumetricCloudMaterialPixelCommon.ush" 1926
"../../../Engine/Shaders/Private/VolumetricFogLightFunction.usf" 1927
"../../../Engine/Shaders/Private/LightFunctionCommon.ush" 1928
"../../../Engine/Shaders/Private/VolumetricFog.usf" 1929
"../../../Engine/Shaders/Private/DeferredLightingCommon.ush" 1930
"../../../Engine/Shaders/Private/DynamicLightingCommon.ush" 1931
"../../../Engine/Shaders/Private/CapsuleLightIntegrate.ush" 1932
"../../../Engine/Shaders/Private/CapsuleLightSampling.ush" 1933
"../../../Engine/Shaders/Private/RectLightIntegrate.ush" 1934
"../../../Engine/Shaders/Private/LightGridCommon.ush" 1935
"../../../Engine/Shaders/Private/HeightFogCommon.ush" 1936
"../../../Engine/Shaders/Private/DistanceFieldAOShared.ush" 1937
"../../../Engine/Shaders/Private/VolumeLightingCommon.ush" 1938
"../../../Engine/Shaders/Private/ShadowFilteringCommon.ush" 1939
"../../../Engine/Shaders/Private/PixelQuadMessagePassing.ush" 1940
"../../../Engine/Shaders/Private/VolumeLightingCommonSampling.ush" 1941
"../../../Engine/Shaders/Private/VolumetricLightmapShared.ush" 1942
"../../../Engine/Shaders/Private/ForwardShadowingCommon.ush" 1943
"../../../Engine/Shaders/Private/Lumen/LumenTranslucencyVolumeShared.ush" 1944
"../../../Engine/Shaders/Private/Lumen/LumenRadianceCacheInterpolation.ush" 1945
"../../../Engine/Shaders/Private/VirtualShadowMaps/VirtualShadowMapProjectionCommon.ush" 1946
"../../../Engine/Shaders/Private/VirtualShadowMaps/VirtualShadowMapProjectionStructs.ush" 1947
"../../../Engine/Shaders/Private/VolumetricCloudCommon.ush" 1948
"../../../Engine/Shaders/Private/VolumetricCloud.usf" 1949
"../../../Engine/Shaders/Private/ColorMap.ush" 1950
"../../../Engine/Shaders/Private/ShaderPrint.ush" 1951
"../../../Engine/Shaders/Private/ShaderPrintCommon.ush" 1952
"../../../Engine/Shaders/Private/MiniFontCommon.ush" 1953
"../../../Engine/Shaders/Private/ReflectionEnvironmentShared.ush" 1954
"../../../Engine/Shaders/Private/VisualizeVolumetricLightmap.usf" 1955
"../../../Engine/Shaders/Private/VirtualShadowMaps/VirtualShadowMapProjectionComposite.usf" 1956
"../../../Engine/Shaders/Private/LightShaderParameters.ush" 1957
"../../../Engine/Shaders/Private/VirtualShadowMaps/VirtualShadowMapMaskBitsCommon.ush" 1958
"../../../Engine/Shaders/Private/VirtualShadowMaps/VirtualShadowMapProjection.usf" 1959
"../../../Engine/Shaders/Private/HairStrands/HairStrandsVisibilityCommon.ush" 1960
"../../../Engine/Shaders/Private/Visualization.ush" 1961
"../../../Engine/Shaders/Private/VirtualShadowMaps/VirtualShadowMapProjectionDirectional.ush" 1962
"../../../Engine/Shaders/Private/PathTracing/Utilities/PathTracingRandomSequence.ush" 1963
"../../../Engine/Shaders/Private/VirtualShadowMaps/VirtualShadowMapSMRTCommon.ush" 1964
"../../../Engine/Shaders/Private/VirtualShadowMaps/VirtualShadowMapSMRTTemplate.ush" 1965
"../../../Engine/Shaders/Private/VirtualShadowMaps/VirtualShadowMapProjectionSpot.ush" 1966
"../../../Engine/Shaders/Private/VirtualShadowMaps/VirtualShadowMapTransmissionCommon.ush" 1967
"../../../Engine/Shaders/Private/HairStrands/HairStrandsVoxelPageCommon.ush" 1968
"../../../Engine/Shaders/Private/HairStrands/HairStrandsVoxelPageTraversal.ush" 1969
"../../../Engine/Shaders/Private/VirtualShadowMaps/VirtualShadowMapCacheManagement.usf" 1970
"../../../Engine/Shaders/Private/VirtualShadowMaps/VirtualShadowMapPageCacheCommon.ush" 1971
"../../../Engine/Shaders/Private/ScreenSpaceDenoise/SSDDefinitions.ush" 1972
"../../../Engine/Shaders/Private/InstanceCulling/InstanceCullingLoadBalancer.ush" 1973
"../../../Engine/Shaders/Private/VirtualShadowMaps/VirtualShadowMapCopyStats.usf" 1974
"../../../Engine/Shaders/Private/VirtualShadowMaps/VirtualShadowMapPageManagement.usf" 1975
"../../../Engine/Shaders/Private/HairStrands/HairStrandsTileCommon.ush" 1976
"../../../Engine/Shaders/Private/ReductionCommon.ush" 1977
"../../../Engine/Shaders/Private/VirtualShadowMaps/VirtualShadowMapStats.ush" 1978
"../../../Engine/Shaders/Private/VirtualShadowMaps/VirtualShadowMapBuildPerPageDrawCommands.usf" 1979
"../../../Engine/Shaders/Private/InstanceCulling/InstanceCullingCommon.ush" 1980
"../../../Engine/Shaders/Private/VirtualShadowMaps/VirtualShadowMapPrintStats.usf" 1981
"../../../Engine/Shaders/Private/VirtualShadowMaps/VirtualShadowMapDebug.usf" 1982
"../../../Engine/Shaders/Private/VelocityShader.usf" 1983
"../../../Engine/Shaders/Private/VelocityCommon.ush" 1984
"../../../Engine/Shaders/Private/VariableRateShading.usf" 1985
"../../../Engine/Shaders/Private/TranslucencyUpsampling.usf" 1986
"../../../Engine/Shaders/Private/ScreenPass.ush" 1987
"../../../Engine/Shaders/Private/ComposeSeparateTranslucency.usf" 1988
"../../../Engine/Shaders/Private/SeparateTranslucency.ush" 1989
"../../../Engine/Shaders/Private/TranslucentLightInjectionShaders.usf" 1990
"../../../Engine/Shaders/Private/TranslucentShadowDepthShaders.usf" 1991
"../../../Engine/Shaders/Private/ShadowDepthCommon.ush" 1992
"../../../Engine/Shaders/Private/RayTracing/RayTracingTest.usf" 1993
"../../../Engine/Shaders/Private/PostProcessSubsurfaceTile.usf" 1994
"../../../Engine/Shaders/Private/Strata/StrataVisualize.usf" 1995
"../../../Engine/Shaders/Private/Strata/StrataTile.ush" 1996
"../../../Engine/Shaders/Private/SkyLightingDiffuseShared.ush" 1997
"../../../Engine/Shaders/Private/SkyLightingShared.ush" 1998
"../../../Engine/Shaders/Private/ClearCoatCommon.ush" 1999
"../../../Engine/Shaders/Private/ReflectionEnvironmentComposite.ush" 2000
"../../../Engine/Shaders/Private/Strata/StrataLightingCommon.ush" 2001
"../../../Engine/Shaders/Private/Strata/StrataRoughRefraction.usf" 2002
"../../../Engine/Shaders/Private/PathTracing/Material/PathTracingFresnel.ush" 2003
"../../../Engine/Shaders/Private/PathTracing/Material/PathTracingGlossy.ush" 2004
"../../../Engine/Shaders/Private/Strata/StrataTile.usf" 2005
"../../../Engine/Shaders/Private/Strata/StrataMaterialClassification.usf" 2006
"../../../Engine/Shaders/Private/SkyAtmosphere.usf" 2007
"../../../Engine/Shaders/Private/CopyDepthTexture.usf" 2008
"../../../Engine/Shaders/Private/SingleLayerWaterComposite.usf" 2009
"../../../Engine/Shaders/Private/ShadowProjectionVertexShader.usf" 2010
"../../../Engine/Shaders/Private/ShadowProjectionPixelShader.usf" 2011
"../../../Engine/Shaders/Private/ShadowPercentageCloserFiltering.ush" 2012
"../../../Engine/Shaders/Private/TransmissionThickness.ush" 2013
"../../../Engine/Shaders/Private/CopyShadowMaps.usf" 2014
"../../../Engine/Shaders/Private/ShadowDepthPixelShader.usf" 2015
"../../../Engine/Shaders/Private/ShadowDepthVertexShader.usf" 2016
"../../../Engine/Shaders/Private/ShadingEnergyConservationTable.usf" 2017
"../../../Engine/Shaders/Shared/PathTracingDefinitions.h" 2018
"../../../Engine/Shaders/Private/ShadingFurnaceTest.usf" 2019
"../../../Engine/Shaders/Private/Strata/StrataDeferredLighting.ush" 2020
"../../../Engine/Shaders/Private/ShaderPrintDrawPrimitive.usf" 2021
"../../../Engine/Shaders/Private/ShaderPrintDraw.usf" 2022
"../../../Engine/Shaders/Private/SSRT/SSRTDiffuseIndirect.usf" 2023
"../../../Engine/Shaders/Private/SSRT/SSRTRayCast.ush" 2024
"../../../Engine/Shaders/Private/SSRT/SSRTTileClassificationBuffer.ush" 2025
"../../../Engine/Shaders/Private/SSRT/SSRTReflections.usf" 2026
"../../../Engine/Shaders/Private/ScreenSpaceDenoise/SSDPublic.ush" 2027
"../../../Engine/Shaders/Private/SSRT/SSRTTileClassification.usf" 2028
"../../../Engine/Shaders/Private/SSRT/SSRTPrevFrameReduction.usf" 2029
"../../../Engine/Shaders/Private/ScreenSpaceDenoise/SSDComposeHarmonics.usf" 2030
"../../../Engine/Shaders/Private/ScreenSpaceDenoise/SSDPublicHarmonics.ush" 2031
"../../../Engine/Shaders/Private/ScreenSpaceDenoise/SSDSignalFramework.ush" 2032
"../../../Engine/Shaders/Private/ScreenSpaceDenoise/SSDCommon.ush" 2033
"../../../Engine/Shaders/Private/SphericalGaussian.ush" 2034
"../../../Engine/Shaders/Private/ScreenSpaceDenoise/SSDMetadata.ush" 2035
"../../../Engine/Shaders/Private/ScreenSpaceDenoise/SSDSignalCore.ush" 2036
"../../../Engine/Shaders/Private/ScreenSpaceDenoise/DenoisingCommon.ush" 2037
"../../../Engine/Shaders/Private/ScreenSpaceDenoise/SSDSignalArray.ush" 2038
"../../../Engine/Shaders/Private/ScreenSpaceDenoise/SSDSignalBufferEncoding.ush" 2039
"../../../Engine/Shaders/Private/ScreenSpaceDenoise/SSDPublicBufferEncoding.ush" 2040
"../../../Engine/Shaders/Private/Lumen/LumenBufferEncoding.ush" 2041
"../../../Engine/Shaders/Private/ScreenSpaceDenoise/SSDTemporalAccumulation.usf" 2042
"../../../Engine/Shaders/Private/ScreenSpaceDenoise/SSDSpatialKernel.ush" 2043
"../../../Engine/Shaders/Private/ScreenSpaceDenoise/SSDSignalAccumulatorArray.ush" 2044
"../../../Engine/Shaders/Private/ScreenSpaceDenoise/SSDSignalAccumulator.ush" 2045
"../../../Engine/Shaders/Private/ScreenSpaceDenoise/SSDSignalCompression.ush" 2046
"../../../Engine/Shaders/Private/ScreenSpaceDenoise/SSDSpatialAccumulation.usf" 2047
"../../../Engine/Shaders/Private/ScreenSpaceDenoise/SSDInjest.usf" 2048
"../../../Engine/Shaders/Private/ScreenSpaceDenoise/SSDCompressMetadata.usf" 2049
"../../../Engine/Shaders/Private/DownsampleDepthPixelShader.usf" 2050
"../../../Engine/Shaders/Private/ScreenPass.usf" 2051
"../../../Engine/Shaders/Private/HZB.usf" 2052
"../../../Engine/Shaders/Private/HZBOcclusion.usf" 2053
"../../../Engine/Shaders/Private/OcclusionQueryPixelShader.usf" 2054
"../../../Engine/Shaders/Private/OcclusionQueryVertexShader.usf" 2055
"../../../Engine/Shaders/Private/HitProxyPixelShader.usf" 2056
"../../../Engine/Shaders/Private/HitProxyVertexShader.usf" 2057
"../../../Engine/Shaders/Private/SceneCapturePixelShader.usf" 2058
"../../../Engine/Shaders/Private/RTWriteMaskDecode.usf" 2059
"../../../Engine/Shaders/Private/ReflectionEnvironmentShaders.usf" 2060
"../../../Engine/Shaders/Private/RectLightAtlas.usf" 2061
"../../../Engine/Shaders/Private/RayTracing/TraceRayInlineStatistics.usf" 2062
"../../../Engine/Shaders/Private/RayTracing/TraceRayInlineCommon.ush" 2063
"../../../Engine/Shaders/Private/RayTracing/VisualizeSkyLightMipTreePS.usf" 2064
"../../../Engine/Shaders/Private/RayTracing/MipTreeCommon.ush" 2065
"../../../Engine/Shaders/Private/RayTracing/CompositeSkyLightPS.usf" 2066
"../../../Engine/Shaders/Private/RayTracing/GenerateSkyLightVisibilityRaysCS.usf" 2067
"../../../Engine/Shaders/Private/RayTracing/RayTracingSkyLightCommon.ush" 2068
"../../../Engine/Shaders/Private/RayTracing/SkyLightVisibilityRaysData.ush" 2069
"../../../Engine/Shaders/Private/Raytracing/RaytracingSkylightRGS.usf" 2070
"../../../Engine/Shaders/Private/HairStrands/HairStrandsRaytracing.ush" 2071
"../../../Engine/Shaders/Private/Raytracing/RayTracingSkyLightEvaluation.ush" 2072
"../../../Engine/Shaders/Private/Raytracing/RayTracingDeferredShadingCommon.ush" 2073
"../../../Engine/Shaders/Private/RayTracing/RayTracingOcclusionRGS.usf" 2074
"../../../Engine/Shaders/Private/RayTracing/RayTracingDirectionalLight.ush" 2075
"../../../Engine/Shaders/Private/RayTracing/RayTracingRectLight.ush" 2076
"../../../Engine/Shaders/Private/RayTracing/RayTracingSphereLight.ush" 2077
"../../../Engine/Shaders/Private/RayTracing/RayTracingCapsuleLight.ush" 2078
"../../../Engine/Shaders/Private/RayTracing/SplitImaginaryReflectionGBufferCS.usf" 2079
"../../../Engine/Shaders/Private/RayTracing/RayTracingReflectionsCommon.ush" 2080
"../../../Engine/Shaders/Private/RayTracing/RayTracingReflections.usf" 2081
"../../../Engine/Shaders/Private/RayTracing/RayTracingLightingCommon.ush" 2082
"../../../Engine/Shaders/Private/RayTracing/RayTracingLightCullingCommon.ush" 2083
"../../../Engine/Shaders/Private/RayTracing/RayTracingReflectionEnvironment.ush" 2084
"../../../Engine/Shaders/Private/RayTracing/RayTracingPrimaryRays.usf" 2085
"../../../Engine/Shaders/Private/RayTracing/RayTracingMaterialDefaultHitShaders.usf" 2086
"../../../Engine/Shaders/Private/RayTracing/RayTracingMaterialHitShaders.usf" 2087
"../../../Engine/Shaders/Private/RayTracing/RayTracingCalcInterpolants.ush" 2088
"../../../Engine/Shaders/Private/LightmapCommon.ush" 2089
"../../../Engine/Shaders/Private/Lumen/LumenHardwareRayTracingPayloadCommon.ush" 2090
"../../../Engine/Shaders/Private/Strata/StrataExport.ush" 2091
"../../../Engine/Shaders/Private/RayTracing/RayTracingLightingMS.usf" 2092
"../../../Engine/Shaders/Private/RayTracing/RayTracingLightFunctionCommon.ush" 2093
"../../../Engine/Shaders/Private/RayTracing/GenerateCulledLightListCS.usf" 2094
"../../../Engine/Shaders/Private/Raytracing/RayTracingInstanceBufferUtil.usf" 2095
"../../../Engine/Shaders/Private/RayTracing/RayTracingFinalGatherRGS.usf" 2096
"../../../Engine/Shaders/Private/RayTracing/RayTracingGatherPoints.ush" 2097
"../../../Engine/Shaders/Private/PathTracing/Light/PathTracingLightSampling.ush" 2098
"../../../Engine/Shaders/Private/PathTracing/Light/PathTracingLightCommon.ush" 2099
"../../../Engine/Shaders/Shared/RayTracingTypes.h" 2100
"../../../Engine/Shaders/Private/PathTracing/Light/PathTracingDirectionalLight.ush" 2101
"../../../Engine/Shaders/Private/PathTracing/Light/PathTracingPointLight.ush" 2102
"../../../Engine/Shaders/Private/PathTracing/Light/PathTracingCapsuleLight.ush" 2103
"../../../Engine/Shaders/Private/PathTracing/Light/PathTracingRectLight.ush" 2104
"../../../Engine/Shaders/Private/PathTracing/Light/PathTracingSkyLight.ush" 2105
"../../../Engine/Shaders/Private/PathTracing/Light/PathTracingSpotLight.ush" 2106
"../../../Engine/Shaders/Private/PathTracing/Material/PathTracingMaterialSampling.ush" 2107
"../../../Engine/Shaders/Private/PathTracing/Material/PathTracingMaterialCommon.ush" 2108
"../../../Engine/Shaders/Private/PathTracing/PathTracingCommon.ush" 2109
"../../../Engine/Shaders/Private/PathTracing/Material/PathTracingLambert.ush" 2110
"../../../Engine/Shaders/Private/PathTracing/Material/PathTracingRadianceProbe.ush" 2111
"../../../Engine/Shaders/Private/PathTracing/Material/FirstBounceRayGuidingCommon.ush" 2112
"../../../Engine/Shaders/Private/PathTracing/Material/PathTracingSpecularReflection.ush" 2113
"../../../Engine/Shaders/Private/PathTracing/Material/PathTracingSpecularTransmission.ush" 2114
"../../../Engine/Shaders/Private/PathTracing/Material/PathTracingSolidGlass.ush" 2115
"../../../Engine/Shaders/Private/PathTracing/Material/PathTracingEnergyConservation.ush" 2116
"../../../Engine/Shaders/Private/PathTracing/Material/PathTracingThinGlass.ush" 2117
"../../../Engine/Shaders/Private/PathTracing/Material/PathTracingDefaultLit.ush" 2118
"../../../Engine/Shaders/Private/PathTracing/Material/PathTracingClearCoat.ush" 2119
"../../../Engine/Shaders/Private/PathTracing/Material/PathTracingTwoSidedFoliage.ush" 2120
"../../../Engine/Shaders/Private/PathTracing/Material/PathTracingCloth.ush" 2121
"../../../Engine/Shaders/Private/PathTracing/Material/PathTracingSubsurfaceProfile.ush" 2122
"../../../Engine/Shaders/Private/PathTracing/Material/PathTracingEye.ush" 2123
"../../../Engine/Shaders/Private/PathTracing/Material/PathTracingHair.ush" 2124
"../../../Engine/Shaders/Private/PathTracing/Material/PathTracingMedium.ush" 2125
"../../../Engine/Shaders/Private/RayTracing/RayTracingCreateGatherPointsRGS.usf" 2126
"../../../Engine/Shaders/Private/RayTracing/RayTracingGlobalIlluminationRGS.usf" 2127
"../../../Engine/Shaders/Private/RayTracing/RayTracingDynamicMesh.usf" 2128
"../../../Engine/Shaders/Private/RayTracing/RayTracingDeferredReflections.usf" 2129
"../../../Engine/Shaders/Private/RayTracing/RayTracingDeferredMaterials.ush" 2130
"../../../Engine/Shaders/Shared/ThirdParty/AMD/ags_shader_intrinsics_dx12.h" 2131
"../../../Engine/Shaders/Private/RayTracing/RayTracingDeferredReflections.ush" 2132
"../../../Engine/Shaders/Private/RayTracing/RayTracingReflectionResolve.usf" 2133
"../../../Engine/Shaders/Private/RayTracing/RayTracingReflectionsGenerateRaysCS.usf" 2134
"../../../Engine/Shaders/Private/RayTracing/MaterialSort.usf" 2135
"../../../Engine/Shaders/Private/RayTracing/RayTracingDeferredMaterials.usf" 2136
"../../../Engine/Shaders/Private/RayTracing/RayTracingDecalMaterialShader.usf" 2137
"../../../Engine/Shaders/Private/RayTracing/RayTracingBuildDecalGrid.usf" 2138
"../../../Engine/Shaders/Private/RayTracing/RayTracingDebug.usf" 2139
"../../../Engine/Shaders/Shared/RayTracingDebugDefinitions.h" 2140
"../../../Engine/Shaders/Shared/RayTracingDebugTypes.h" 2141
"../../../Engine/Shaders/Private/RayTracing/RayTracingDebugTraversal.usf" 2142
"../../../Engine/Shaders/Private/Nanite/NaniteRayTrace.ush" 2143
"../../../Engine/Shaders/Shared/ThirdParty/RayTriangleIntersection.h" 2144
"../../../Engine/Shaders/Private/RayTracing/TraceRayInline.ush" 2145
"../../../Engine/Shaders/Private/RayTracing/TraceRayInlineVulkan.ush" 2146
"../../../Engine/Shaders/Private/RayTracing/RayTracingBarycentrics.usf" 2147
"../../../Engine/Shaders/Private/RayTracing/RayTracingAmbientOcclusionRGS.usf" 2148
"../../../Engine/Shaders/Private/VisualizeShadingModels.usf" 2149
"../../../Engine/Shaders/Private/PostProcessCommon.ush" 2150
"../../../Engine/Shaders/Private/MotionBlur/VisualizeMotionVectors.usf" 2151
"../../../Engine/Shaders/Private/TemporalSuperResolution/TSRDebugHistory.usf" 2152
"../../../Engine/Shaders/Private/TemporalSuperResolution/TSRCommon.ush" 2153
"../../../Engine/Shaders/Public/DualPixelVectorization.ush" 2154
"../../../Engine/Shaders/Private/TemporalSuperResolution/TSRResolveHistory.usf" 2155
"../../../Engine/Shaders/Private/TemporalSuperResolution/TSRUpdateHistory.usf" 2156
"../../../Engine/Shaders/Private/TemporalSuperResolution/TSRFilterAntiAliasing.usf" 2157
"../../../Engine/Shaders/Private/TemporalSuperResolution/TSRSpatialAntiAliasing.usf" 2158
"../../../Engine/Shaders/Private/TemporalSuperResolution/TSRDilateRejection.usf" 2159
"../../../Engine/Shaders/Private/TemporalSuperResolution/TSRPostfilterRejection.usf" 2160
"../../../Engine/Shaders/Private/TemporalSuperResolution/TSRRejectShading.usf" 2161
"../../../Engine/Shaders/Public/LaneVectorization.ush" 2162
"../../../Engine/Shaders/Private/TemporalSuperResolution/TSRCompareTranslucency.usf" 2163
"../../../Engine/Shaders/Private/TemporalSuperResolution/TSRDecimateHistory.usf" 2164
"../../../Engine/Shaders/Private/TemporalSuperResolution/TSRDilateVelocity.usf" 2165
"../../../Engine/Shaders/Private/MotionBlur/MotionBlurVelocityFlatten.ush" 2166
"../../../Engine/Shaders/Private/MotionBlur/MotionBlurCommon.ush" 2167
"../../../Engine/Shaders/Private/TemporalSuperResolution/TSRClearPrevTextures.usf" 2168
"../../../Engine/Shaders/Private/TemporalAA.usf" 2169
"../../../Engine/Shaders/Private/FilterPixelShader.usf" 2170
"../../../Engine/Shaders/Private/FilterVertexShader.usf" 2171
"../../../Engine/Shaders/Private/PostProcessVisualizeBuffer.usf" 2172
"../../../Engine/Shaders/Private/PostProcessVisualizeLocalExposure.usf" 2173
"../../../Engine/Shaders/Private/PostProcessHistogramCommon.ush" 2174
"../../../Engine/Shaders/Private/PostProcessVisualizeLevelInstance.usf" 2175
"../../../Engine/Shaders/Private/PostProcessVisualizeHDR.usf" 2176
"../../../Engine/Shaders/Private/ShaderComplexityApplyPixelShader.usf" 2177
"../../../Engine/Shaders/Private/QuadOverdraw.ush" 2178
"../../../Engine/Shaders/Private/PostProcessUpscale.usf" 2179
"../../../Engine/Shaders/Private/PostProcessTonemap.usf" 2180
"../../../Engine/Shaders/Private/PostProcessing/FilmGrainPackConstants.usf" 2181
"../../../Engine/Shaders/Private/PostProcessing/FilmGrainReduce.usf" 2182
"../../../Engine/Shaders/Private/PostProcessTestImage.usf" 2183
"../../../Engine/Shaders/Private/PostProcessSubsurface.usf" 2184
"../../../Engine/Shaders/Private/SeparableSSS.ush" 2185
"../../../Engine/Shaders/Private/SubsurfaceBurleyNormalized.ush" 2186
"../../../Engine/Shaders/Private/PostProcessSelectionOutline.usf" 2187
"../../../Engine/Shaders/Private/PostProcessPixelProjectedReflectionMobile.usf" 2188
"../../../Engine/Shaders/Private/MotionBlur/MotionBlurVisualize.usf" 2189
"../../../Engine/Shaders/Private/MotionBlur/MotionBlurApply.usf" 2190
"../../../Engine/Shaders/Private/MotionBlur/MotionBlurFilterTileClassify.usf" 2191
"../../../Engine/Shaders/Private/MotionBlur/MotionBlurTileScatter.usf" 2192
"../../../Engine/Shaders/Private/MotionBlur/MotionBlurTileGather.usf" 2193
"../../../Engine/Shaders/Private/MotionBlur/MotionBlurVelocityFlatten.usf" 2194
"../../../Engine/Shaders/Private/PostProcessMobile.usf" 2195
"../../../Engine/Shaders/Private/PostProcessMitchellNetravali.usf" 2196
"../../../Engine/Shaders/Private/PostProcessMaterialShaders.usf" 2197
"../../../Engine/Shaders/Private/PostProcessLocalExposure.usf" 2198
"../../../Engine/Shaders/Private/PostProcessLensFlares.usf" 2199
"../../../Engine/Shaders/Private/PostProcessHMD.usf" 2200
"../../../Engine/Shaders/Private/Histogram.usf" 2201
"../../../Engine/Shaders/Private/PostProcessHistogramReduce.usf" 2202
"../../../Engine/Shaders/Private/PostProcessHistogram.usf" 2203
"../../../Engine/Shaders/Private/PostProcessGBufferHints.usf" 2204
"../../../Engine/Shaders/Private/Bloom/BloomFinalizeApplyConstants.usf" 2205
"../../../Engine/Shaders/Private/Bloom/BloomCommon.ush" 2206
"../../../Engine/Shaders/Private/Bloom/BloomResizeKernel.usf" 2207
"../../../Engine/Shaders/Private/Bloom/BloomClampKernel.usf" 2208
"../../../Engine/Shaders/Private/Bloom/BloomPackKernelConstants.usf" 2209
"../../../Engine/Shaders/Private/Bloom/BloomSumScatterDispersionEnergy.usf" 2210
"../../../Engine/Shaders/Private/Bloom/BloomReduceKernelSurvey.usf" 2211
"../../../Engine/Shaders/Private/Bloom/BloomSurveyKernelCenterEnergy.usf" 2212
"../../../Engine/Shaders/Private/Bloom/BloomSurveyMaxScatterDispersion.usf" 2213
"../../../Engine/Shaders/Private/Bloom/BloomFindKernelCenter.usf" 2214
"../../../Engine/Shaders/Private/PostProcessEyeAdaptation.usf" 2215
"../../../Engine/Shaders/Private/PostProcessDownsample.usf" 2216
"../../../Engine/Shaders/Private/PostProcessDOF.usf" 2217
"../../../Engine/Shaders/Private/PostProcessDeviceEncodingOnly.usf" 2218
"../../../Engine/Shaders/Private/PostProcessCompositeEditorPrimitives.usf" 2219
"../../../Engine/Shaders/Private/PostProcessCombineLUTs.usf" 2220
"../../../Engine/Shaders/Private/PostProcessVisualizeDOF.usf" 2221
"../../../Engine/Shaders/Private/PostProcessBloom.usf" 2222
"../../../Engine/Shaders/Private/PostProcessAmbientOcclusionMobile.usf" 2223
"../../../Engine/Shaders/Private/PostProcessAmbientOcclusionCommon.ush" 2224
"../../../Engine/Shaders/Private/FXAAShader.usf" 2225
"../../../Engine/Shaders/Private/Fxaa3_11.ush" 2226
"../../../Engine/Shaders/Private/DiaphragmDOF/DOFRecombine.usf" 2227
"../../../Engine/Shaders/Private/DiaphragmDOF/DOFCommon.ush" 2228
"../../../Engine/Shaders/Private/DiaphragmDOF/DOFHybridScatterPixelShader.usf" 2229
"../../../Engine/Shaders/Private/DiaphragmDOF/DOFHybridScatterCommon.ush" 2230
"../../../Engine/Shaders/Private/DiaphragmDOF/DOFHybridScatterVertexShader.usf" 2231
"../../../Engine/Shaders/Private/DiaphragmDOF/DOFPostfiltering.usf" 2232
"../../../Engine/Shaders/Private/DiaphragmDOF/DOFGatherTileSuggest.ush" 2233
"../../../Engine/Shaders/Private/DiaphragmDOF/DOFCocTileCommon.ush" 2234
"../../../Engine/Shaders/Private/DiaphragmDOF/DOFGatherPass.usf" 2235
"../../../Engine/Shaders/Private/DiaphragmDOF/DOFGatherCommon.ush" 2236
"../../../Engine/Shaders/Private/DiaphragmDOF/DOFGatherAccumulator.ush" 2237
"../../../Engine/Shaders/Private/DiaphragmDOF/DOFGatherKernel.ush" 2238
"../../../Engine/Shaders/Private/DiaphragmDOF/DOFBokehLUT.usf" 2239
"../../../Engine/Shaders/Private/DiaphragmDOF/DOFHybridScatterCompilation.usf" 2240
"../../../Engine/Shaders/Private/DiaphragmDOF/DOFReduce.usf" 2241
"../../../Engine/Shaders/Private/DiaphragmDOF/DOFDownsample.ush" 2242
"../../../Engine/Shaders/Private/DiaphragmDOF/DOFHybridScatterCompilation.ush" 2243
"../../../Engine/Shaders/Private/DiaphragmDOF/DOFDownsample.usf" 2244
"../../../Engine/Shaders/Private/DiaphragmDOF/DOFCocTileDilate.usf" 2245
"../../../Engine/Shaders/Private/DiaphragmDOF/DOFCocTileFlatten.usf" 2246
"../../../Engine/Shaders/Private/DiaphragmDOF/DOFSetup.usf" 2247
"../../../Engine/Shaders/Private/PlanarReflectionShaders.usf" 2248
"../../../Engine/Shaders/Private/PlanarReflectionShared.ush" 2249
"../../../Engine/Shaders/Private/PhysicsFieldVisualizer.usf" 2250
"../../../Engine/Shaders/Private/PathTracing/PathTracingSpatialTemporalDenoising.usf" 2251
"../../../Engine/Shaders/Private/ColorDifference.ush" 2252
"../../../Engine/Shaders/Private/PathTracing/PathTracingCompositingPixelShader.usf" 2253
"../../../Engine/Shaders/Private/PathTracing/PathTracingMaterialHitShader.usf" 2254
"../../../Engine/Shaders/Private/PathTracing/PathTracingLightingMissShader.usf" 2255
"../../../Engine/Shaders/Private/PathTracing/PathTracingMissShader.usf" 2256
"../../../Engine/Shaders/Private/PathTracing/PathTracingBuildAtmosphereLUT.usf" 2257
"../../../Engine/Shaders/Private/PathTracing/Volume/PathTracingAtmosphereCommon.ush" 2258
"../../../Engine/Shaders/Private/PathTracing/PathTracingSwizzleScanlines.usf" 2259
"../../../Engine/Shaders/Private/PathTracing/PathTracingIESAtlas.usf" 2260
"../../../Engine/Shaders/Private/PathTracing/PathTracingInitExtinctionCoefficient.usf" 2261
"../../../Engine/Shaders/Private/PathTracing/PathTracing.usf" 2262
"../../../Engine/Shaders/Private/PathTracing/PathTracingCore.ush" 2263
"../../../Engine/Shaders/Private/RayTracing/RayTracingDecalGrid.ush" 2264
"../../../Engine/Shaders/Private/PathTracing/Utilities/PathTracingRIS.ush" 2265
"../../../Engine/Shaders/Private/PathTracing/Light/PathTracingLightGrid.ush" 2266
"../../../Engine/Shaders/Private/PathTracing/Volume/PathTracingVolume.ush" 2267
"../../../Engine/Shaders/Private/PathTracing/Volume/PathTracingVolumeCommon.ush" 2268
"../../../Engine/Shaders/Private/PathTracing/Volume/PathTracingAtmosphere.ush" 2269
"../../../Engine/Shaders/Private/DoubleWordMath.ush" 2270
"../../../Engine/Shaders/Private/PathTracing/Volume/PathTracingFog.ush" 2271
"../../../Engine/Shaders/Private/PathTracing/Volume/PathTracingVolumeSampling.ush" 2272
"../../../Engine/Shaders/Private/PathTracing/PathTracingBuildLightGrid.usf" 2273
"../../../Engine/Shaders/Private/PathTracing/PathTracingSkylightMISCompensation.usf" 2274
"../../../Engine/Shaders/Private/PathTracing/PathTracingSkylightPrepare.usf" 2275
"../../../Engine/Shaders/Private/OIT/OITSorting.usf" 2276
"../../../Engine/Shaders/Private/OITCombine.usf" 2277
"../../../Engine/Shaders/Private/OITCommon.ush" 2278
"../../../Engine/Shaders/Private/HTileVisualize.usf" 2279
"../../../Engine/Shaders/Private/HTileEncoding.ush" 2280
"../../../Engine/Shaders/Private/Nanite/NaniteDebugViews.usf" 2281
"../../../Engine/Shaders/Private/Nanite/NaniteMaterialComplexity.usf" 2282
"../../../Engine/Shaders/Private/Nanite/NaniteVisualize.usf" 2283
"../../../Engine/Shaders/Private/Nanite/NaniteStreamOut.usf" 2284
"../../../Engine/Shaders/Private/Nanite/NaniteMaterialCulling.usf" 2285
"../../../Engine/Shaders/Private/Nanite/NaniteDepthExport.usf" 2286
"../../../Engine/Shaders/Private/Nanite/NaniteExportGBuffer.usf" 2287
"../../../Engine/Shaders/Private/Nanite/NaniteRasterizer.usf" 2288
"../../../Engine/Shaders/Private/Nanite/NaniteWritePixel.ush" 2289
"../../../Engine/Shaders/Private/WorkDistribution.ush" 2290
"../../../Engine/Shaders/Private/Nanite/NaniteRasterBinning.usf" 2291
"../../../Engine/Shaders/Private/Nanite/NaniteInstanceCulling.usf" 2292
"../../../Engine/Shaders/Private/Nanite/NaniteImposter.ush" 2293
"../../../Engine/Shaders/Private/Nanite/NanitePrimitiveFilter.usf" 2294
"../../../Engine/Shaders/Private/Nanite/NanitePrintStats.usf" 2295
"../../../Engine/Shaders/Private/Nanite/NaniteEmitShadow.usf" 2296
"../../../Engine/Shaders/Private/MobileDeferredUtils.usf" 2297
"../../../Engine/Shaders/Private/MobileFog.usf" 2298
"../../../Engine/Shaders/Private/DistortApplyScreenPS.usf" 2299
"../../../Engine/Shaders/Private/MobileDeferredShading.usf" 2300
"../../../Engine/Shaders/Private/MobileLightingCommon.ush" 2301
"../../../Engine/Shaders/Private/MobileBasePassPixelShader.usf" 2302
"../../../Engine/Shaders/Private/MobileBasePassCommon.ush" 2303
"../../../Engine/Shaders/Private/BasePassCommon.ush" 2304
"../../../Engine/Shaders/Private/ShadingModelsMaterial.ush" 2305
"../../../Engine/Shaders/Private/SingleLayerWaterShading.ush" 2306
"../../../Engine/Shaders/Private/DistortionCommon.ush" 2307
"../../../Engine/Shaders/Private/MobileBasePassVertexShader.usf" 2308
"../../../Engine/Shaders/Private/Lumen/LumenVisualizeRadianceCache.usf" 2309
"../../../Engine/Shaders/Private/Lumen/LumenRadianceCacheCommon.ush" 2310
"../../../Engine/Shaders/Private/Lumen/LumenVisualizeHardwareRayTracing.usf" 2311
"../../../Engine/Shaders/Private/Lumen/LumenCardCommon.ush" 2312
"../../../Engine/Shaders/Private/Lumen/LumenTracingCommon.ush" 2313
"../../../Engine/Shaders/Private/DistanceField/GlobalDistanceFieldUtils.ush" 2314
"../../../Engine/Shaders/Private/DistanceField/GlobalDistanceFieldObjectGrid.ush" 2315
"../../../Engine/Shaders/Private/DistanceFieldLightingShared.ush" 2316
"../../../Engine/Shaders/Private/Lumen/SurfaceCache/LumenSurfaceCacheSampling.ush" 2317
"../../../Engine/Shaders/Private/Lumen/SurfaceCache/LumenSurfaceCache.ush" 2318
"../../../Engine/Shaders/Private/Lumen/LumenVisualize.ush" 2319
"../../../Engine/Shaders/Private/Lumen/LumenHardwareRayTracingCommon.ush" 2320
"../../../Engine/Shaders/Private/Lumen/LumenHardwareRayTracingPipelineCommon.ush" 2321
"../../../Engine/Shaders/Private/Lumen/LumenHardwareRayTracingPlatformCommon.ush" 2322
"../../../Engine/Shaders/Private/Lumen/LumenVisualize.usf" 2323
"../../../Engine/Shaders/Private/Lumen/LumenVisualizeTraces.ush" 2324
"../../../Engine/Shaders/Private/Lumen/LumenTranslucencyVolumeLighting.usf" 2325
"../../../Engine/Shaders/Private/Lumen/LumenRadianceCacheMarkCommon.ush" 2326
"../../../Engine/Shaders/Private/Lumen/LumenTranslucencyVolumeLightingShared.ush" 2327
"../../../Engine/Shaders/Private/Lumen/LumenTranslucencyVolumeHardwareRayTracing.usf" 2328
"../../../Engine/Shaders/Private/Lumen/LumenTranslucencyRadianceCacheMarkShaders.usf" 2329
"../../../Engine/Shaders/Private/Lumen/SurfaceCache/LumenSurfaceCacheFeedback.usf" 2330
"../../../Engine/Shaders/Private/Lumen/SurfaceCache/LumenSurfaceCache.usf" 2331
"../../../Engine/Shaders/Private/Lumen/LumenScreenSpaceBentNormal.usf" 2332
"../../../Engine/Shaders/Private/Lumen/LumenMaterial.ush" 2333
"../../../Engine/Shaders/Private/Lumen/LumenScreenProbeCommon.ush" 2334
"../../../Engine/Shaders/Private/BlueNoise.ush" 2335
"../../../Engine/Shaders/Private/Lumen/LumenScreenTracing.ush" 2336
"../../../Engine/Shaders/Private/Lumen/LumenScreenProbeTracing.usf" 2337
"../../../Engine/Shaders/Private/Lumen/LumenScreenProbeTracingCommon.ush" 2338
"../../../Engine/Shaders/Private/Lumen/LumenHairTracing.ush" 2339
"../../../Engine/Shaders/Private/Lumen/LumenScreenProbeImportanceSampling.usf" 2340
"../../../Engine/Shaders/Private/Lumen/LumenScreenProbeImportanceSamplingShared.ush" 2341
"../../../Engine/Shaders/Private/Lumen/LumenScreenProbeHardwareRayTracing.usf" 2342
"../../../Engine/Shaders/Private/Lumen/LumenScreenProbeGather.usf" 2343
"../../../Engine/Shaders/Private/Lumen/LumenScreenSpaceBentNormal.ush" 2344
"../../../Engine/Shaders/Private/Lumen/LumenScreenProbeLightSampling.usf" 2345
"../../../Engine/Shaders/Private/Lumen/LumenScreenProbeFiltering.usf" 2346
"../../../Engine/Shaders/Private/Lumen/LumenSceneLighting.usf" 2347
"../../../Engine/Shaders/Private/Lumen/LumenCardTile.ush" 2348
"../../../Engine/Shaders/Private/Lumen/LumenSceneLighting.ush" 2349
"../../../Engine/Shaders/Private/Lumen/Radiosity/LumenRadiosity.ush" 2350
"../../../Engine/Shaders/Private/Lumen/LumenCardPixelShader.usf" 2351
"../../../Engine/Shaders/Private/Lumen/LumenCardVertexShader.usf" 2352
"../../../Engine/Shaders/Private/Lumen/LumenSceneLightingDebug.usf" 2353
"../../../Engine/Shaders/Private/Lumen/LumenSceneDirectLightingHardwareRayTracing.usf" 2354
"../../../Engine/Shaders/Private/Lumen/LumenReflectionCommon.ush" 2355
"../../../Engine/Shaders/Private/Lumen/LumenSceneDirectLighting.ush" 2356
"../../../Engine/Shaders/Private/Lumen/LumenSceneDirectLightingSoftwareRayTracing.usf" 2357
"../../../Engine/Shaders/Private/DistanceFieldShadowingShared.ush" 2358
"../../../Engine/Shaders/Private/Lumen/LumenSceneDirectLightingPerLightShadowCommon.ush" 2359
"../../../Engine/Shaders/Private/Lumen/LumenSceneDirectLightingShadowMask.usf" 2360
"../../../Engine/Shaders/Private/Lumen/LumenSceneDirectLighting.usf" 2361
"../../../Engine/Shaders/Private/Lumen/LumenSceneDirectLightingCulling.usf" 2362
"../../../Engine/Shaders/Private/Lumen/LumenReflectionTracing.usf" 2363
"../../../Engine/Shaders/Private/Lumen/LumenReflections.usf" 2364
"../../../Engine/Shaders/Private/Lumen/LumenReflectionHardwareRayTracing.usf" 2365
"../../../Engine/Shaders/Private/Lumen/Radiosity/LumenVisualizeRadiosityProbes.usf" 2366
"../../../Engine/Shaders/Private/Lumen/Radiosity/LumenRadiosity.usf" 2367
"../../../Engine/Shaders/Private/RayTracing/RayGenUtils.ush" 2368
"../../../Engine/Shaders/Private/Lumen/Radiosity/LumenRadiosityHardwareRayTracing.usf" 2369
"../../../Engine/Shaders/Private/Lumen/Radiosity/LumenRadiosityCulling.usf" 2370
"../../../Engine/Shaders/Private/Lumen/LumenRadianceCacheHardwareRayTracing.usf" 2371
"../../../Engine/Shaders/Private/Lumen/LumenRadianceCacheTracingCommon.ush" 2372
"../../../Engine/Shaders/Private/Lumen/LumenRadianceCache.usf" 2373
"../../../Engine/Shaders/Private/Lumen/LumenRadianceCacheUpdate.ush" 2374
"../../../Engine/Shaders/Private/Lumen/LumenRadianceCacheDebug.usf" 2375
"../../../Engine/Shaders/Private/Lumen/LumenRadianceCacheUpdate.usf" 2376
"../../../Engine/Shaders/Private/Lumen/LumenMeshSDFCulling.usf" 2377
"../../../Engine/Shaders/Private/HybridIndirectLighting.ush" 2378
"../../../Engine/Shaders/Private/MeshDistanceFieldCommon.ush" 2379
"../../../Engine/Shaders/Private/Lumen/LumenIrradianceFieldGather.usf" 2380
"../../../Engine/Shaders/Private/Lumen/LumenHardwareRayTracingMaterials.usf" 2381
"../../../Engine/Shaders/Private/Lumen/LumenHardwareRayTracingPipeline.usf" 2382
"../../../Engine/Shaders/Private/Lumen/LumenFrontLayerTranslucency.usf" 2383
"../../../Engine/Shaders/Private/LightShaftShader.usf" 2384
"../../../Engine/Shaders/Private/StationaryLightOverlapShaders.usf" 2385
"../../../Engine/Shaders/Private/DeferredLightPixelShaders.usf" 2386
"../../../Engine/Shaders/Private/HairStrands/HairStrandsVisibilityUtils.ush" 2387
"../../../Engine/Shaders/Private/DeferredLightVertexShaders.usf" 2388
"../../../Engine/Shaders/Private/LightMapDensityShader.usf" 2389
"../../../Engine/Shaders/Private/LightGridInjection.usf" 2390
"../../../Engine/Shaders/Private/LightFunctionPixelShader.usf" 2391
"../../../Engine/Shaders/Private/LightFunctionVertexShader.usf" 2392
"../../../Engine/Shaders/Private/InstanceCulling/BuildInstanceDrawCommands.usf" 2393
"../../../Engine/Shaders/Private/InstanceCulling/InstanceCompactionCommon.ush" 2394
"../../../Engine/Shaders/Private/InstanceCulling/CompactVisibleInstances.usf" 2395
"../../../Engine/Shaders/Private/ThreadGroupPrefixSum.ush" 2396
"../../../Engine/Shaders/Private/ReflectionEnvironmentPixelShader.usf" 2397
"../../../Engine/Shaders/Private/Strata/StrataEnvironmentLighting.ush" 2398
"../../../Engine/Shaders/Private/AmbientCubemapComposite.usf" 2399
"../../../Engine/Shaders/Private/DiffuseIndirectComposite.usf" 2400
"../../../Engine/Shaders/Private/HeterogeneousVolumes/HeterogeneousVolumesSparseVoxelPipeline.usf" 2401
"../../../Engine/Shaders/Private/HeterogeneousVolumes/HeterogeneousVolumesSparseVoxelUtils.ush" 2402
"../../../Engine/Shaders/Private/HeterogeneousVolumes/HeterogeneousVolumesSparseVoxelUniformBufferUtils.ush" 2403
"../../../Engine/Shaders/Private/HeterogeneousVolumes/HeterogeneousVolumesPreshadingPipeline.usf" 2404
"../../../Engine/Shaders/Private/HeterogeneousVolumes/HeterogeneousVolumesTracingUtils.ush" 2405
"../../../Engine/Shaders/Private/HeterogeneousVolumes/HeterogeneousVolumesLightingUtils.ush" 2406
"../../../Engine/Shaders/Private/HeterogeneousVolumes/HeterogeneousVolumesRayMarchingUtils.ush" 2407
"../../../Engine/Shaders/Private/HeterogeneousVolumes/HeterogeneousVolumesTransmittanceVolumeUtils.ush" 2408
"../../../Engine/Shaders/Private/HeterogeneousVolumes/HeterogeneousVolumesMaterialBakingPipeline.usf" 2409
"../../../Engine/Shaders/Private/HeterogeneousVolumes/HeterogeneousVolumesLiveShadingUtils.ush" 2410
"../../../Engine/Shaders/Private/HeterogeneousVolumes/HeterogeneousVolumesLiveShadingPipeline.usf" 2411
"../../../Engine/Shaders/Private/HeterogeneousVolumes/HeterogeneousVolumesHardwareRayTracing.usf" 2412
"../../../Engine/Shaders/Private/HeterogeneousVolumes/HeterogeneousVolumesComposite.usf" 2413
"../../../Engine/Shaders/Private/HdrCustomResolveShaders.usf" 2414
"../../../Engine/Shaders/Private/HairStrands/HairStrandsVoxelMip.usf" 2415
"../../../Engine/Shaders/Private/HairStrands/HairStrandsVoxelRasterCompute.usf" 2416
"../../../Engine/Shaders/Private/HairStrands/HairStrandsClusterCommon.ush" 2417
"../../../Engine/Shaders/Private/HairStrands/HairStrandsVoxelPageAllocation.usf" 2418
"../../../Engine/Shaders/Private/Matrices.ush" 2419
"../../../Engine/Shaders/Private/HairStrands/HairStrandsAABBCommon.ush" 2420
"../../../Engine/Shaders/Private/HairStrands/HairStrandsVoxelOpaque.usf" 2421
"../../../Engine/Shaders/Private/HairStrands/HairStrandsRaytracingGeometry.usf" 2422
"../../../Engine/Shaders/Private/HairStrands/HairStrandsHitProxy.usf" 2423
"../../../Engine/Shaders/Private/HairStrands/HairStrandsVisibilityRasterComputeNaive.usf" 2424
"../../../Engine/Shaders/Private/HairStrands/HairStrandsVisibilityRasterHW.usf" 2425
"../../../Engine/Shaders/Private/HairStrands/HairStrandsVisibilityRasterCompute.usf" 2426
"../../../Engine/Shaders/Private/HairStrands/HairStrandsVisibilityRasterClassification.usf" 2427
"../../../Engine/Shaders/Private/HairStrands/HairStrandsCoverage.usf" 2428
"../../../Engine/Shaders/Private/HairStrands/HairStrandsVisibilityDepthPS.usf" 2429
"../../../Engine/Shaders/Private/HairStrands/HairStrandsVisibilityTransmittanceDepthPS.usf" 2430
"../../../Engine/Shaders/Private/HairStrands/HairStrandsVisibilityFillOpaqueDepthPS.usf" 2431
"../../../Engine/Shaders/Private/HairStrands/HairStrandsVisibilityCompactionComputeRaster.usf" 2432
"../../../Engine/Shaders/Private/HairStrands/HairStrandsVisibilityCompaction.usf" 2433
"../../../Engine/Shaders/Private/HairStrands/HairStrandsVisibilityCopyIndirectArg.usf" 2434
"../../../Engine/Shaders/Private/HairStrands/HairStrandsVisibilityClearPS.usf" 2435
"../../../Engine/Shaders/Private/HairStrands/HairStrandsVisibilityPS.usf" 2436
"../../../Engine/Shaders/Private/HairStrands/HairStrandsVisibilityVS.usf" 2437
"../../../Engine/Shaders/Private/HairStrands/HairStrandsVelocity.usf" 2438
"../../../Engine/Shaders/Private/HairStrands/HairStrandsVisibilityComputeSampleCoverage.usf" 2439
"../../../Engine/Shaders/Private/HairStrands/HairStrandsMaterialPS.usf" 2440
"../../../Engine/Shaders/Private/HairStrands/HairStrandsMaterialCommon.ush" 2441
"../../../Engine/Shaders/Private/HairStrands/HairStrandsMaterialVS.usf" 2442
"../../../Engine/Shaders/Private/HairStrands/HairStrandsLightSample.usf" 2443
"../../../Engine/Shaders/Private/HairStrands/HairStrandsDeepShadowMask.usf" 2444
"../../../Engine/Shaders/Private/HairStrands/HairStrandsDeepShadowCommon.ush" 2445
"../../../Engine/Shaders/Private/HairStrands/HairStrandsDeepTransmittanceMask.usf" 2446
"../../../Engine/Shaders/Private/HairStrands/HairStrandsVisibilityTile.usf" 2447
"../../../Engine/Shaders/Private/HairStrands/HairStrandsDeepShadowPS.usf" 2448
"../../../Engine/Shaders/Private/HairStrands/HairStrandsDeepShadowVS.usf" 2449
"../../../Engine/Shaders/Private/HairStrands/HairStrandsLUT.usf" 2450
"../../../Engine/Shaders/Private/HairStrands/HairStrandsEnvironmentLighting.usf" 2451
"../../../Engine/Shaders/Private/HairStrands/HairStrandsEnvironmentLightingCommon.ush" 2452
"../../../Engine/Shaders/Private/HairStrands/HairStrandsDebugCommonStruct.ush" 2453
"../../../Engine/Shaders/Private/HairStrands/HairStrandsEnvironmentAO.usf" 2454
"../../../Engine/Shaders/Private/HairStrands/HairStrandsDeepShadowAllocation.usf" 2455
"../../../Engine/Shaders/Private/HairStrands/HairStrandsVoxelDepthInjection.usf" 2456
"../../../Engine/Shaders/Private/HairStrands/HairStrandsClusterCulling.usf" 2457
"../../../Engine/Shaders/Private/HairStrands/HairStrandsDebug.usf" 2458
"../../../Engine/Shaders/Private/HairStrands/HairStrandsMeshProjectionCommon.ush" 2459
"../../../Engine/Shaders/Private/HairStrands/HairStrandsVoxelPageRayMarching.usf" 2460
"../../../Engine/Shaders/Private/HairStrands/HairStrandsGBufferWrite.usf" 2461
"../../../Engine/Shaders/Private/HairStrands/HairStrandsGBufferCommon.ush" 2462
"../../../Engine/Shaders/Private/HairStrands/HairStrandsVisibilityComposeSubPixelPS.usf" 2463
"../../../Engine/Shaders/Private/HairStrands/HairStrandsAABB.usf" 2464
"../../../Engine/Shaders/Private/GPUScene/GPUSceneDataManagement.usf" 2465
"../../../Engine/Shaders/Private/GPUSceneDebugRender.usf" 2466
"../../../Engine/Shaders/Private/GPUFastFourierTransform.usf" 2467
"../../../Engine/Shaders/Private/GPUFastFourierTransform2DCore.ush" 2468
"../../../Engine/Shaders/Private/GPUFastFourierTransformCore.ush" 2469
"../../../Engine/Shaders/Private/GPUBenchmark.usf" 2470
"../../../Engine/Shaders/Private/DistanceField/GlobalDistanceFieldDebug.usf" 2471
"../../../Engine/Shaders/Private/DistanceField/GlobalDistanceFieldMip.usf" 2472
"../../../Engine/Shaders/Private/DistanceField/GlobalDistanceField.usf" 2473
"../../../Engine/Shaders/Private/DistanceField/GlobalDistanceFieldUpdate.ush" 2474
"../../../Engine/Shaders/Private/DistanceField/GlobalDistanceFieldCompositeObjects.usf" 2475
"../../../Engine/Shaders/Private/DistanceField/GlobalDistanceFieldHeightfields.usf" 2476
"../../../Engine/Shaders/Private/HeightfieldLightingShared.ush" 2477
"../../../Engine/Shaders/Private/GenerateConservativeDepth.usf" 2478
"../../../Engine/Shaders/Private/HeightFogPixelShader.usf" 2479
"../../../Engine/Shaders/Private/HeightFogVertexShader.usf" 2480
"../../../Engine/Shaders/Private/DistortFiltering.usf" 2481
"../../../Engine/Shaders/Private/DistortAccumulatePS.usf" 2482
"../../../Engine/Shaders/Private/DistortAccumulateVS.usf" 2483
"../../../Engine/Shaders/Private/DistanceFieldVisualization.usf" 2484
"../../../Engine/Shaders/Private/DistanceFieldStreaming.usf" 2485
"../../../Engine/Shaders/Private/DistanceFieldShadowing.usf" 2486
"../../../Engine/Shaders/Private/DistanceFieldScreenGridLighting.usf" 2487
"../../../Engine/Shaders/Private/DistanceFieldObjectCulling.usf" 2488
"../../../Engine/Shaders/Private/DistanceFieldLightingPost.usf" 2489
"../../../Engine/Shaders/Private/DitheredTransitionStencil.usf" 2490
"../../../Engine/Shaders/Private/DepthOnlyPixelShader.usf" 2491
"../../../Engine/Shaders/Private/DepthOnlyVertexShader.usf" 2492
"../../../Engine/Shaders/Private/PositionOnlyDepthVertexShader.usf" 2493
"../../../Engine/Shaders/Private/DeferredDecal.usf" 2494
"../../../Engine/Shaders/Private/DecalCommon.ush" 2495
"../../../Engine/Shaders/Private/DebugViewModeVertexShader.usf" 2496
"../../../Engine/Shaders/Private/DebugViewModeCommon.ush" 2497
"../../../Engine/Shaders/Private/DebugViewModePixelShader.usf" 2498
"../../../Engine/Shaders/Private/DebugProbes.usf" 2499
"../../../Engine/Shaders/Private/MeshDecals.usf" 2500
"../../../Engine/Shaders/Private/PostProcessAmbientOcclusion.usf" 2501
"../../../Engine/Shaders/Private/ClusteredDeferredShadingPixelShader.usf" 2502
"../../../Engine/Shaders/Private/ClusteredDeferredShadingVertexShader.usf" 2503
"../../../Engine/Shaders/Private/CapsuleShadowShaders.usf" 2504
"../../../Engine/Shaders/Private/BasePassPixelShader.usf" 2505
"../../../Engine/Shaders/Private/ThinTranslucentCommon.ush" 2506
"../../../Engine/Shaders/Private/ForwardLightingCommon.ush" 2507
"../../../Engine/Shaders/Private/Strata/StrataForwardLighting.ush" 2508
"../../../Engine/Shaders/Private/ComputeShaderOutputCommon.ush" 2509
"../../../Engine/Shaders/Private/BasePassVertexShader.usf" 2510
"../../../Engine/Shaders/Private/BasePassVertexCommon.ush" 2511
"../../../Engine/Shaders/Private/AnisotropyPassShader.usf" 2512
"../../../Engine/Shaders/Private/SimpleElementVolumeTexturePreviewPixelShader.usf" 2513
"../../../Engine/Shaders/Private/SimpleElementTexture2DPreviewPixelShader.usf" 2514
"../../../Engine/Shaders/Private/meshpaintdilatepixelshader.usf" 2515
"../../../Engine/Shaders/Private/meshpaintdilatevertexshader.usf" 2516
"../../../Engine/Shaders/Private/MeshPaintPixelShader.usf" 2517
"../../../Engine/Shaders/Private/MeshPaintVertexShader.usf" 2518
"../../../Engine/Shaders/Private/Tools/VisualizeTexture.usf" 2519
"../../../Engine/Shaders/Private/ByteBuffer.usf" 2520
"../../../Engine/Shaders/Private/ResolveVertexShader.usf" 2521
"../../../Engine/Shaders/Private/ResolvePixelShader.usf" 2522
"../../../Engine/Shaders/Private/Tools/SetupIndirectArgs.usf" 2523
"../../../Engine/Shaders/Private/Tools/ClearUAV.usf" 2524
"../../../Engine/Shaders/Private/ClearReplacementShaders.usf" 2525
"../../../Engine/Shaders/Private/Tools/DrawTexture.usf" 2526
"../../../Engine/Shaders/Private/RayTracing/RayTracingValidation.usf" 2527
"../../../Engine/Shaders/Private/RenderGraphUtilities.usf" 2528
"../../../Engine/Shaders/Private/OneColorShader.usf" 2529
"../../../Engine/Shaders/Private/OculusShaders.usf" 2530
"../../../Engine/Shaders/Private/MediaShaders.usf" 2531
"../../../Engine/Shaders/Private/GPUMessaging.usf" 2532
"../../../Engine/Shaders/Private/NullPixelShader.usf" 2533
"../../../Engine/Shaders/Private/ComputeGenerateMips.usf" 2534
"../../../Engine/Shaders/Private/Tools/DumpTexture.usf" 2535
"../../../Engine/Shaders/Private/CopyTextureShaders.usf" 2536
"../../../Engine/Shaders/Private/Tools/FullscreenVertexShader.usf" 2537
"../../../Engine/Shaders/Private/RayTracing/RayTracingDispatchDesc.usf" 2538
"../../../Engine/Shaders/Private/RayTracing/RayTracingBuiltInShaders.usf" 2539
"../../../Engine/Shaders/Private/Bink.usf" 2540
"../../../../../Repos/HotelSimulator/PeterSimulator/Intermediate/ShaderAutogen/PCD3D_SM5/AutogenShaderHeaders.ush" 2541
"../../../Engine/Content/EditorResources/S_Actor.uasset" 2542
"C:/Users/rafal/AppData/Local/UnrealEngine/Common/DerivedDataCache/Buckets/BulkDataList/9f/4b/a68b93d713b58405052a28b2c4ffce2b9738.udd" 2543
"../../../../../Repos/HotelSimulator/PeterSimulator/Intermediate/ShaderAutogen/PCD3D_SM6/AutogenShaderHeaders.ush" 2544
"../../../../../Repos/HotelSimulator/PeterSimulator/Intermediate/ShaderAutogen/PCD3D_ES3_1/AutogenShaderHeaders.ush" 2545
"../../../Engine/Content/EditorResources/S_BoxReflectionCapture.uasset" 2546
"C:/Users/rafal/AppData/Local/UnrealEngine/Common/DerivedDataCache/Buckets/BulkDataList/85/45/91598d33cb1e819b17d5629359faa7076796.udd" 2547
"../../../Engine/Content/EngineResources/DefaultTexture.uasset" 2548
"C:/Users/rafal/AppData/Local/UnrealEngine/Common/DerivedDataCache/Buckets/BulkDataList/b1/a9/e0135e2e0db9e438a965d5cf04068b76c403.udd" 2549
"../../../Engine/Content/EngineResources/DefaultTextureCube.uasset" 2550
"C:/Users/rafal/AppData/Local/UnrealEngine/Common/DerivedDataCache/Buckets/BulkDataList/31/7e/a7305f93ccffbc8f63cab6b32fb682d6f089.udd" 2551
"../../../Engine/Content/EngineResources/DefaultVolumeTexture.uasset" 2552
"../../../Engine/Content/EngineResources/DefaultVolumeTexture2D.uasset" 2553
"C:/Users/rafal/AppData/Local/UnrealEngine/Common/DerivedDataCache/Buckets/BulkDataList/73/d0/069567468df55894d11551e57a7cb3c4a047.udd" 2554
"C:/Users/rafal/AppData/Local/UnrealEngine/Common/DerivedDataCache/Buckets/BulkDataList/7b/f8/545577d8df00468c9b157279ccd02217c14c.udd" 2555
"../../../Engine/Content/EngineFonts/RobotoDistanceField.uasset" 2556
"C:/Users/rafal/AppData/Local/UnrealEngine/Common/DerivedDataCache/Buckets/BulkDataList/d9/d4/c10f5d4bc5ffda22f1b3df2468e08c9af2fe.udd" 2557
"../../../Engine/Content/EngineMaterials/DefaultTextMaterialOpaque.uasset" 2558
"../../../Engine/Content/Functions/Engine_MaterialFunctions01/Shading/PowerToRoughness.uasset" 2559
"../../../Engine/Content/Functions/Engine_MaterialFunctions01/Shading/ConvertFromDiffSpec.uasset" 2560
"../../../Engine/Content/EngineMaterials/WorldGridMaterial.uasset" 2561
"../../../Engine/Content/Functions/Engine_MaterialFunctions01/Opacity/CameraDepthFade.uasset" 2562
"../../../Engine/Content/EngineMaterials/T_Default_Material_Grid_M.uasset" 2563
"../../../Engine/Content/EngineMaterials/T_Default_Material_Grid_N.uasset" 2564
"../../../Engine/Content/EngineMaterials/DefaultDeferredDecalMaterial.uasset" 2565
"../../../Engine/Content/EngineMaterials/DefaultDiffuse.uasset" 2566
"../../../Engine/Content/EngineMaterials/DefaultLightFunctionMaterial.uasset" 2567
"../../../Engine/Content/EngineMaterials/DefaultPostProcessMaterial.uasset" 2568
"../../../Engine/Content/Functions/Engine_MaterialFunctions02/Utility/BreakOutFloat2Components.uasset" 2569
"C:/Users/rafal/AppData/Local/UnrealEngine/Common/DerivedDataCache/Buckets/BulkDataList/c8/50/5eb7870ef44ca97de7a71996259ddcc683f8.udd" 2570
"C:/Users/rafal/AppData/Local/UnrealEngine/Common/DerivedDataCache/Buckets/BulkDataList/c7/85/13910748078a3841d50bc3232266cac08692.udd" 2571
"C:/Users/rafal/AppData/Local/UnrealEngine/Common/DerivedDataCache/Buckets/BulkDataList/58/e9/205333e5aab746c62c3ec8d74d9055c34e15.udd" 2572
"../../../Engine/Content/EditorResources/S_Trigger.uasset" 2573
"C:/Users/rafal/AppData/Local/UnrealEngine/Common/DerivedDataCache/Buckets/BulkDataList/bc/3d/d465f4ff6218b69ced7f681f70c701fcbe23.udd" 2574
"../../../Engine/Content/EditorResources/S_TriggerBox.uasset" 2575
"C:/Users/rafal/AppData/Local/UnrealEngine/Common/DerivedDataCache/Buckets/BulkDataList/40/c5/afd7e3e952aab501b68049c9d62f91ba6300.udd" 2576
"../../../Engine/Content/EditorResources/S_TriggerCapsule.uasset" 2577
"C:/Users/rafal/AppData/Local/UnrealEngine/Common/DerivedDataCache/Buckets/BulkDataList/c2/ca/2646bb675e0612745147a4fe7e4b222632cc.udd" 2578
"../../../Engine/Content/EditorResources/S_TriggerSphere.uasset" 2579
"C:/Users/rafal/AppData/Local/UnrealEngine/Common/DerivedDataCache/Buckets/BulkDataList/b4/4d/9221eef0773dd29c96d157a85a12c5583e9c.udd" 2580
"../../../Engine/Content/EngineDamageTypes/DmgTypeBP_Environmental.uasset" 2581
"../../../Engine/Content/EngineSky/VolumetricClouds/m_SimpleVolumetricCloud_Inst.uasset" 2582
"../../../Engine/Content/EngineSky/VolumetricClouds/m_SimpleVolumetricCloud.uasset" 2583
"../../../Engine/Content/Functions/Engine_MaterialFunctions02/Utility/MakeFloat2.uasset" 2584
"../../../Engine/Content/EngineSky/VolumetricClouds/CloudGradientTexture.uasset" 2585
"../../../Engine/Content/EngineSky/VolumetricClouds/CloudWeatherTexture.uasset" 2586
"../../../Engine/Content/EngineSky/VolumetricClouds/T_VolumeNoiseErosion32.uasset" 2587
"../../../Engine/Content/EngineSky/VolumetricClouds/T_NoiseErosion.uasset" 2588
"../../../Engine/Content/EngineSky/VolumetricClouds/T_VolumeNoiseShape64.uasset" 2589
"../../../Engine/Content/EngineSky/VolumetricClouds/T_NoiseShape64.uasset" 2590
"C:/Users/rafal/AppData/Local/UnrealEngine/Common/DerivedDataCache/Buckets/BulkDataList/59/a0/886093b58b1d0b72bd71c4016738bf35cba2.udd" 2591
"C:/Users/rafal/AppData/Local/UnrealEngine/Common/DerivedDataCache/Buckets/BulkDataList/21/00/04381c53383e63b16ac8eb652643fd505d3d.udd" 2592
"C:/Users/rafal/AppData/Local/UnrealEngine/Common/DerivedDataCache/Buckets/BulkDataList/41/75/e2ff7fc92dfe0e21cd65d6b95cc6b7fef17c.udd" 2593
"C:/Users/rafal/AppData/Local/UnrealEngine/Common/DerivedDataCache/Buckets/BulkDataList/e5/66/fd6a44a3d4e02a1e955b8f6ed29e486ee4b7.udd" 2594
"C:/Users/rafal/AppData/Local/UnrealEngine/Common/DerivedDataCache/Buckets/BulkDataList/8d/c1/f4862f5b193060df8b2e3790f0b570065d83.udd" 2595
"C:/Users/rafal/AppData/Local/UnrealEngine/Common/DerivedDataCache/Buckets/BulkDataList/19/88/faee92b7d5abc3b28d222fa5e2aee7bd73fa.udd" 2596
"../../../Engine/Content/EngineMeshes/Sphere.uasset" 2597
"C:/Users/rafal/AppData/Local/UnrealEngine/Common/DerivedDataCache/Buckets/LegacyNavCollision/94/37/4c3f5535d8f986b34ca221a8b4758dc6b152.udd" 2598
"../../../Engine/Content/EngineResources/WhiteSquareTexture.uasset" 2599
"C:/Users/rafal/AppData/Local/UnrealEngine/Common/DerivedDataCache/Buckets/BulkDataList/f5/45/bebd80fa3cdd1a1c5b4ac7d627fd761b6157.udd" 2600
"../../../Engine/Content/EngineResources/GradientTexture0.uasset" 2601
"C:/Users/rafal/AppData/Local/UnrealEngine/Common/DerivedDataCache/Buckets/BulkDataList/d0/f5/5c06d564038b762702c2de04a13fe05baf1a.udd" 2602
"../../../Engine/Content/EngineResources/Black.uasset" 2603
"C:/Users/rafal/AppData/Local/UnrealEngine/Common/DerivedDataCache/Buckets/BulkDataList/fc/11/c1fc11afc9295cdb4bf1a7bfdbcc8234dbe7.udd" 2604
"../../../Engine/Content/EditorMaterials/WorldPartition/WorldPartitionSpatialHashGridPreviewMaterial.uasset" 2605
"../../../Engine/Content/Functions/Engine_MaterialFunctions02/Utility/BreakOutFloat3Components.uasset" 2606
"../../../Engine/Content/Functions/Engine_MaterialFunctions02/Utility/MakeFloat3.uasset" 2607
"../../../Engine/Content/Functions/Engine_MaterialFunctions02/Utility/MakeFloat4.uasset" 2608
"../../../Engine/Content/EngineMaterials/Widget3DPassThrough_Translucent.uasset" 2609
"../../../Engine/Content/EngineMaterials/Widget3DPassThrough.uasset" 2610
"../../../Engine/Content/EngineMaterials/Widget3DPassThrough_Translucent_OneSided.uasset" 2611
"../../../Engine/Content/EngineMaterials/Widget3DPassThrough_Opaque.uasset" 2612
"../../../Engine/Content/EngineMaterials/Widget3DPassThrough_Opaque_OneSided.uasset" 2613
"../../../Engine/Content/EngineMaterials/Widget3DPassThrough_Masked.uasset" 2614
"../../../Engine/Content/EngineMaterials/Widget3DPassThrough_Masked_OneSided.uasset" 2615
"../../../Engine/Content/VREditor/TransformGizmo/PlaneTranslationHandle.uasset" 2616
"../../../Engine/Content/VREditor/TransformGizmo/TransformGizmoMaterial.uasset" 2617
"../../../Engine/Content/VREditor/LaserPointer/VR_LaserPower_01.uasset" 2618
"../../../Engine/Content/VREditor/TransformGizmo/TranslucentTransformGizmoMaterial.uasset" 2619
"C:/Users/rafal/AppData/Local/UnrealEngine/Common/DerivedDataCache/Buckets/BulkDataList/20/4e/cb90e0dc2643804eabd03d3cf4ba08545b8e.udd" 2620
"../../../Engine/Content/VREditor/TransformGizmo/BoundingBoxCorner.uasset" 2621
"../../../Engine/Content/VREditor/TransformGizmo/BoundingBoxEdge.uasset" 2622
"../../../Engine/Content/VREditor/TransformGizmo/SM_Sequencer_Node.uasset" 2623
"../../../Engine/Content/VREditor/TransformGizmo/Main.uasset" 2624
"../../../Engine/Content/VREditor/TransformGizmo/Xray.uasset" 2625
"../../../Engine/Content/EditorMeshes/Camera/SM_CraneRig_Base.uasset" 2626
"../../../Engine/Content/EditorMaterials/Camera/MI_CineMat_Rig.uasset" 2627
"../../../Engine/Content/EditorMaterials/Camera/CineMat.uasset" 2628
"../../../Engine/Content/EditorMeshes/Camera/SM_CraneRig_Arm.uasset" 2629
"../../../Engine/Content/EditorMeshes/Camera/SM_CraneRig_Mount.uasset" 2630
"../../../Engine/Content/EditorMeshes/Camera/SM_CraneRig_Body.uasset" 2631
"../../../Engine/Content/EditorMeshes/Camera/SM_RailRig_Track.uasset" 2632
"../../../Engine/Content/EditorMeshes/Camera/SM_RailRig_Mount.uasset" 2633
"../../../Engine/Content/ArtTools/RenderToTexture/Meshes/S_1_Unit_Plane.uasset" 2634
"../../../Engine/Content/EngineDebugMaterials/M_SimpleUnlitTranslucent.uasset" 2635
"../../../Engine/Content/EngineFonts/Roboto.uasset" 2636
"../../../Engine/Content/EngineFonts/Faces/DroidSansFallback.uasset" 2637
"../../../Engine/Content/EngineFonts/Faces/RobotoBold.uasset" 2638
"../../../Engine/Content/EngineFonts/Faces/RobotoBoldItalic.uasset" 2639
"../../../Engine/Content/EngineFonts/Faces/RobotoItalic.uasset" 2640
"../../../Engine/Content/EngineFonts/Faces/RobotoLight.uasset" 2641
"../../../Engine/Content/EngineFonts/Faces/RobotoRegular.uasset" 2642
"../../../Engine/Content/EditorMaterials/ParticleSystems/PSysThumbnail_NoImage.uasset" 2643
"C:/Users/rafal/AppData/Local/UnrealEngine/Common/DerivedDataCache/Buckets/BulkDataList/29/aa/a9ef271930af83028d3befe09653de15a9ac.udd" 2644
"../../../Engine/Content/EditorMaterials/ParticleSystems/PSysThumbnail_OOD.uasset" 2645
"C:/Users/rafal/AppData/Local/UnrealEngine/Common/DerivedDataCache/Buckets/BulkDataList/ef/21/5a8e744718e5d74ce1d70451eae685df6b5d.udd" 2646
"../../../Engine/Content/EditorLandscapeResources/SplineEditorMesh.uasset" 2647
"../../../Engine/Content/EditorLandscapeResources/SplineEditorMeshMat.uasset" 2648
"../../../Engine/Content/EditorLandscapeResources/DataLayer.uasset" 2649
"../../../Engine/Content/EditorMeshes/EditorSphere.uasset" 2650
"../../../Engine/Content/EditorResources/S_Solver.uasset" 2651
"C:/Users/rafal/AppData/Local/UnrealEngine/Common/DerivedDataCache/Buckets/BulkDataList/a7/37/d6206486d9c5c93aaefda469d49487f51827.udd" 2652
"../../../Engine/Content/EngineDebugMaterials/VolumeToRender.uasset" 2653
"C:/Users/rafal/AppData/Local/UnrealEngine/Common/DerivedDataCache/Buckets/BulkDataList/ff/01/fe9b9e11533a59d2afecee4de780274fba7b.udd" 2654
"../../../Engine/Content/EngineDebugMaterials/M_VolumeRenderSphereTracePP.uasset" 2655
"../../../Engine/Content/Functions/Engine_MaterialFunctions02/Utility/CameraDirectionVector.uasset" 2656
"../../../Engine/Content/Internationalization/icudt64l/coll/ucadata.icu" 2657
"../../../Engine/Content/Internationalization/icudt64l/coll/en.res" 2658
"../../../Engine/Content/Internationalization/icudt64l/coll/root.res" 2659
"../../../Engine/Content/Animation/DefaultAnimBoneCompressionSettings.uasset" 2660
"../../../Engine/Content/Animation/DefaultRecorderBoneCompression.uasset" 2661
"../../../Engine/Content/Animation/DefaultAnimCurveCompressionSettings.uasset" 2662
"../../Plugins/Animation/ControlRig/Content/Controls/ControlRigXRayMaterial.uasset" 2663
"../../Plugins/Animation/ControlRig/Content/Controls/DefaultGizmoLibraryNormalized.uasset" 2664
"../../Plugins/Animation/ControlRig/Content/M_Manip.uasset" 2665
"../../../Engine/Content/Functions/Engine_MaterialFunctions02/WorldPositionOffset/CameraOffset.uasset" 2666
"../../Plugins/2D/Paper2D/Content/MaskedUnlitSpriteMaterial.uasset" 2667
"../../Plugins/2D/Paper2D/Content/DefaultSpriteMaterial.uasset" 2668
"../../Plugins/2D/Paper2D/Content/PlaceholderTextures/DummySpriteTexture.uasset" 2669
"C:/Users/rafal/AppData/Local/UnrealEngine/Common/DerivedDataCache/Buckets/BulkDataList/35/7f/6b74aeb67ca0a05965e05aad7cf2dbdfdcec.udd" 2670
"../../Plugins/2D/Paper2D/Content/OpaqueUnlitSpriteMaterial.uasset" 2671
"../../Plugins/2D/Paper2D/Content/DefaultPaperTerrainMaterial.uasset" 2672
"../../Plugins/2D/Paper2D/Content/DummySprite.uasset" 2673
"../../Plugins/Editor/SpeedTreeImporter/Content/SpeedTree9/SpeedTreeMaster.uasset" 2674
"../../../Engine/Content/Functions/Engine_MaterialFunctions02/ObjectLocalBounds.uasset" 2675
"../../../Engine/Content/Functions/Engine_MaterialFunctions02/SafeNormalize.uasset" 2676
"../../../Engine/Content/Functions/Engine_MaterialFunctions02/Utility/VectorLength.uasset" 2677
"../../../Engine/Content/Functions/Engine_MaterialFunctions02/UVs/BoundingBoxBased_0-1_UVW.uasset" 2678
"../../../Engine/Content/Functions/Engine_MaterialFunctions02/WorldPositionOffset/ObjectScale.uasset" 2679
"../../Plugins/Editor/SpeedTreeImporter/Content/SpeedTree9/SpeedTreeBranchMotion.uasset" 2680
"../../Plugins/Editor/SpeedTreeImporter/Content/SpeedTree9/SpeedTreeWindMotion.uasset" 2681
"../../Plugins/Editor/SpeedTreeImporter/Content/SpeedTree9/game_wind_noise.uasset" 2682
"../../Plugins/Editor/SpeedTreeImporter/Content/SpeedTree9/UnpackDirection.uasset" 2683
"../../Plugins/Editor/SpeedTreeImporter/Content/SpeedTree9/UnpackInteger3.uasset" 2684
"../../Plugins/Editor/SpeedTreeImporter/Content/SpeedTree9/SpeedTreeCameraFacing.uasset" 2685
"../../Plugins/Editor/SpeedTreeImporter/Content/SpeedTree9/SpeedTreeWind.uasset" 2686
"../../Plugins/Editor/SpeedTreeImporter/Content/SpeedTree9/Empty.uasset" 2687
"../../Plugins/Editor/SpeedTreeImporter/Content/SpeedTree9/EmptyNormal.uasset" 2688
"C:/Users/rafal/AppData/Local/UnrealEngine/Common/DerivedDataCache/Buckets/BulkDataList/c2/f6/bb7fc585e5c189f7daf068e1e1de1947c90a.udd" 2689
"C:/Users/rafal/AppData/Local/UnrealEngine/Common/DerivedDataCache/Buckets/BulkDataList/5b/ed/c7e4e1a6c3909f6c4b25f2dc49b67910eb54.udd" 2690
"C:/Users/rafal/AppData/Local/UnrealEngine/Common/DerivedDataCache/Buckets/BulkDataList/e1/d9/eecdf8bbc1858f6576c8d60e3b86bb293649.udd" 2691
"../../Plugins/Editor/SpeedTreeImporter/Content/SpeedTree9/SpeedTreeBillboardMaster.uasset" 2692
"../../Plugins/Editor/SpeedTreeImporter/Content/SpeedTree9/SpeedTreeBillboard.uasset" 2693
"../../Plugins/Media/MediaPlate/Content/SM_MediaPlateScreen.uasset" 2694
"D:/Repos/HotelSimulator/PeterSimulator/Saved/Config/WindowsEditor/ObjectMixerSerializedData.ini" 2695
"../../../Engine/Content/EngineMaterials/RemoveSurfaceMaterial.uasset" 2696
"../../../Engine/Content/EngineDebugMaterials/DebugMeshMaterial.uasset" 2697
"../../../Engine/Content/EngineMaterials/EmissiveMeshMaterial.uasset" 2698
"../../../Engine/Content/EngineMaterials/DefaultWhiteGrid_Low.uasset" 2699
"C:/Users/rafal/AppData/Local/UnrealEngine/Common/DerivedDataCache/Buckets/BulkDataList/dc/64/1b71943b547f751175a3e31adedbf40c3d6b.udd" 2700
"../../../Engine/Content/EngineMaterials/M_InvalidLightmapSettings.uasset" 2701
"../../../Engine/Content/EngineMaterials/InvalidLightmapSettings.uasset" 2702
"C:/Users/rafal/AppData/Local/UnrealEngine/Common/DerivedDataCache/Buckets/BulkDataList/08/97/f5a4e8615cd09f518e3172182973fe589cca.udd" 2703
"../../../Engine/Content/EngineMaterials/GizmoMaterial.uasset" 2704
"../../../Engine/Content/EngineMaterials/PhAT_JointLimitMaterial.uasset" 2705
"../../../Engine/Content/EngineMaterials/FlattenMaterial.uasset" 2706
"../../../Engine/Content/EngineMaterials/BaseFlattenDiffuseMap.uasset" 2707
"../../../Engine/Content/EngineMaterials/BaseFlattenEmissiveMap.uasset" 2708
"../../../Engine/Content/EngineMaterials/BaseFlattenGrayscaleMap.uasset" 2709
"../../../Engine/Content/EngineMaterials/BaseFlattenLinearColor.uasset" 2710
"../../../Engine/Content/EngineMaterials/BaseFlattenNormalMap.uasset" 2711
"../../../Engine/Content/Functions/Engine_MaterialFunctions02/PivotPainter2/Black_1x1_EXR_Texture.uasset" 2712
"C:/Users/rafal/AppData/Local/UnrealEngine/Common/DerivedDataCache/Buckets/BulkDataList/35/cb/46d8fe09ffcfdbd272e4f84921f45c98be53.udd" 2713
"C:/Users/rafal/AppData/Local/UnrealEngine/Common/DerivedDataCache/Buckets/BulkDataList/d2/1f/8a0b0ea81917ef78b004a68814bbf5041712.udd" 2714
"C:/Users/rafal/AppData/Local/UnrealEngine/Common/DerivedDataCache/Buckets/BulkDataList/45/b7/fa724aa5a4f1a2a782a7424a3f6edaf8c087.udd" 2715
"C:/Users/rafal/AppData/Local/UnrealEngine/Common/DerivedDataCache/Buckets/BulkDataList/71/94/d1e087d596a9cb9a8570b2f18bf626294e7f.udd" 2716
"C:/Users/rafal/AppData/Local/UnrealEngine/Common/DerivedDataCache/Buckets/BulkDataList/2e/fc/59ed71bb27ff54012b60aed8912b7c152529.udd" 2717
"C:/Users/rafal/AppData/Local/UnrealEngine/Common/DerivedDataCache/Buckets/BulkDataList/99/1e/312efe836c5e495d35b473432784275b5fc8.udd" 2718
"../../../Engine/Content/EngineMaterials/FlattenMaterial_VT.uasset" 2719
"../../../Engine/Content/EngineMaterials/BaseFlattenDiffuseMap_VT.uasset" 2720
"../../../Engine/Content/EngineMaterials/BaseFlattenEmissiveMap_VT.uasset" 2721
"../../../Engine/Content/EngineMaterials/BaseFlattenGrayscaleMap_VT.uasset" 2722
"../../../Engine/Content/EngineMaterials/BaseFlattenLinearColor_VT.uasset" 2723
"../../../Engine/Content/EngineMaterials/BaseFlattenNormalMap_VT.uasset" 2724
"../../../Engine/Content/EngineMaterials/Black_1x1_EXR_Texture_VT.uasset" 2725
"C:/Users/rafal/AppData/Local/UnrealEngine/Common/DerivedDataCache/Buckets/BulkDataList/b7/17/57a13e55cdd438dc0d8d2df4486c626052b6.udd" 2726
"C:/Users/rafal/AppData/Local/UnrealEngine/Common/DerivedDataCache/Buckets/BulkDataList/68/c8/4a92bbb7995a1c1341a2c88f27cd6654d073.udd" 2727
"C:/Users/rafal/AppData/Local/UnrealEngine/Common/DerivedDataCache/Buckets/BulkDataList/65/bf/97be6ac2ff92cbb0addc8c94d66641121ceb.udd" 2728
"C:/Users/rafal/AppData/Local/UnrealEngine/Common/DerivedDataCache/Buckets/BulkDataList/48/c0/d79fff393fc134a5fa54a16f6c9a096090b1.udd" 2729
"C:/Users/rafal/AppData/Local/UnrealEngine/Common/DerivedDataCache/Buckets/BulkDataList/34/cb/20007345df5af742a7b8f423ba74c2d627d7.udd" 2730
"C:/Users/rafal/AppData/Local/UnrealEngine/Common/DerivedDataCache/Buckets/BulkDataList/4d/f1/27f2b62d52b56278f7ca1d168626f76d3613.udd" 2731
"../../../Engine/Content/EngineMaterials/FlattenMaterial_WS_Normal_VT.uasset" 2732
"../../../Engine/Content/EngineMaterials/Good64x64TilingNoiseHighFreq.uasset" 2733
"C:/Users/rafal/AppData/Local/UnrealEngine/Common/DerivedDataCache/Buckets/BulkDataList/66/77/ed722c8716797a80cb9f3bf46a2b68c070f8.udd" 2734
"../../../Engine/Content/EngineMaterials/DefaultBokeh.uasset" 2735
"C:/Users/rafal/AppData/Local/UnrealEngine/Common/DerivedDataCache/Buckets/BulkDataList/d2/bc/e08c5a58c2bc87636a5399b88bfed2ab4aab.udd" 2736
"../../../Engine/Content/EngineMaterials/PreintegratedSkinBRDF.uasset" 2737
"C:/Users/rafal/AppData/Local/UnrealEngine/Common/DerivedDataCache/Buckets/BulkDataList/7a/e0/d46576e795457ac6a675d0d25a04f1558ffc.udd" 2738
"../../../Engine/Content/EngineMaterials/MiniFont.uasset" 2739
"C:/Users/rafal/AppData/Local/UnrealEngine/Common/DerivedDataCache/Buckets/BulkDataList/d0/bf/27f467e8f800cabcd579aa4357e4a5258adc.udd" 2740
"../../../Engine/Content/EngineMaterials/WeightMapPlaceholderTexture.uasset" 2741
"C:/Users/rafal/AppData/Local/UnrealEngine/Common/DerivedDataCache/Buckets/BulkDataList/50/e8/970437817d4c56371bf7e101448322b9b1e9.udd" 2742
"../../../Engine/Content/EngineMaterials/DefaultWhiteGrid.uasset" 2743
"C:/Users/rafal/AppData/Local/UnrealEngine/Common/DerivedDataCache/Buckets/BulkDataList/48/d9/4cb0a7b6e122e7b690b044d644c06a70f8ae.udd" 2744
"../../../Engine/Content/EngineMaterials/DefaultPhysicalMaterial.uasset" 2745
"../../../Engine/Content/EngineMaterials/DefaultDestructiblePhysicalMaterial.uasset" 2746
"../../../Engine/Content/EditorLandscapeResources/DefaultAlphaTexture.uasset" 2747
"C:/Users/rafal/AppData/Local/UnrealEngine/Common/DerivedDataCache/Buckets/BulkDataList/c8/61/35cd3983c1af2dbf750fb41fda2ac823c297.udd" 2748
"../../../Engine/Content/EditorResources/S_Terrain.uasset" 2749
"C:/Users/rafal/AppData/Local/UnrealEngine/Common/DerivedDataCache/Buckets/BulkDataList/2d/c9/75aad00a66f7e416018fcac4b4855e58768e.udd" 2750
"../../../Engine/Content/BasicShapes/Cube.uasset" 2751
"../../../Engine/Content/BasicShapes/Sphere.uasset" 2752
"../../../Engine/Content/EngineMaterials/DefaultMaterial.uasset" 2753
"../../../Engine/Content/BasicShapes/Cylinder.uasset" 2754
"../../../Engine/Content/BasicShapes/Cone.uasset" 2755
"../../../Engine/Content/BasicShapes/Plane.uasset" 2756
"../../Plugins/Runtime/MeshModelingToolset/Content/Materials/M_DynamicMeshComponentVtxColor.uasset" 2757
"../../Plugins/FX/Niagara/Content/ParameterDefinitions/SpriteRenderer.uasset" 2758
"../../Plugins/FX/Niagara/Content/ParameterDefinitions/RibbonRenderer.uasset" 2759
"../../Plugins/FX/Niagara/Content/ParameterDefinitions/MeshRenderer.uasset" 2760
"../../Plugins/FX/Niagara/Content/ParameterDefinitions/LightRenderer.uasset" 2761
"../../Plugins/FX/Niagara/Content/ParameterDefinitions/CoreParameters.uasset" 2762
"../../../Engine/Content/EditorResources/SequenceRecorder/Countdown.uasset" 2763
"C:/Users/rafal/AppData/Local/UnrealEngine/Common/DerivedDataCache/Buckets/BulkDataList/38/ee/ac90f121edf102f8e90636b6ff87dc2a0dd7.udd" 2764
"../../../Engine/Content/EditorResources/SequenceRecorder/RecordingIndicator.uasset" 2765
"C:/Users/rafal/AppData/Local/UnrealEngine/Common/DerivedDataCache/Buckets/BulkDataList/fe/23/885bc61bbb46d874535d77a76550429193ba.udd" 2766
"../../../Engine/Content/EditorMaterials/PhAT_UnselectedMaterial.uasset" 2767
"../../../Engine/Content/EditorMaterials/PhAT_NoCollisionMaterial.uasset" 2768
"D:/Repos/HotelSimulator/PeterSimulator/Intermediate/ShaderAutogen/PCD3D_SM6/AutogenShaderHeaders.ush" 2769
"C:/Users/rafal/AppData/Local/UnrealEngine/Common/DerivedDataCache/Buckets/GlobalShaderMap/9f/b7/048fd508869ccdb8934029439d44f212861e.udd" 2770
"C:/Users/rafal/AppData/Local/UnrealEngine/Common/DerivedDataCache/Buckets/GlobalShaderMap/eb/75/46083df54d64ecc3fb9c59eb22a71b0162d3.udd" 2771
"C:/Users/rafal/AppData/Local/UnrealEngine/Common/DerivedDataCache/Buckets/GlobalShaderMap/6d/84/64b4052e767e4c1593bf0985556803a12908.udd" 2772
"C:/Users/rafal/AppData/Local/UnrealEngine/Common/DerivedDataCache/Buckets/GlobalShaderMap/c8/b7/04eb81dbb72dea58551bbb7a91fa1011d440.udd" 2773
"C:/Users/rafal/AppData/Local/UnrealEngine/Common/DerivedDataCache/Buckets/GlobalShaderMap/68/f5/58b64d065f699f2322bbf1d73d27c51109df.udd" 2774
"C:/Users/rafal/AppData/Local/UnrealEngine/Common/DerivedDataCache/Buckets/GlobalShaderMap/69/8e/3b74a6994ad1fecf3873181f6b64ba8593bb.udd" 2775
"C:/Users/rafal/AppData/Local/UnrealEngine/Common/DerivedDataCache/Buckets/GlobalShaderMap/fb/93/cf6e441c0ae3764c5053d50387980900e204.udd" 2776
"C:/Users/rafal/AppData/Local/UnrealEngine/Common/DerivedDataCache/Buckets/GlobalShaderMap/04/5e/ca896c82fcefb08c4416431ad3959a06d63e.udd" 2777
"C:/Users/rafal/AppData/Local/UnrealEngine/Common/DerivedDataCache/Buckets/GlobalShaderMap/d0/0c/c53bf1285056e5db3d762ab73dfbba6e9487.udd" 2778
"C:/Users/rafal/AppData/Local/UnrealEngine/Common/DerivedDataCache/Buckets/GlobalShaderMap/f8/0e/4f0c82cc0a62b3b8acc74e9af5d54bb2e526.udd" 2779
"C:/Users/rafal/AppData/Local/UnrealEngine/Common/DerivedDataCache/Buckets/GlobalShaderMap/46/39/ba581f45cd4aaf0edac46ee5948e7cf82183.udd" 2780
"C:/Users/rafal/AppData/Local/UnrealEngine/Common/DerivedDataCache/Buckets/GlobalShaderMap/0c/84/7de66f5515243d6a82a256bf30f3ce835f3b.udd" 2781
"C:/Users/rafal/AppData/Local/UnrealEngine/Common/DerivedDataCache/Buckets/GlobalShaderMap/27/f7/4b5aad6f5d59a62fd0b31e63a7205d3c2f38.udd" 2782
"C:/Users/rafal/AppData/Local/UnrealEngine/Common/DerivedDataCache/Buckets/GlobalShaderMap/48/4c/0933a2c4c049dbbc90336ab5e9cfabdeaba4.udd" 2783
"C:/Users/rafal/AppData/Local/UnrealEngine/Common/DerivedDataCache/Buckets/GlobalShaderMap/d5/f8/fb4c8e701155211959f06e3b6dd961964c6e.udd" 2784
"C:/Users/rafal/AppData/Local/UnrealEngine/Common/DerivedDataCache/Buckets/GlobalShaderMap/96/70/86537eb3e5c57fb61c499d3ef77cfd7cf269.udd" 2785
"C:/Users/rafal/AppData/Local/UnrealEngine/Common/DerivedDataCache/Buckets/GlobalShaderMap/b5/e1/1e1d96ab4e48aac767434436172b06e4ff59.udd" 2786
"C:/Users/rafal/AppData/Local/UnrealEngine/Common/DerivedDataCache/Buckets/GlobalShaderMap/7e/ec/9eb7a59da4b52fe14710eb47186444d614ef.udd" 2787
"C:/Users/rafal/AppData/Local/UnrealEngine/Common/DerivedDataCache/Buckets/GlobalShaderMap/4a/d1/ee410dfcc5218fa0df8ed67fa3ac3a8721e0.udd" 2788
"C:/Users/rafal/AppData/Local/UnrealEngine/Common/DerivedDataCache/Buckets/GlobalShaderMap/79/cd/ed4a636f6fd192dfff57bc1ec2727e65a136.udd" 2789
"C:/Users/rafal/AppData/Local/UnrealEngine/Common/DerivedDataCache/Buckets/GlobalShaderMap/c9/c2/566df6965d890142faf3675f0869b1fcc4ea.udd" 2790
"C:/Users/rafal/AppData/Local/UnrealEngine/Common/DerivedDataCache/Buckets/GlobalShaderMap/ec/86/08b8c3a31b059c559e817b5a133dd229b24e.udd" 2791
"C:/Users/rafal/AppData/Local/UnrealEngine/Common/DerivedDataCache/Buckets/GlobalShaderMap/f7/41/0c3c923fc20f22bd1976ab82a52b6fbb8b00.udd" 2792
"C:/Users/rafal/AppData/Local/UnrealEngine/Common/DerivedDataCache/Buckets/GlobalShaderMap/71/67/713540a3ef5bdbbcf011e453b6af75d0debb.udd" 2793
"C:/Users/rafal/AppData/Local/UnrealEngine/Common/DerivedDataCache/Buckets/GlobalShaderMap/a5/cc/601b919119a63c430cba284aabab73517d08.udd" 2794
"C:/Users/rafal/AppData/Local/UnrealEngine/Common/DerivedDataCache/Buckets/GlobalShaderMap/6c/54/bd8315707ea9ed7dea6ad80a5a1478d51948.udd" 2795
"C:/Users/rafal/AppData/Local/UnrealEngine/Common/DerivedDataCache/Buckets/GlobalShaderMap/25/e2/2425929d299804c2acfc62b0121ff8b2729a.udd" 2796
"C:/Users/rafal/AppData/Local/UnrealEngine/Common/DerivedDataCache/Buckets/GlobalShaderMap/c6/f7/e6b432c8d978d713f04663cd964f9d203b51.udd" 2797
"C:/Users/rafal/AppData/Local/UnrealEngine/Common/DerivedDataCache/Content/eb/18/a88c3352b98939242cc0d41009de65483e40.udd" 2798
"C:/Users/rafal/AppData/Local/UnrealEngine/Common/DerivedDataCache/Buckets/GlobalShaderMap/70/1b/b16fa73693e9789a3d6214521b9a27b9b2ff.udd" 2799
"C:/Users/rafal/AppData/Local/UnrealEngine/Common/DerivedDataCache/Buckets/GlobalShaderMap/2b/23/7e2183c792ae694d993a70a9060c82f9de77.udd" 2800
"C:/Users/rafal/AppData/Local/UnrealEngine/Common/DerivedDataCache/Buckets/GlobalShaderMap/4c/0e/63c084b3bfeefb425c2bb73af2b4a77ad0e3.udd" 2801
"C:/Users/rafal/AppData/Local/UnrealEngine/Common/DerivedDataCache/Buckets/GlobalShaderMap/7a/78/69d5df431f5863e25d74fb9b81ada570f56c.udd" 2802
"C:/Users/rafal/AppData/Local/UnrealEngine/Common/DerivedDataCache/Buckets/GlobalShaderMap/f1/4f/79d61e584254175c4f1709d78393c106d0ca.udd" 2803
"C:/Users/rafal/AppData/Local/UnrealEngine/Common/DerivedDataCache/Buckets/GlobalShaderMap/f0/90/8320e544fe311424ee9e147a72b6f347da74.udd" 2804
"C:/Users/rafal/AppData/Local/UnrealEngine/Common/DerivedDataCache/Buckets/GlobalShaderMap/82/e8/68b448e95a368236b89abfd950f86379d708.udd" 2805
"C:/Users/rafal/AppData/Local/UnrealEngine/Common/DerivedDataCache/Buckets/GlobalShaderMap/05/44/e86725570bab00aa09ca0d4b54db38695a7c.udd" 2806
"C:/Users/rafal/AppData/Local/UnrealEngine/Common/DerivedDataCache/Buckets/GlobalShaderMap/bd/91/3882967dd1ab0b19aed44f032332cdd178fe.udd" 2807
"C:/Users/rafal/AppData/Local/UnrealEngine/Common/DerivedDataCache/Buckets/GlobalShaderMap/b2/5d/668b83925fb3f39d69baf84184ce17c15891.udd" 2808
"C:/Users/rafal/AppData/Local/UnrealEngine/Common/DerivedDataCache/Buckets/GlobalShaderMap/f6/eb/140fae34f1379feb223ad8385d3c670463a7.udd" 2809
"C:/Users/rafal/AppData/Local/UnrealEngine/Common/DerivedDataCache/Buckets/GlobalShaderMap/04/2a/6dee50af1a27ab6680df87e1936cbf0715cd.udd" 2810
"C:/Users/rafal/AppData/Local/UnrealEngine/Common/DerivedDataCache/Buckets/GlobalShaderMap/63/45/e1d43720e9682a87540c76a9513531ac6472.udd" 2811
"C:/Users/rafal/AppData/Local/UnrealEngine/Common/DerivedDataCache/Buckets/GlobalShaderMap/8d/a4/7ba060003a06d45414bc33c9a9754f900e89.udd" 2812
"C:/Users/rafal/AppData/Local/UnrealEngine/Common/DerivedDataCache/Buckets/GlobalShaderMap/52/8c/7faddba589eb648e11b4756fdf99a986d91a.udd" 2813
"C:/Users/rafal/AppData/Local/UnrealEngine/Common/DerivedDataCache/Buckets/GlobalShaderMap/b4/e4/4851a4cd64d064615c21a4193fdac79092e5.udd" 2814
"C:/Users/rafal/AppData/Local/UnrealEngine/Common/DerivedDataCache/Buckets/GlobalShaderMap/8e/b3/39b2ee2a75bc3f6aab4a3a9842c0dbe4222c.udd" 2815
"C:/Users/rafal/AppData/Local/UnrealEngine/Common/DerivedDataCache/Buckets/GlobalShaderMap/80/15/7b21614b2f73a65e7b24b45dd41d153d3fbf.udd" 2816
"C:/Users/rafal/AppData/Local/UnrealEngine/Common/DerivedDataCache/Buckets/GlobalShaderMap/65/d8/83e2e7083d4799a628c147e7fdb4bbd2b757.udd" 2817
"C:/Users/rafal/AppData/Local/UnrealEngine/Common/DerivedDataCache/Buckets/GlobalShaderMap/b5/c8/ecd27b539d36b534d0a7bd951f1bec3f8dfe.udd" 2818
"C:/Users/rafal/AppData/Local/UnrealEngine/Common/DerivedDataCache/Buckets/GlobalShaderMap/83/d8/fe88cd843d41430a48ec0c288a383baecc32.udd" 2819
"C:/Users/rafal/AppData/Local/UnrealEngine/Common/DerivedDataCache/Buckets/GlobalShaderMap/b4/9b/5a899548d1561fa4ba64f4b170eaaaa5a9eb.udd" 2820
"C:/Users/rafal/AppData/Local/UnrealEngine/Common/DerivedDataCache/Buckets/GlobalShaderMap/1b/1c/4a61e3b85ebd8b43627722ab17d4df32c56b.udd" 2821
"C:/Users/rafal/AppData/Local/UnrealEngine/Common/DerivedDataCache/Buckets/GlobalShaderMap/f6/2c/5fda6b75ab6ab3055772e72885295e518721.udd" 2822
"C:/Users/rafal/AppData/Local/UnrealEngine/Common/DerivedDataCache/Buckets/GlobalShaderMap/05/55/936decc4227425bda13b403c78b918f1fe07.udd" 2823
"C:/Users/rafal/AppData/Local/UnrealEngine/Common/DerivedDataCache/Buckets/GlobalShaderMap/b1/15/3df2af51d0d6777f850f1eb43675cbfe0142.udd" 2824
"C:/Users/rafal/AppData/Local/UnrealEngine/Common/DerivedDataCache/Buckets/GlobalShaderMap/13/cd/efd0f04192d869666b8a1cc97a0a28cb2fb2.udd" 2825
"C:/Users/rafal/AppData/Local/UnrealEngine/Common/DerivedDataCache/Buckets/GlobalShaderMap/d0/ac/870bc92bc170cf23619f191bfb26ebeb3843.udd" 2826
"C:/Users/rafal/AppData/Local/UnrealEngine/Common/DerivedDataCache/Buckets/GlobalShaderMap/0b/ca/c0a0f42a70eaab0bc3cc9d89f5490ff6e44e.udd" 2827
"C:/Users/rafal/AppData/Local/UnrealEngine/Common/DerivedDataCache/Buckets/GlobalShaderMap/f1/29/e775c068444c0e6c2e41478c3b470b0a3d72.udd" 2828
"C:/Users/rafal/AppData/Local/UnrealEngine/Common/DerivedDataCache/Buckets/GlobalShaderMap/13/9b/af82f0d5cf03c16cdede48086557b399f6d8.udd" 2829
"C:/Users/rafal/AppData/Local/UnrealEngine/Common/DerivedDataCache/Buckets/GlobalShaderMap/c0/73/3d699e12ea22ab43364a5b85e71b86308d4d.udd" 2830
"C:/Users/rafal/AppData/Local/UnrealEngine/Common/DerivedDataCache/Buckets/GlobalShaderMap/76/3a/69136835e119d3a4e773717f88239762d7ae.udd" 2831
"C:/Users/rafal/AppData/Local/UnrealEngine/Common/DerivedDataCache/Buckets/GlobalShaderMap/34/56/6a6efbfe5fc55b0790743b171bc20a19ec99.udd" 2832
"C:/Users/rafal/AppData/Local/UnrealEngine/Common/DerivedDataCache/Buckets/GlobalShaderMap/33/b7/7c1c17fdb7564b0c9157451f28e4dd067c53.udd" 2833
"C:/Users/rafal/AppData/Local/UnrealEngine/Common/DerivedDataCache/Buckets/GlobalShaderMap/d0/4a/9d3f13e4bfd52542b4fb99c71b960156d621.udd" 2834
"C:/Users/rafal/AppData/Local/UnrealEngine/Common/DerivedDataCache/Content/73/fe/adc3386119ff869dc485dcc21ecfde47a623.udd" 2835
"C:/Users/rafal/AppData/Local/UnrealEngine/Common/DerivedDataCache/Buckets/GlobalShaderMap/ec/a9/a8631bd719315c11ce97929913f084adebad.udd" 2836
"C:/Users/rafal/AppData/Local/UnrealEngine/Common/DerivedDataCache/Buckets/GlobalShaderMap/36/a3/bfdcbe95dc58184e9450c97fda0217910b38.udd" 2837
"C:/Users/rafal/AppData/Local/UnrealEngine/Common/DerivedDataCache/Buckets/GlobalShaderMap/81/3a/78d6f603faa7edaec4f2504727b56bfce4db.udd" 2838
"C:/Users/rafal/AppData/Local/UnrealEngine/Common/DerivedDataCache/Buckets/GlobalShaderMap/d9/97/c8da22179022c0ecd82a10720f31a0cca220.udd" 2839
"C:/Users/rafal/AppData/Local/UnrealEngine/Common/DerivedDataCache/Buckets/GlobalShaderMap/68/e6/ead202a942636b5c804e82b80c13636e71e7.udd" 2840
"C:/Users/rafal/AppData/Local/UnrealEngine/Common/DerivedDataCache/Buckets/GlobalShaderMap/39/38/4214a3b2141076e0c9fcd4f94250badde84f.udd" 2841
"C:/Users/rafal/AppData/Local/UnrealEngine/Common/DerivedDataCache/Buckets/GlobalShaderMap/fa/f8/acc9ff5b6c822657afc846f59a6cf0e5d6bb.udd" 2842
"C:/Users/rafal/AppData/Local/UnrealEngine/Common/DerivedDataCache/Buckets/GlobalShaderMap/ba/ff/a7192e0add991a841517e7cbca78fe3b22c2.udd" 2843
"C:/Users/rafal/AppData/Local/UnrealEngine/Common/DerivedDataCache/Buckets/GlobalShaderMap/77/9a/b17f667a60d7b21a13457f18c815027595bb.udd" 2844
"C:/Users/rafal/AppData/Local/UnrealEngine/Common/DerivedDataCache/Buckets/GlobalShaderMap/69/a8/6432e6debffb15cd61b7172dbfe021cc6714.udd" 2845
"C:/Users/rafal/AppData/Local/UnrealEngine/Common/DerivedDataCache/Buckets/GlobalShaderMap/1a/0c/fe9e0cd3cafbe2be395e1c5ff75acef94965.udd" 2846
"C:/Users/rafal/AppData/Local/UnrealEngine/Common/DerivedDataCache/Buckets/GlobalShaderMap/62/76/6d9f51abca70440d0d4a8006bbd966a9cc89.udd" 2847
"C:/Users/rafal/AppData/Local/UnrealEngine/Common/DerivedDataCache/Buckets/GlobalShaderMap/ca/83/4b36a74206c0c5512bc1712c53c325f210a5.udd" 2848
"C:/Users/rafal/AppData/Local/UnrealEngine/Common/DerivedDataCache/Buckets/GlobalShaderMap/aa/85/d2e622351124faa374e8f09696c8390ac342.udd" 2849
"C:/Users/rafal/AppData/Local/UnrealEngine/Common/DerivedDataCache/Buckets/GlobalShaderMap/7c/3a/1205aedda506d7e3f5ea5f06a879baec2990.udd" 2850
"C:/Users/rafal/AppData/Local/UnrealEngine/Common/DerivedDataCache/Buckets/GlobalShaderMap/39/25/1558d3cbbd5732d755076151b5a1494f48c1.udd" 2851
"C:/Users/rafal/AppData/Local/UnrealEngine/Common/DerivedDataCache/Buckets/GlobalShaderMap/01/1f/3b70ce612a4dfe118f6e56628a8dcddcefd8.udd" 2852
"C:/Users/rafal/AppData/Local/UnrealEngine/Common/DerivedDataCache/Buckets/GlobalShaderMap/8a/1d/ceb445cdc2a98dada3dd2d012b154a2e8536.udd" 2853
"C:/Users/rafal/AppData/Local/UnrealEngine/Common/DerivedDataCache/Buckets/GlobalShaderMap/c4/19/9865dab6e665fead0084f70755fb43e516ec.udd" 2854
"C:/Users/rafal/AppData/Local/UnrealEngine/Common/DerivedDataCache/Buckets/GlobalShaderMap/1b/6c/9a85e63776e062c154547214bd2870f929f0.udd" 2855
"C:/Users/rafal/AppData/Local/UnrealEngine/Common/DerivedDataCache/Buckets/GlobalShaderMap/17/d7/106a3594f47b22fdfa132169a07e47ae4855.udd" 2856
"C:/Users/rafal/AppData/Local/UnrealEngine/Common/DerivedDataCache/Buckets/GlobalShaderMap/15/fa/024a23235fc642ca988c8973c53bbc639ed4.udd" 2857
"C:/Users/rafal/AppData/Local/UnrealEngine/Common/DerivedDataCache/Buckets/GlobalShaderMap/cf/38/dc22204368cb30eadf297fd8ce20777725d2.udd" 2858
"C:/Users/rafal/AppData/Local/UnrealEngine/Common/DerivedDataCache/Buckets/GlobalShaderMap/04/a5/05f574c7668aa14cce31ae7060e363800542.udd" 2859
"C:/Users/rafal/AppData/Local/UnrealEngine/Common/DerivedDataCache/Buckets/GlobalShaderMap/c3/0e/520190cf082ccb9168e8770a17e927bb3633.udd" 2860
"C:/Users/rafal/AppData/Local/UnrealEngine/Common/DerivedDataCache/Buckets/GlobalShaderMap/0d/e3/a09944463f86168363b8886dd2933463e1e7.udd" 2861
"C:/Users/rafal/AppData/Local/UnrealEngine/Common/DerivedDataCache/Buckets/GlobalShaderMap/32/47/09e21749df6d85e45a4987f6da0c9e619eba.udd" 2862
"C:/Users/rafal/AppData/Local/UnrealEngine/Common/DerivedDataCache/Buckets/GlobalShaderMap/39/fd/797aa43d7701f88f0e6678d11d79380ee0de.udd" 2863
"C:/Users/rafal/AppData/Local/UnrealEngine/Common/DerivedDataCache/Buckets/GlobalShaderMap/45/3d/87624aa5d085473343371c046dc95de73c48.udd" 2864
"C:/Users/rafal/AppData/Local/UnrealEngine/Common/DerivedDataCache/Buckets/GlobalShaderMap/26/ae/fe2f0296dfc655dc3706dac0c434050a1534.udd" 2865
"C:/Users/rafal/AppData/Local/UnrealEngine/Common/DerivedDataCache/Buckets/GlobalShaderMap/9c/d8/5c92d0849e49018d0d9fcc112cb3b6316752.udd" 2866
"C:/Users/rafal/AppData/Local/UnrealEngine/Common/DerivedDataCache/Buckets/GlobalShaderMap/26/81/8ec8957f0e11f743a3652afaf8e967fcbe6c.udd" 2867
"C:/Users/rafal/AppData/Local/UnrealEngine/Common/DerivedDataCache/Buckets/GlobalShaderMap/99/98/7fa903ee847856a7ebbbf048641f3bcd20fc.udd" 2868
"C:/Users/rafal/AppData/Local/UnrealEngine/Common/DerivedDataCache/Buckets/GlobalShaderMap/49/73/cb847d16f7d098fff43a693a39b8a6f4f13d.udd" 2869
"C:/Users/rafal/AppData/Local/UnrealEngine/Common/DerivedDataCache/Buckets/GlobalShaderMap/52/f8/566f2dcab41929d76bb8f99d7377ec3ce7dd.udd" 2870
"C:/Users/rafal/AppData/Local/UnrealEngine/Common/DerivedDataCache/Buckets/GlobalShaderMap/07/d5/4cac8b6286397b5aa85a16a1ae8300e788cf.udd" 2871
"C:/Users/rafal/AppData/Local/UnrealEngine/Common/DerivedDataCache/Buckets/GlobalShaderMap/7a/f7/5b53bef9b8c55757567d5924211b5d1162cc.udd" 2872
"C:/Users/rafal/AppData/Local/UnrealEngine/Common/DerivedDataCache/Buckets/GlobalShaderMap/ec/61/ef427537d7292936e1b5f5d794d7f34ef72e.udd" 2873
"C:/Users/rafal/AppData/Local/UnrealEngine/Common/DerivedDataCache/Buckets/GlobalShaderMap/05/fd/7b349af53ca68fc0398e5e418632d2ddcef5.udd" 2874
"C:/Users/rafal/AppData/Local/UnrealEngine/Common/DerivedDataCache/Buckets/GlobalShaderMap/ee/73/60fc0a57b2ab9427b692882240cd904bd6d4.udd" 2875
"C:/Users/rafal/AppData/Local/UnrealEngine/Common/DerivedDataCache/Buckets/GlobalShaderMap/7b/ef/3241c043204911937f541a34c0d76ffe2ff4.udd" 2876
"C:/Users/rafal/AppData/Local/UnrealEngine/Common/DerivedDataCache/Buckets/GlobalShaderMap/a6/0d/b22a40ea02a63f21785adf42ae5ad4e29f8c.udd" 2877
"C:/Users/rafal/AppData/Local/UnrealEngine/Common/DerivedDataCache/Buckets/GlobalShaderMap/9f/6a/91174bec782ea75e3117876cff46efab05a1.udd" 2878
"C:/Users/rafal/AppData/Local/UnrealEngine/Common/DerivedDataCache/Buckets/GlobalShaderMap/f5/a5/e48ed7dd4d7ed87e4ab4a563cfa5dc424c6a.udd" 2879
"C:/Users/rafal/AppData/Local/UnrealEngine/Common/DerivedDataCache/Buckets/GlobalShaderMap/3a/62/e44cd7433e1ae8e667a0062cd4377c5a1c04.udd" 2880
"C:/Users/rafal/AppData/Local/UnrealEngine/Common/DerivedDataCache/Buckets/GlobalShaderMap/3c/bf/2cbe15131f30cc10bad78f8df18637874575.udd" 2881
"C:/Users/rafal/AppData/Local/UnrealEngine/Common/DerivedDataCache/Buckets/GlobalShaderMap/36/62/3904400c3411587877e34b1384dfa520c6be.udd" 2882
"C:/Users/rafal/AppData/Local/UnrealEngine/Common/DerivedDataCache/Buckets/GlobalShaderMap/cd/2e/3f147bb58c4da09ee74ead8d255ac863a14a.udd" 2883
"C:/Users/rafal/AppData/Local/UnrealEngine/Common/DerivedDataCache/Buckets/GlobalShaderMap/13/08/799e1614e6d78ea6b23cff72696fbe2b8c8b.udd" 2884
"C:/Users/rafal/AppData/Local/UnrealEngine/Common/DerivedDataCache/Buckets/GlobalShaderMap/0b/20/5c5aa8b92a5ffe715a9c9ed73f888b1eeabd.udd" 2885
"C:/Users/rafal/AppData/Local/UnrealEngine/Common/DerivedDataCache/Buckets/GlobalShaderMap/f3/27/f8b00eb924fbc8160ca0d5a81178b44021e9.udd" 2886
"C:/Users/rafal/AppData/Local/UnrealEngine/Common/DerivedDataCache/Buckets/GlobalShaderMap/44/2c/5fb566275ec28c83319f16a10b9542234f3f.udd" 2887
"C:/Users/rafal/AppData/Local/UnrealEngine/Common/DerivedDataCache/Buckets/GlobalShaderMap/2d/74/e6ea7373435b5acb5eb03bc6984a0c2ec72b.udd" 2888
"C:/Users/rafal/AppData/Local/UnrealEngine/Common/DerivedDataCache/Buckets/GlobalShaderMap/33/0e/fe0fd1f6c7ac74f9289d36f3e4bda73f1842.udd" 2889
"C:/Users/rafal/AppData/Local/UnrealEngine/Common/DerivedDataCache/Buckets/GlobalShaderMap/04/f8/932ac0b249fd585d30366eaca258d71ff005.udd" 2890
"C:/Users/rafal/AppData/Local/UnrealEngine/Common/DerivedDataCache/Buckets/GlobalShaderMap/21/9d/96fc98eb79201e0735cdff0bf4102b78a03f.udd" 2891
"C:/Users/rafal/AppData/Local/UnrealEngine/Common/DerivedDataCache/Buckets/GlobalShaderMap/be/68/0ce73e833617a4b096765cf50de7b0850398.udd" 2892
"C:/Users/rafal/AppData/Local/UnrealEngine/Common/DerivedDataCache/Buckets/GlobalShaderMap/cd/af/c0d505550ba7d8511e4693dd565f642ff3cb.udd" 2893
"C:/Users/rafal/AppData/Local/UnrealEngine/Common/DerivedDataCache/Buckets/GlobalShaderMap/1c/3f/a8818d979bd4cde8b394d3b60eb97cf5bc87.udd" 2894
"C:/Users/rafal/AppData/Local/UnrealEngine/Common/DerivedDataCache/Buckets/GlobalShaderMap/f6/ed/08b75ca355ca7c56563c4590027ce3bbccad.udd" 2895
"C:/Users/rafal/AppData/Local/UnrealEngine/Common/DerivedDataCache/Buckets/GlobalShaderMap/c2/b4/c64bb638d5d5a8f582ab54c2dbfb2743d657.udd" 2896
"C:/Users/rafal/AppData/Local/UnrealEngine/Common/DerivedDataCache/Buckets/GlobalShaderMap/c1/5a/83f2b49f6a2c0263680accdb94326bf796b2.udd" 2897
"C:/Users/rafal/AppData/Local/UnrealEngine/Common/DerivedDataCache/Buckets/GlobalShaderMap/73/66/1a1c1a4f29b19b24559b928df8b02747483d.udd" 2898
"C:/Users/rafal/AppData/Local/UnrealEngine/Common/DerivedDataCache/Buckets/GlobalShaderMap/b5/74/62345c48b56690e0a46a9e36c348c27ffa9f.udd" 2899
"C:/Users/rafal/AppData/Local/UnrealEngine/Common/DerivedDataCache/Buckets/GlobalShaderMap/44/97/024227e78c0ae94c104d5536e8209826810f.udd" 2900
"C:/Users/rafal/AppData/Local/UnrealEngine/Common/DerivedDataCache/Buckets/GlobalShaderMap/0a/7a/819cc47454235b5717d8be80b94b521dd51c.udd" 2901
"C:/Users/rafal/AppData/Local/UnrealEngine/Common/DerivedDataCache/Buckets/GlobalShaderMap/2a/ec/0c1968a9755a49327b52f0e51e38001e0759.udd" 2902
"C:/Users/rafal/AppData/Local/UnrealEngine/Common/DerivedDataCache/Buckets/GlobalShaderMap/8f/29/687f836085530a6fcf38c0f98da822a64bc0.udd" 2903
"C:/Users/rafal/AppData/Local/UnrealEngine/Common/DerivedDataCache/Buckets/GlobalShaderMap/d7/01/7739519d869314befeb7794e3cff7f3e7d80.udd" 2904
"C:/Users/rafal/AppData/Local/UnrealEngine/Common/DerivedDataCache/Buckets/GlobalShaderMap/da/7d/7654e2da1dabeef33c9887cfc3b837fdfe73.udd" 2905
"C:/Users/rafal/AppData/Local/UnrealEngine/Common/DerivedDataCache/Buckets/GlobalShaderMap/ca/ee/31385ab261e63358e5eb0363ebc9ff8a8dd2.udd" 2906
"C:/Users/rafal/AppData/Local/UnrealEngine/Common/DerivedDataCache/Buckets/GlobalShaderMap/15/fc/ea22cb6b74e90e06b39afba11053e094f9fa.udd" 2907
"C:/Users/rafal/AppData/Local/UnrealEngine/Common/DerivedDataCache/Buckets/GlobalShaderMap/ac/f0/e5d25ea4a25fffd21e250a1854d8c458a39a.udd" 2908
"C:/Users/rafal/AppData/Local/UnrealEngine/Common/DerivedDataCache/Buckets/GlobalShaderMap/16/2b/c8d38644a78fef12b162adc36ce069c95f62.udd" 2909
"C:/Users/rafal/AppData/Local/UnrealEngine/Common/DerivedDataCache/Buckets/GlobalShaderMap/69/21/e80fbbe92d9f27328d61d4d46bddee5b8205.udd" 2910
"C:/Users/rafal/AppData/Local/UnrealEngine/Common/DerivedDataCache/Buckets/GlobalShaderMap/5b/68/bbc272f8b27090e0372c8f7df21a68b9ad35.udd" 2911
"C:/Users/rafal/AppData/Local/UnrealEngine/Common/DerivedDataCache/Buckets/GlobalShaderMap/63/6a/dc93adb428d62de978b55f65100f69564518.udd" 2912
"C:/Users/rafal/AppData/Local/UnrealEngine/Common/DerivedDataCache/Buckets/GlobalShaderMap/90/f4/939719630d1cd1e614d3322adaaaa744199a.udd" 2913
"C:/Users/rafal/AppData/Local/UnrealEngine/Common/DerivedDataCache/Buckets/GlobalShaderMap/df/8a/d1e11129c044c558ea220f0801a8770db51e.udd" 2914
"C:/Users/rafal/AppData/Local/UnrealEngine/Common/DerivedDataCache/Buckets/GlobalShaderMap/7c/53/a3714d6694ea5c4511676133f1c7ed032d08.udd" 2915
"C:/Users/rafal/AppData/Local/UnrealEngine/Common/DerivedDataCache/Buckets/GlobalShaderMap/c2/a2/86684d9b11568f889fc2419e189ebc065dc7.udd" 2916
"C:/Users/rafal/AppData/Local/UnrealEngine/Common/DerivedDataCache/Buckets/GlobalShaderMap/ba/77/9dd46ad4cc6109cd63f31d57ecd1e54f1bde.udd" 2917
"C:/Users/rafal/AppData/Local/UnrealEngine/Common/DerivedDataCache/Buckets/GlobalShaderMap/db/27/1f21cc845b659d1a326879a968947f084942.udd" 2918
"C:/Users/rafal/AppData/Local/UnrealEngine/Common/DerivedDataCache/Buckets/GlobalShaderMap/79/bc/928213082a7a95dfb928bc69869afa4dbcfa.udd" 2919
"C:/Users/rafal/AppData/Local/UnrealEngine/Common/DerivedDataCache/Buckets/GlobalShaderMap/13/6a/2d36b95804b53c071ce5779dc59de55d0ba3.udd" 2920
"C:/Users/rafal/AppData/Local/UnrealEngine/Common/DerivedDataCache/Buckets/GlobalShaderMap/b0/5c/e78dedac8da99483baf7abd27bed06c32db9.udd" 2921
"C:/Users/rafal/AppData/Local/UnrealEngine/Common/DerivedDataCache/Buckets/GlobalShaderMap/0e/34/f41aa52a1af496c828c741b14d5ddf4e43f2.udd" 2922
"C:/Users/rafal/AppData/Local/UnrealEngine/Common/DerivedDataCache/Buckets/GlobalShaderMap/ae/6f/fd8617857c7ee0a132c845d9dfd60227b248.udd" 2923
"C:/Users/rafal/AppData/Local/UnrealEngine/Common/DerivedDataCache/Buckets/GlobalShaderMap/ed/72/c9f4beb0fa021a8611776b31bc0d8a8c0f93.udd" 2924
"C:/Users/rafal/AppData/Local/UnrealEngine/Common/DerivedDataCache/Buckets/GlobalShaderMap/fe/27/3ca84d32d42137911a32bbcd37b846706237.udd" 2925
"C:/Users/rafal/AppData/Local/UnrealEngine/Common/DerivedDataCache/Buckets/GlobalShaderMap/0f/5c/08e2c8e81b5312cb440b28a1eb210c9ac12b.udd" 2926
"C:/Users/rafal/AppData/Local/UnrealEngine/Common/DerivedDataCache/Buckets/GlobalShaderMap/4d/1e/9f39db62a05bb073237758cf2ae252716624.udd" 2927
"C:/Users/rafal/AppData/Local/UnrealEngine/Common/DerivedDataCache/Buckets/GlobalShaderMap/e5/5f/52aac1f88fa07827194811db6c7ba4265917.udd" 2928
"C:/Users/rafal/AppData/Local/UnrealEngine/Common/DerivedDataCache/Buckets/GlobalShaderMap/42/ca/636879b5a90accbed644e43267ee47225871.udd" 2929
"C:/Users/rafal/AppData/Local/UnrealEngine/Common/DerivedDataCache/Buckets/GlobalShaderMap/e5/f9/1174aef3b49807170d5555b3813fac38e76e.udd" 2930
"C:/Users/rafal/AppData/Local/UnrealEngine/Common/DerivedDataCache/Buckets/GlobalShaderMap/fa/f3/5722231d948f111d502cfc37e0a9eef46419.udd" 2931
"C:/Users/rafal/AppData/Local/UnrealEngine/Common/DerivedDataCache/Buckets/GlobalShaderMap/fe/a0/80e3f97c64648c1deb43af060d5f719896f4.udd" 2932
"C:/Users/rafal/AppData/Local/UnrealEngine/Common/DerivedDataCache/Buckets/GlobalShaderMap/49/2d/448b21e0c474408b280f114bd2243c3d6391.udd" 2933
"C:/Users/rafal/AppData/Local/UnrealEngine/Common/DerivedDataCache/Buckets/GlobalShaderMap/13/d4/2763677194758e3829bdcb48bbc115af35bf.udd" 2934
"C:/Users/rafal/AppData/Local/UnrealEngine/Common/DerivedDataCache/Buckets/GlobalShaderMap/22/97/39d1527b26348c3e080dd3764926a59e3b99.udd" 2935
"C:/Users/rafal/AppData/Local/UnrealEngine/Common/DerivedDataCache/Buckets/GlobalShaderMap/a8/87/f12af9f9cd1750d9c80a1f2c5b048b0a835d.udd" 2936
"C:/Users/rafal/AppData/Local/UnrealEngine/Common/DerivedDataCache/Buckets/GlobalShaderMap/6b/97/9b865997af9ca54b4a4de72c839278074512.udd" 2937
"C:/Users/rafal/AppData/Local/UnrealEngine/Common/DerivedDataCache/Buckets/GlobalShaderMap/37/80/7069d1f4147593972562c8587d34f372c5a8.udd" 2938
"C:/Users/rafal/AppData/Local/UnrealEngine/Common/DerivedDataCache/Buckets/GlobalShaderMap/7f/b2/4fdf2a01984614d168d78e51c93c8ea6d338.udd" 2939
"C:/Users/rafal/AppData/Local/UnrealEngine/Common/DerivedDataCache/Buckets/GlobalShaderMap/aa/72/c1982670e9e2f9efd47f402c4c4b80dddc58.udd" 2940
"C:/Users/rafal/AppData/Local/UnrealEngine/Common/DerivedDataCache/Buckets/GlobalShaderMap/cc/3e/ab1620b4f269d05f84ca237ddeed0a7185e4.udd" 2941
"C:/Users/rafal/AppData/Local/UnrealEngine/Common/DerivedDataCache/Buckets/GlobalShaderMap/21/64/2a0a91ea7734cb8ccad922a5357dc8b0948f.udd" 2942
"C:/Users/rafal/AppData/Local/UnrealEngine/Common/DerivedDataCache/Buckets/GlobalShaderMap/ae/d0/6e5cf51790102cd1fc23be086670c5680214.udd" 2943
"C:/Users/rafal/AppData/Local/UnrealEngine/Common/DerivedDataCache/Buckets/GlobalShaderMap/aa/03/56caf626a95c7d2f42d144d7981ea1fca2d0.udd" 2944
"C:/Users/rafal/AppData/Local/UnrealEngine/Common/DerivedDataCache/Buckets/GlobalShaderMap/2e/85/1d46084412d547e87d95218cadb9b59578ff.udd" 2945
"C:/Users/rafal/AppData/Local/UnrealEngine/Common/DerivedDataCache/Buckets/GlobalShaderMap/cc/1f/958db735c947d96ca40f5a844ca6339418aa.udd" 2946
"C:/Users/rafal/AppData/Local/UnrealEngine/Common/DerivedDataCache/Buckets/GlobalShaderMap/8f/22/63a453c64a224042bbf28fcf096354e6459b.udd" 2947
"C:/Users/rafal/AppData/Local/UnrealEngine/Common/DerivedDataCache/Buckets/GlobalShaderMap/28/b5/2db9efea0797c93bd13eac36c5e712e14577.udd" 2948
"C:/Users/rafal/AppData/Local/UnrealEngine/Common/DerivedDataCache/Buckets/GlobalShaderMap/b4/c9/15984ab16a51aed9c476999cd019bff197cd.udd" 2949
"C:/Users/rafal/AppData/Local/UnrealEngine/Common/DerivedDataCache/Buckets/GlobalShaderMap/40/8f/55180750a948b3a42eb91c3856b437fe68a7.udd" 2950
"C:/Users/rafal/AppData/Local/UnrealEngine/Common/DerivedDataCache/Buckets/GlobalShaderMap/11/e0/bae2f8e5d161061a152c988d4d5e88a6cd96.udd" 2951
"C:/Users/rafal/AppData/Local/UnrealEngine/Common/DerivedDataCache/Buckets/GlobalShaderMap/c6/90/5ac4946f1d85e3ee63064b72562d035a1087.udd" 2952
"C:/Users/rafal/AppData/Local/UnrealEngine/Common/DerivedDataCache/Buckets/GlobalShaderMap/80/70/ac7392910d58ac548d4ce025b34420663578.udd" 2953
"C:/Users/rafal/AppData/Local/UnrealEngine/Common/DerivedDataCache/Buckets/GlobalShaderMap/3e/29/7cee568f829cc79ade876d1b62b3e18e5207.udd" 2954
"C:/Users/rafal/AppData/Local/UnrealEngine/Common/DerivedDataCache/Buckets/GlobalShaderMap/81/e2/6abf9c14a1eef67655992beadd14f8621d61.udd" 2955
"C:/Users/rafal/AppData/Local/UnrealEngine/Common/DerivedDataCache/Buckets/GlobalShaderMap/ad/9e/6841505642bdafbc0e2ac94dd6692ba07e3a.udd" 2956
"C:/Users/rafal/AppData/Local/UnrealEngine/Common/DerivedDataCache/Buckets/GlobalShaderMap/33/61/ba566532e7740292c4209e11d73ea1093896.udd" 2957
"C:/Users/rafal/AppData/Local/UnrealEngine/Common/DerivedDataCache/Buckets/GlobalShaderMap/04/35/d0896b290f3d4be39236bfd5b0e722ac274d.udd" 2958
"C:/Users/rafal/AppData/Local/UnrealEngine/Common/DerivedDataCache/Buckets/GlobalShaderMap/22/d2/35c4fb96179cdad72e95dbd556647bb54af4.udd" 2959
"C:/Users/rafal/AppData/Local/UnrealEngine/Common/DerivedDataCache/Buckets/GlobalShaderMap/48/ab/d19caff36863f6e0cff76258fc3c44820742.udd" 2960
"C:/Users/rafal/AppData/Local/UnrealEngine/Common/DerivedDataCache/Buckets/GlobalShaderMap/04/ae/98881bc650aa533c4945c669cba288e1b358.udd" 2961
"C:/Users/rafal/AppData/Local/UnrealEngine/Common/DerivedDataCache/Buckets/GlobalShaderMap/d0/77/13acedc6b1d05bbaf025bb0703f1316308a2.udd" 2962
"C:/Users/rafal/AppData/Local/UnrealEngine/Common/DerivedDataCache/Buckets/GlobalShaderMap/d4/7c/adf6957ca68180cbb7a29ce441eb95781d5d.udd" 2963
"C:/Users/rafal/AppData/Local/UnrealEngine/Common/DerivedDataCache/Buckets/GlobalShaderMap/72/e5/67ac10b15397f8918ed3e90f3eee4487ca68.udd" 2964
"C:/Users/rafal/AppData/Local/UnrealEngine/Common/DerivedDataCache/Buckets/GlobalShaderMap/9b/bd/2236fb55fd592b543ed0733cc884b2b7dd74.udd" 2965
"C:/Users/rafal/AppData/Local/UnrealEngine/Common/DerivedDataCache/Buckets/GlobalShaderMap/c4/18/f6a0520d58c81df8e4d5a0bd230141be4f23.udd" 2966
"C:/Users/rafal/AppData/Local/UnrealEngine/Common/DerivedDataCache/Buckets/GlobalShaderMap/c7/29/c3cdf92e60547fb538de62a8ce425607bb15.udd" 2967
"C:/Users/rafal/AppData/Local/UnrealEngine/Common/DerivedDataCache/Buckets/GlobalShaderMap/fb/bf/5c9a4641d1cf460d538a201c74d8674d51b5.udd" 2968
"C:/Users/rafal/AppData/Local/UnrealEngine/Common/DerivedDataCache/Buckets/GlobalShaderMap/55/97/613346948a8df8d827ec81e31ee586a7ef3d.udd" 2969
"C:/Users/rafal/AppData/Local/UnrealEngine/Common/DerivedDataCache/Buckets/GlobalShaderMap/1a/5b/519ae08eb7680cef3a070777bb1bd4333217.udd" 2970
"C:/Users/rafal/AppData/Local/UnrealEngine/Common/DerivedDataCache/Buckets/GlobalShaderMap/1a/52/8ead8dc557aef137efd548c1072c75a854bb.udd" 2971
"C:/Users/rafal/AppData/Local/UnrealEngine/Common/DerivedDataCache/Buckets/GlobalShaderMap/df/cc/a2f0befcf1e2afffca0b246e0c6ce3f7fa04.udd" 2972
"C:/Users/rafal/AppData/Local/UnrealEngine/Common/DerivedDataCache/Buckets/GlobalShaderMap/e7/f7/f10ddbc78caadbce667424b9a94bf56ab64a.udd" 2973
"C:/Users/rafal/AppData/Local/UnrealEngine/Common/DerivedDataCache/Buckets/GlobalShaderMap/3c/d0/78c3c97bdd6d9a25130e37286e94bd2202f0.udd" 2974
"C:/Users/rafal/AppData/Local/UnrealEngine/Common/DerivedDataCache/Buckets/GlobalShaderMap/f5/09/37f409327164cf30159e1205b65999fc1dd4.udd" 2975
"C:/Users/rafal/AppData/Local/UnrealEngine/Common/DerivedDataCache/Buckets/GlobalShaderMap/41/38/b14676af95b5a59327479fb00ff63430d35d.udd" 2976
"C:/Users/rafal/AppData/Local/UnrealEngine/Common/DerivedDataCache/Buckets/GlobalShaderMap/73/90/de6d5966e05a6a8a155321a355d3cf6fc952.udd" 2977
"C:/Users/rafal/AppData/Local/UnrealEngine/Common/DerivedDataCache/Buckets/GlobalShaderMap/64/57/4ea6d48705b77a7533824992a35165178dc7.udd" 2978
"C:/Users/rafal/AppData/Local/UnrealEngine/Common/DerivedDataCache/Buckets/GlobalShaderMap/ba/49/b79c5efb4c4a9cc5ceaa35b82de61cab5674.udd" 2979
"C:/Users/rafal/AppData/Local/UnrealEngine/Common/DerivedDataCache/Buckets/GlobalShaderMap/72/0e/8d83a83f2bfbc7bf99643f36bc953fec8e08.udd" 2980
"C:/Users/rafal/AppData/Local/UnrealEngine/Common/DerivedDataCache/Buckets/GlobalShaderMap/b3/65/94cf026787ada8b3ae93c50a68c9311c1c9e.udd" 2981
"C:/Users/rafal/AppData/Local/UnrealEngine/Common/DerivedDataCache/Buckets/GlobalShaderMap/e5/39/a8ad7e42572f5c75153f3bbfcdb22d67ff0e.udd" 2982
"C:/Users/rafal/AppData/Local/UnrealEngine/Common/DerivedDataCache/Buckets/GlobalShaderMap/de/26/c3728175dabe4b4943964bed5d8d126360b0.udd" 2983
"C:/Users/rafal/AppData/Local/UnrealEngine/Common/DerivedDataCache/Buckets/GlobalShaderMap/13/f6/88ae8ba9f48053ea1e9d219574bcd184422e.udd" 2984
"C:/Users/rafal/AppData/Local/UnrealEngine/Common/DerivedDataCache/Buckets/GlobalShaderMap/f1/4f/9566dab46553f8a0336d1574d90364be6bb2.udd" 2985
"C:/Users/rafal/AppData/Local/UnrealEngine/Common/DerivedDataCache/Buckets/GlobalShaderMap/c1/bd/f93d298085acf5953d8ac6f71daf6a83c374.udd" 2986
"C:/Users/rafal/AppData/Local/UnrealEngine/Common/DerivedDataCache/Buckets/GlobalShaderMap/74/a9/ad4e1b4e0593c897eb7a98b3711c2caff6ba.udd" 2987
"C:/Users/rafal/AppData/Local/UnrealEngine/Common/DerivedDataCache/Buckets/GlobalShaderMap/dc/07/b4dcc382d052c496db48fd444996ad33ac68.udd" 2988
"C:/Users/rafal/AppData/Local/UnrealEngine/Common/DerivedDataCache/Buckets/GlobalShaderMap/50/3b/b07069f334cad21c74823ea86e55cbb09804.udd" 2989
"C:/Users/rafal/AppData/Local/UnrealEngine/Common/DerivedDataCache/Buckets/GlobalShaderMap/0c/e1/10f8449fd4ae913b87a7d41c2cc9dcd236cb.udd" 2990
"C:/Users/rafal/AppData/Local/UnrealEngine/Common/DerivedDataCache/Buckets/GlobalShaderMap/a7/d5/4a7fd9271d4b91109de4443c9b4094dc0381.udd" 2991
"C:/Users/rafal/AppData/Local/UnrealEngine/Common/DerivedDataCache/Buckets/GlobalShaderMap/5d/b4/751492a559d68b7025e49b9313dd82b0e9f0.udd" 2992
"C:/Users/rafal/AppData/Local/UnrealEngine/Common/DerivedDataCache/Buckets/GlobalShaderMap/37/b7/6106ef1d153d6777c64878ef428530c5cf19.udd" 2993
"C:/Users/rafal/AppData/Local/UnrealEngine/Common/DerivedDataCache/Buckets/GlobalShaderMap/6d/a5/bf50f77f0dc7b26fb7aef89cd80f18d68732.udd" 2994
"C:/Users/rafal/AppData/Local/UnrealEngine/Common/DerivedDataCache/Buckets/GlobalShaderMap/76/0d/a6bd9e19ac6cae67f8abf2562989a93935a9.udd" 2995
"C:/Users/rafal/AppData/Local/UnrealEngine/Common/DerivedDataCache/Buckets/GlobalShaderMap/8e/8e/5edce88aa249a867976beb248ea99c0d7e60.udd" 2996
"C:/Users/rafal/AppData/Local/UnrealEngine/Common/DerivedDataCache/Buckets/GlobalShaderMap/04/1e/e06769595a39641beda2905c623c3f445ec5.udd" 2997
"C:/Users/rafal/AppData/Local/UnrealEngine/Common/DerivedDataCache/Buckets/GlobalShaderMap/7c/c9/050665be1ffd127152b11ccfbbdd77ba5867.udd" 2998
"C:/Users/rafal/AppData/Local/UnrealEngine/Common/DerivedDataCache/Buckets/GlobalShaderMap/82/1f/77569bc7c38234dc5f6cc93bfe45f892bba3.udd" 2999
"C:/Users/rafal/AppData/Local/UnrealEngine/Common/DerivedDataCache/Buckets/GlobalShaderMap/9c/50/3c4d8af4012f5c70e196c2bada9555a6a315.udd" 3000
"C:/Users/rafal/AppData/Local/UnrealEngine/Common/DerivedDataCache/Buckets/GlobalShaderMap/f3/a7/29250ac400a6034942a38de56d8da4f44624.udd" 3001
"C:/Users/rafal/AppData/Local/UnrealEngine/Common/DerivedDataCache/Buckets/GlobalShaderMap/52/02/530276ac784f66ba2066d73e4df7bb2f0c72.udd" 3002
"C:/Users/rafal/AppData/Local/UnrealEngine/Common/DerivedDataCache/Buckets/GlobalShaderMap/46/c9/66829a1f185319535d47a4b453c79d17141e.udd" 3003
"C:/Users/rafal/AppData/Local/UnrealEngine/Common/DerivedDataCache/Buckets/GlobalShaderMap/f2/82/7a25955bae8c877627c164513ddbd15bd242.udd" 3004
"C:/Users/rafal/AppData/Local/UnrealEngine/Common/DerivedDataCache/Buckets/GlobalShaderMap/12/af/160ca839e7d44878a83935dce6e02e975458.udd" 3005
"C:/Users/rafal/AppData/Local/UnrealEngine/Common/DerivedDataCache/Buckets/GlobalShaderMap/33/d0/648154de1eefd3ff7480f51a09f446632d96.udd" 3006
"C:/Users/rafal/AppData/Local/UnrealEngine/Common/DerivedDataCache/Buckets/GlobalShaderMap/1b/dc/6a20d7b560c6d64cc40cb75a441df5e007f7.udd" 3007
"C:/Users/rafal/AppData/Local/UnrealEngine/Common/DerivedDataCache/Buckets/GlobalShaderMap/53/eb/67d6e0bf0f52a3c07c41c55f5129ad862d5b.udd" 3008
"C:/Users/rafal/AppData/Local/UnrealEngine/Common/DerivedDataCache/Buckets/GlobalShaderMap/d0/16/8db559084d5e8fa5772b6827056314e7e568.udd" 3009
"C:/Users/rafal/AppData/Local/UnrealEngine/Common/DerivedDataCache/Buckets/GlobalShaderMap/87/c0/4feed3e5b5197b61dcee18d78944198b672f.udd" 3010
"C:/Users/rafal/AppData/Local/UnrealEngine/Common/DerivedDataCache/Buckets/GlobalShaderMap/a0/f7/87686bab2d9023b8451b61727cbe973038a9.udd" 3011
"C:/Users/rafal/AppData/Local/UnrealEngine/Common/DerivedDataCache/Buckets/GlobalShaderMap/04/fe/d72ce464bc0754fbbc449d8ab574b5d4b75c.udd" 3012
"C:/Users/rafal/AppData/Local/UnrealEngine/Common/DerivedDataCache/Buckets/GlobalShaderMap/e9/ed/e297cccee61a19bb493d6b2e05901e6a282c.udd" 3013
"C:/Users/rafal/AppData/Local/UnrealEngine/Common/DerivedDataCache/Buckets/GlobalShaderMap/da/77/45c13a751b3606c4186162cb38cde9b42ed8.udd" 3014
"C:/Users/rafal/AppData/Local/UnrealEngine/Common/DerivedDataCache/Buckets/GlobalShaderMap/d8/32/5b3162af361d504f674526bb6badf478d340.udd" 3015
"C:/Users/rafal/AppData/Local/UnrealEngine/Common/DerivedDataCache/Buckets/GlobalShaderMap/e4/87/3571ac92621194acfd863f5a399dd97fd13d.udd" 3016
"C:/Users/rafal/AppData/Local/UnrealEngine/Common/DerivedDataCache/Buckets/GlobalShaderMap/58/e1/86c8bac77fd7f0083746ee22469a950b85da.udd" 3017
"C:/Users/rafal/AppData/Local/UnrealEngine/Common/DerivedDataCache/Buckets/GlobalShaderMap/38/f8/09351c9e83f2d801985922e0858b56270dcc.udd" 3018
"C:/Users/rafal/AppData/Local/UnrealEngine/Common/DerivedDataCache/Buckets/GlobalShaderMap/4f/0f/06a1a35b3af3e6582f08c95f0a061aabf5d6.udd" 3019
"C:/Users/rafal/AppData/Local/UnrealEngine/Common/DerivedDataCache/Buckets/GlobalShaderMap/48/d9/2f010df416182a6425acb145cd100632b3f4.udd" 3020
"C:/Users/rafal/AppData/Local/UnrealEngine/Common/DerivedDataCache/Buckets/GlobalShaderMap/9a/90/22c8194ed1f20b82af0045c3afed60917494.udd" 3021
"C:/Users/rafal/AppData/Local/UnrealEngine/Common/DerivedDataCache/Buckets/GlobalShaderMap/f2/09/da2fd5ba2fa20b387806e7cbf55997eda016.udd" 3022
"C:/Users/rafal/AppData/Local/UnrealEngine/Common/DerivedDataCache/Buckets/GlobalShaderMap/8a/a4/476071560a583a1c28f04ecc80177b009707.udd" 3023
"C:/Users/rafal/AppData/Local/UnrealEngine/Common/DerivedDataCache/Buckets/GlobalShaderMap/68/ac/b5f27eefab4a9aa623f11eafab3850c3a960.udd" 3024
"C:/Users/rafal/AppData/Local/UnrealEngine/Common/DerivedDataCache/Buckets/GlobalShaderMap/9e/d8/73266a346504ec0d1b667877cde246302e20.udd" 3025
"C:/Users/rafal/AppData/Local/UnrealEngine/Common/DerivedDataCache/Buckets/GlobalShaderMap/4b/30/8d20ecb25f5a5b81b3381dd391afc3075e0e.udd" 3026
"C:/Users/rafal/AppData/Local/UnrealEngine/Common/DerivedDataCache/Buckets/GlobalShaderMap/4d/c1/1b86cc5d5c79b8d12a1c5d6ece8d887e517d.udd" 3027
"C:/Users/rafal/AppData/Local/UnrealEngine/Common/DerivedDataCache/Buckets/GlobalShaderMap/29/d1/d9e47a1b85e726046aee6348980434a98112.udd" 3028
"C:/Users/rafal/AppData/Local/UnrealEngine/Common/DerivedDataCache/Buckets/GlobalShaderMap/84/3b/36b8bd46c0ac4aa229f37ed3688431228656.udd" 3029
"C:/Users/rafal/AppData/Local/UnrealEngine/Common/DerivedDataCache/Buckets/GlobalShaderMap/21/50/96fe24900cd1c1aa3c795215faabeb29869c.udd" 3030
"C:/Users/rafal/AppData/Local/UnrealEngine/Common/DerivedDataCache/Buckets/GlobalShaderMap/56/ac/f9762776fb684dc1510809cab3e3a2a2dce1.udd" 3031
"C:/Users/rafal/AppData/Local/UnrealEngine/Common/DerivedDataCache/Buckets/GlobalShaderMap/22/80/345a47469a1f670b742a6edd641f80fd3542.udd" 3032
"C:/Users/rafal/AppData/Local/UnrealEngine/Common/DerivedDataCache/Buckets/GlobalShaderMap/41/ba/75e71a70baf2abf5e2a45781cb02534a5a1f.udd" 3033
"C:/Users/rafal/AppData/Local/UnrealEngine/Common/DerivedDataCache/Buckets/GlobalShaderMap/c1/b1/9a37a1835e9d47dc3c68bdca51ff6a87b5e4.udd" 3034
"C:/Users/rafal/AppData/Local/UnrealEngine/Common/DerivedDataCache/Buckets/GlobalShaderMap/c9/21/24f327738e4b66e34552ab2131550ecd8081.udd" 3035
"C:/Users/rafal/AppData/Local/UnrealEngine/Common/DerivedDataCache/Buckets/GlobalShaderMap/af/21/d60f835ff0670509839488611c82ca6d7b40.udd" 3036
"C:/Users/rafal/AppData/Local/UnrealEngine/Common/DerivedDataCache/Buckets/GlobalShaderMap/13/10/02b1edf636c523466837799d73e793039fd5.udd" 3037
"C:/Users/rafal/AppData/Local/UnrealEngine/Common/DerivedDataCache/Buckets/GlobalShaderMap/8f/61/497e09d4c161ac48f65ce06de69278b66090.udd" 3038
"C:/Users/rafal/AppData/Local/UnrealEngine/Common/DerivedDataCache/Buckets/GlobalShaderMap/e3/05/2def921e6870ec85feec4f04145a3e89b944.udd" 3039
"C:/Users/rafal/AppData/Local/UnrealEngine/Common/DerivedDataCache/Buckets/GlobalShaderMap/5f/15/ce8c8988e9e136744c164e911b3262d3a885.udd" 3040
"C:/Users/rafal/AppData/Local/UnrealEngine/Common/DerivedDataCache/Buckets/GlobalShaderMap/87/f0/71565ff9c22176de823a9fefdcfc341308df.udd" 3041
"C:/Users/rafal/AppData/Local/UnrealEngine/Common/DerivedDataCache/Buckets/GlobalShaderMap/a9/c2/a61a5788d15f6c3f241a59393c1361a813ac.udd" 3042
"C:/Users/rafal/AppData/Local/UnrealEngine/Common/DerivedDataCache/Buckets/GlobalShaderMap/f7/0d/50c5c7bb3153549d5626516548796b386ac3.udd" 3043
"C:/Users/rafal/AppData/Local/UnrealEngine/Common/DerivedDataCache/Buckets/GlobalShaderMap/8e/d6/267ad5c7be922d27a4bc59e2698c30cdbfa9.udd" 3044
"C:/Users/rafal/AppData/Local/UnrealEngine/Common/DerivedDataCache/Content/f5/1d/8a2d6049912aaa4043ad2cc7061d5b72c0ff.udd" 3045
"C:/Users/rafal/AppData/Local/UnrealEngine/Common/DerivedDataCache/Buckets/GlobalShaderMap/5a/37/2c44a4e9a6719e5eb6fcca570d32bafad050.udd" 3046
"C:/Users/rafal/AppData/Local/UnrealEngine/Common/DerivedDataCache/Buckets/GlobalShaderMap/bb/5c/1e35b1724f3ee1a98f80ac235d63608ef1e8.udd" 3047
"C:/Users/rafal/AppData/Local/UnrealEngine/Common/DerivedDataCache/Buckets/GlobalShaderMap/a8/11/d4522241d8eb626eafd5188ac61911bc793b.udd" 3048
"C:/Users/rafal/AppData/Local/UnrealEngine/Common/DerivedDataCache/Buckets/GlobalShaderMap/5e/9e/62cc7c262b1f13a7f7cd59cf26da600be9c9.udd" 3049
"C:/Users/rafal/AppData/Local/UnrealEngine/Common/DerivedDataCache/Buckets/GlobalShaderMap/fe/f2/c2630827a5d25c65d71e5114f89b55689974.udd" 3050
"C:/Users/rafal/AppData/Local/UnrealEngine/Common/DerivedDataCache/Buckets/GlobalShaderMap/52/5a/bfd607e4c86af67979ee6fa19bcb3b1b5b12.udd" 3051
"C:/Users/rafal/AppData/Local/UnrealEngine/Common/DerivedDataCache/Buckets/GlobalShaderMap/a1/4e/680f2a5efd866f5b61c58f089e3c0a6ca82a.udd" 3052
"C:/Users/rafal/AppData/Local/UnrealEngine/Common/DerivedDataCache/Buckets/GlobalShaderMap/a3/98/ed2d06dee83dd1507e2ecaf534693b756793.udd" 3053
"C:/Users/rafal/AppData/Local/UnrealEngine/Common/DerivedDataCache/Buckets/GlobalShaderMap/18/e3/e9b95b3327e451fb44e3143f9cb4611c4649.udd" 3054
"C:/Users/rafal/AppData/Local/UnrealEngine/Common/DerivedDataCache/Buckets/GlobalShaderMap/9f/df/d843fb609c59c3122a052a2846eb87e92020.udd" 3055
"C:/Users/rafal/AppData/Local/UnrealEngine/Common/DerivedDataCache/Buckets/GlobalShaderMap/e9/d8/815ea300a2f2b28781cec56c9603b4bbfb67.udd" 3056
"C:/Users/rafal/AppData/Local/UnrealEngine/Common/DerivedDataCache/Buckets/GlobalShaderMap/ef/b1/2f913fc3d0ce880af178c972fa9bd183bad0.udd" 3057
"C:/Users/rafal/AppData/Local/UnrealEngine/Common/DerivedDataCache/Buckets/GlobalShaderMap/b3/ef/26a15b506c2c25dc13c752144a42308a880b.udd" 3058
"C:/Users/rafal/AppData/Local/UnrealEngine/Common/DerivedDataCache/Buckets/GlobalShaderMap/8f/eb/4e8b557fad2fc826d4a3fe5a764f49eb97a1.udd" 3059
"C:/Users/rafal/AppData/Local/UnrealEngine/Common/DerivedDataCache/Buckets/GlobalShaderMap/f5/38/77ef69678864bcf4719a262744c16f2d3593.udd" 3060
"C:/Users/rafal/AppData/Local/UnrealEngine/Common/DerivedDataCache/Buckets/GlobalShaderMap/e6/08/a8aea717a77ca642165f6758dc1c2d3cc35d.udd" 3061
"C:/Users/rafal/AppData/Local/UnrealEngine/Common/DerivedDataCache/Buckets/GlobalShaderMap/13/f1/06c8f0f489577e97b1238d1b4f4ced2b4f3f.udd" 3062
"C:/Users/rafal/AppData/Local/UnrealEngine/Common/DerivedDataCache/Buckets/GlobalShaderMap/57/66/e2f3c1df934c3ce36545a8219e7b6c74608c.udd" 3063
"C:/Users/rafal/AppData/Local/UnrealEngine/Common/DerivedDataCache/Buckets/GlobalShaderMap/f2/26/9e6282ddbb3271609adda367e0efc07b9dfe.udd" 3064
"C:/Users/rafal/AppData/Local/UnrealEngine/Common/DerivedDataCache/Buckets/GlobalShaderMap/8a/89/01949741c47446f4e3bed4050284715ea73b.udd" 3065
"C:/Users/rafal/AppData/Local/UnrealEngine/Common/DerivedDataCache/Buckets/GlobalShaderMap/b1/68/cccf03f244aa9aa85182955172c7448b588b.udd" 3066
"C:/Users/rafal/AppData/Local/UnrealEngine/Common/DerivedDataCache/Buckets/GlobalShaderMap/46/6d/35a53b543babfb2f5048ee0ddb2656dbb4ab.udd" 3067
"C:/Users/rafal/AppData/Local/UnrealEngine/Common/DerivedDataCache/Buckets/GlobalShaderMap/3d/38/f6ce7425afd84132c7da7cca386c0bdad08a.udd" 3068
"C:/Users/rafal/AppData/Local/UnrealEngine/Common/DerivedDataCache/Buckets/GlobalShaderMap/5c/25/1c51ced0a7fda1b84fe91830a8fcea1e8273.udd" 3069
"C:/Users/rafal/AppData/Local/UnrealEngine/Common/DerivedDataCache/Buckets/GlobalShaderMap/0a/4b/ebeb07b186c059b19908afbb747d973d2cb8.udd" 3070
"C:/Users/rafal/AppData/Local/UnrealEngine/Common/DerivedDataCache/Buckets/GlobalShaderMap/49/30/ba337dae63446d198d1ebc62277f571e14fb.udd" 3071
"C:/Users/rafal/AppData/Local/UnrealEngine/Common/DerivedDataCache/Buckets/GlobalShaderMap/08/21/bf663e6dfc58ac689d7976ba41752484f48d.udd" 3072
"C:/Users/rafal/AppData/Local/UnrealEngine/Common/DerivedDataCache/Buckets/GlobalShaderMap/c6/2d/a25bc88761685323906e427ca2ed740b01ac.udd" 3073
"C:/Users/rafal/AppData/Local/UnrealEngine/Common/DerivedDataCache/Buckets/GlobalShaderMap/4b/17/7664e34387811fe65a4d5fc9d04dc68aa8e5.udd" 3074
"C:/Users/rafal/AppData/Local/UnrealEngine/Common/DerivedDataCache/Buckets/GlobalShaderMap/f2/e8/d929814565920ee03eb4f6d5ba541ce18e71.udd" 3075
"C:/Users/rafal/AppData/Local/UnrealEngine/Common/DerivedDataCache/Buckets/GlobalShaderMap/23/31/666c73096c8cc432e6bb3d5533b7fdf76bc6.udd" 3076
"C:/Users/rafal/AppData/Local/UnrealEngine/Common/DerivedDataCache/Buckets/GlobalShaderMap/e5/8e/61a4cbd52988be7a5d505f7259103f6266ec.udd" 3077
"../../../Engine/Content/EngineSounds/Master.uasset" 3078
"../../../Engine/Content/EditorResources/BSPVertex.uasset" 3079
"../../../Engine/Content/EngineDebugMaterials/DebugEditorMaterial.uasset" 3080
"../../../Engine/Content/EngineMaterials/STBlueNoise_scalar_128x128x64.uasset" 3081
"../../../Engine/Content/EngineMaterials/DefaultBloomKernel.uasset" 3082
"../../../Engine/Content/EngineMaterials/STBlueNoise_vec2_128x128x64.uasset" 3083
"../../../Engine/Plugins/Interchange/Runtime/Content/Pipelines/DefaultSceneAssetsPipeline.uasset" 3084
"../../../Engine/Plugins/Interchange/Runtime/Content/Pipelines/DefaultSceneLevelPipeline.uasset" 3085
"../../../Engine/Plugins/Interchange/Runtime/Content/Pipelines/DefaultMaterialPipeline.uasset" 3086
"../../../Engine/Plugins/Interchange/Runtime/Content/Pipelines/DefaultTexturePipeline.uasset" 3087
"../../../Engine/Plugins/Interchange/Runtime/Content/Pipelines/DefaultAssetsPipeline.uasset" 3088
"../../../Engine/Plugins/Animation/ControlRig/Content/Controls/ControlRigGizmoMaterial.uasset" 3089
"../../../Engine/Content/EngineResources/FilmGrains/Marcie_Grain_v3_128_M2_000.uasset" 3090
"../../../Engine/Plugins/Interchange/Runtime/Content/Utilities/T_Bayer64_Grayscale_64px.uasset" 3091
"../../../Engine/Plugins/Interchange/Runtime/Content/Pipelines/DefaultGraphInspectorPipeline.uasset" 3092
"../../../Engine/Plugins/Interchange/Runtime/Content/Utilities/New_LUT.uasset" 3093
"../../../Engine/Plugins/Interchange/Runtime/Content/Materials/UnlitMaterial.uasset" 3094
"../../../Engine/Plugins/Interchange/Runtime/Content/Materials/MapOrScalarFunction.uasset" 3095
"../../../Engine/Plugins/Interchange/Runtime/Content/Materials/MapOrLinearColorFunction.uasset" 3096
"../../../Engine/Plugins/Interchange/Runtime/Content/Materials/MapOrColorFunction.uasset" 3097
"../../../Engine/Plugins/Interchange/Runtime/Content/gltf/MaterialFunctions/MF_RotateV2.uasset" 3098
"../../../Engine/Plugins/Interchange/Runtime/Content/gltf/MaterialFunctions/MF_IOR.uasset" 3099
"C:/Users/rafal/AppData/Local/UnrealEngine/Common/DerivedDataCache/Buckets/BulkDataList/ca/2e/e3bef2aec2b66b821b1a317c976715108044.udd" 3100
"../../../Engine/Plugins/Interchange/Runtime/Content/gltf/MaterialFunctions/MF_Fresnel_DS.uasset" 3101
"C:/Users/rafal/AppData/Local/UnrealEngine/Common/DerivedDataCache/Buckets/BulkDataList/18/94/b8557d464e7a0644fd5b994058b4479f0b18.udd" 3102
"../../../Engine/Plugins/Interchange/Runtime/Content/gltf/Textures/T_White_srgb.uasset" 3103
"../../../Engine/Plugins/Interchange/Runtime/Content/gltf/Textures/T_White_Linear.uasset" 3104
"../../../Engine/Plugins/Interchange/Runtime/Content/gltf/Textures/T_Gray_Linear.uasset" 3105
"C:/Users/rafal/AppData/Local/UnrealEngine/Common/DerivedDataCache/Buckets/BulkDataList/76/28/75ba8b264b868bfde0a20c9959a27ed41c2f.udd" 3106
"../../../Engine/Plugins/Interchange/Runtime/Content/gltf/Textures/T_Generic_N.uasset" 3107
"C:/Users/rafal/AppData/Local/UnrealEngine/Common/DerivedDataCache/Buckets/BulkDataList/b4/3c/56e6ffd8dad48c679b3f26e272329dbd1336.udd" 3108
"../../../Engine/Plugins/Interchange/Runtime/Content/gltf/Textures/T_Black_srgb.uasset" 3109
"../../../Engine/Plugins/Interchange/Runtime/Content/Functions/MF_SchlickApprox.uasset" 3110
"C:/Users/rafal/AppData/Local/UnrealEngine/Common/DerivedDataCache/Buckets/MaterialShaderMap/28/fe/46ca2eede945b7bb325809d933698d44ec09.udd" 3111
"C:/Users/rafal/AppData/Local/UnrealEngine/Common/DerivedDataCache/Buckets/MaterialShaderMap/76/70/90c020e6683d2085a6c0bd9fd767aa06d3e5.udd" 3112
"C:/Users/rafal/AppData/Local/UnrealEngine/Common/DerivedDataCache/Buckets/MaterialShaderMap/f1/f9/7c41d9a86cccdd4474d31308268da186f67a.udd" 3113
"C:/Users/rafal/AppData/Local/UnrealEngine/Common/DerivedDataCache/Buckets/MaterialShaderMap/bf/e1/18f3ccfa5a084ccbc58274eacbbb2abbf4e5.udd" 3114
"C:/Users/rafal/AppData/Local/UnrealEngine/Common/DerivedDataCache/Buckets/MaterialShaderMap/b5/da/2c48d1b97cd3abf4070e5453ccf736a36600.udd" 3115
"C:/Users/rafal/AppData/Local/UnrealEngine/Common/DerivedDataCache/Buckets/MaterialShaderMap/19/a5/44d92a8ad6ee6c27b4be0d60328d6d4dfbdf.udd" 3116
"C:/Users/rafal/AppData/Local/UnrealEngine/Common/DerivedDataCache/Buckets/MaterialShaderMap/78/ec/63171dc5e4ab306f2a656bb71fd654b8e2bd.udd" 3117
"C:/Users/rafal/AppData/Local/UnrealEngine/Common/DerivedDataCache/Buckets/MaterialShaderMap/cf/4a/8f9c7fe36805456e5b30811671ee86cd6187.udd" 3118
"C:/Users/rafal/AppData/Local/UnrealEngine/Common/DerivedDataCache/Buckets/MaterialShaderMap/d3/33/f95461359e1c1574eee4125fd68ee0621d24.udd" 3119
"C:/Users/rafal/AppData/Local/UnrealEngine/Common/DerivedDataCache/Buckets/MaterialShaderMap/d3/c0/405f3e467d895eede1612c108423b0fc1608.udd" 3120
"C:/Users/rafal/AppData/Local/UnrealEngine/Common/DerivedDataCache/Buckets/MaterialShaderMap/65/d0/668f60fd99dd93ecb69b8c87b964dede1e38.udd" 3121
"C:/Users/rafal/AppData/Local/UnrealEngine/Common/DerivedDataCache/Buckets/MaterialShaderMap/3b/e3/0b45744defb9839841debb4beb30f5954e98.udd" 3122
"../../../Engine/Plugins/Interchange/Runtime/Content/Functions/MF_OrenNayerView.uasset" 3123
"../../../Engine/Content/EngineMaterials/DefaultCalibrationGrayscale.uasset" 3124
"../../../Engine/Content/EngineMaterials/DefaultCalibrationColor.uasset" 3125
"../../../Engine/Content/MobileResources/HUD/VirtualJoystick_Background.uasset" 3126
"../../../Engine/Content/MobileResources/HUD/VirtualJoystick_Thumb.uasset" 3127
"../../../Engine/Content/EngineSounds/Submixes/MasterEQEffectPreset.uasset" 3128
"../../../Engine/Content/EngineSounds/Submixes/MasterReverbEffectPreset.uasset" 3129
"../../../Engine/Content/EditorMaterials/PreviewShadowIndicator.uasset" 3130
"../../../Engine/Content/Maps/Entry_BuiltData.uasset" 3131
"../../../Engine/Content/EngineMaterials/DefaultNormal.uasset" 3132
"../../../Engine/Content/EditorLandscapeResources/WhiteSquareTexture.uasset" 3133
"../../../Engine/Content/EngineMaterials/FlatNormal.uasset" 3134
"../../../Engine/Content/Functions/Engine_MaterialFunctions02/Math/AddComponents.uasset" 3135
"../../../Engine/Content/Functions/Engine_MaterialFunctions02/Texturing/CustomRotator.uasset" 3136
"../../../Engine/Content/Functions/Engine_MaterialFunctions02/Texturing/ScreenAlignedPixelToPixelUVs.uasset" 3137
"../../../Engine/Content/Functions/Engine_MaterialFunctions01/Texturing/FlattenNormal.uasset" 3138
"../../../Engine/Content/Functions/Engine_MaterialFunctions01/Shading/FuzzyShading.uasset" 3139
"../../../Engine/Content/Functions/Engine_MaterialFunctions03/Math/RemapValueRange.uasset" 3140
"../../../Engine/Content/EditorBlueprintResources/StandardMacros.uasset" 3141
"D:/Repos/HotelSimulator/PeterSimulator/Content/FirstPerson/Input/Actions/IA_Interact.uasset" 3142
"D:/Repos/HotelSimulator/PeterSimulator/Content/FirstPerson/Input/Actions/IA_Jump.uasset" 3143
"D:/Repos/HotelSimulator/PeterSimulator/Content/FirstPerson/Input/Actions/IA_Look.uasset" 3144
"D:/Repos/HotelSimulator/PeterSimulator/Content/FirstPerson/Input/Actions/IA_Move.uasset" 3145
"C:/Users/rafal/AppData/Local/UnrealEngine/Common/DerivedDataCache/Buckets/BulkDataList/0a/7f/1da0818e3903fe32de7e3f5a69d0e913df59.udd" 3146
"D:/Repos/HotelSimulator/PeterSimulator/Content/FirstPerson/Input/Actions/IA_Pause.uasset" 3147
"D:/Repos/HotelSimulator/PeterSimulator/Content/FirstPerson/Input/Actions/IA_StandUp.uasset" 3148
"C:/Users/rafal/AppData/Local/UnrealEngine/Common/DerivedDataCache/Buckets/BulkDataList/d3/c8/68ed2d0e903a1dc25b9b2a41495a481bea6f.udd" 3149
"D:/Repos/HotelSimulator/PeterSimulator/Content/Blueprints/BPS_InteractableActorStructure.uasset" 3150
"D:/Repos/HotelSimulator/PeterSimulator/Content/Images/I_HotelSizeBoxBackgroundTemp.uasset" 3151
"D:/Repos/HotelSimulator/PeterSimulator/Content/Images/WIP-Marco/I_TempLogo_HotelSim.uasset" 3152
"D:/Repos/HotelSimulator/PeterSimulator/Content/OfficeScene/Textures/T_ExecutiveChair_BC.uasset" 3153
"D:/Repos/HotelSimulator/PeterSimulator/Content/OfficeScene/Textures/T_ExecutiveChair_N.uasset" 3154
"D:/Repos/HotelSimulator/PeterSimulator/Content/OfficeScene/Textures/T_ExecutiveChair_ORM.uasset" 3155
"D:/Repos/HotelSimulator/PeterSimulator/Content/OfficeScene/Materials/M_ExecutiveChairMetal.uasset" 3156
"D:/Repos/HotelSimulator/PeterSimulator/Content/OfficeScene/Materials/M_ExecutiveChairPlastic.uasset" 3157
"D:/Repos/HotelSimulator/PeterSimulator/Content/OfficeScene/Textures/T_Laptop_BC.uasset" 3158
"D:/Repos/HotelSimulator/PeterSimulator/Content/OfficeScene/Textures/T_Laptop_N.uasset" 3159
"D:/Repos/HotelSimulator/PeterSimulator/Content/OfficeScene/Textures/T_Laptop_ORM.uasset" 3160
"D:/Repos/HotelSimulator/PeterSimulator/Content/OfficeScene/Textures/T_DeskLamp_BC.uasset" 3161
"D:/Repos/HotelSimulator/PeterSimulator/Content/OfficeScene/Textures/T_DeskLamp_N.uasset" 3162
"D:/Repos/HotelSimulator/PeterSimulator/Content/OfficeScene/Textures/T_DeskLamp_ORM.uasset" 3163
"D:/Repos/HotelSimulator/PeterSimulator/Content/OfficeScene/Textures/T_Rubber_N.uasset" 3164
"D:/Repos/HotelSimulator/PeterSimulator/Content/OfficeScene/Textures/T_Rubber_R.uasset" 3165
"D:/Repos/HotelSimulator/PeterSimulator/Content/OfficeScene/Textures/T_Melamine_N.uasset" 3166
"C:/Users/rafal/AppData/Local/UnrealEngine/Common/DerivedDataCache/Buckets/BulkDataList/8e/8e/a6ca45a8d7cf913bbe9a6fbe97a217c4df20.udd" 3167
"D:/Repos/HotelSimulator/PeterSimulator/Content/OfficeScene/Textures/T_Melamine_R.uasset" 3168
"C:/Users/rafal/AppData/Local/UnrealEngine/Common/DerivedDataCache/Buckets/BulkDataList/3a/16/0043b5d98363f782d962e3328fe7b605bfa3.udd" 3169
"D:/Repos/HotelSimulator/PeterSimulator/Content/OfficeScene/Textures/T_Pencils_BC.uasset" 3170
"C:/Users/rafal/AppData/Local/UnrealEngine/Common/DerivedDataCache/Buckets/BulkDataList/fb/be/55bad000997b2670c9eec39c40859f871f46.udd" 3171
"D:/Repos/HotelSimulator/PeterSimulator/Content/OfficeScene/Textures/T_Pencils_N.uasset" 3172
"C:/Users/rafal/AppData/Local/UnrealEngine/Common/DerivedDataCache/Buckets/BulkDataList/43/b0/fbcd92b0c2264145a9ce2405e923581aad8b.udd" 3173
"D:/Repos/HotelSimulator/PeterSimulator/Content/OfficeScene/Textures/T_Pencils_ORM.uasset" 3174
"C:/Users/rafal/AppData/Local/UnrealEngine/Common/DerivedDataCache/Buckets/BulkDataList/4d/ba/351aef6880c3bb1f615486b0b86f6c8a2125.udd" 3175
"D:/Repos/HotelSimulator/PeterSimulator/Content/OfficeScene/Textures/T_Keyboard_BC.uasset" 3176
"D:/Repos/HotelSimulator/PeterSimulator/Content/OfficeScene/Textures/T_Keyboard_N.uasset" 3177
"D:/Repos/HotelSimulator/PeterSimulator/Content/OfficeScene/Textures/T_Keyboard_ORM.uasset" 3178
"C:/Users/rafal/AppData/Local/UnrealEngine/Common/DerivedDataCache/Buckets/BulkDataList/0d/ec/2c3fc401c777e28870b530db8cb391441ec3.udd" 3179
"D:/Repos/HotelSimulator/PeterSimulator/Content/OfficeScene/Textures/T_Monitor_BC.uasset" 3180
"C:/Users/rafal/AppData/Local/UnrealEngine/Common/DerivedDataCache/Buckets/BulkDataList/f6/a3/3ae9051979299a83425cac49e9bd647a1e31.udd" 3181
"D:/Repos/HotelSimulator/PeterSimulator/Content/OfficeScene/Textures/T_Monitor_N.uasset" 3182
"C:/Users/rafal/AppData/Local/UnrealEngine/Common/DerivedDataCache/Buckets/BulkDataList/54/5c/0ea65347993a2f987774c027105a5975ea46.udd" 3183
"D:/Repos/HotelSimulator/PeterSimulator/Content/OfficeScene/Textures/T_Monitor_ORM.uasset" 3184
"C:/Users/rafal/AppData/Local/UnrealEngine/Common/DerivedDataCache/Buckets/BulkDataList/23/64/db11abcaa18ea126cf8b1e4da584850e2c10.udd" 3185
"D:/Repos/HotelSimulator/PeterSimulator/Content/OfficeScene/Textures/T_Mouse__N.uasset" 3186
"C:/Users/rafal/AppData/Local/UnrealEngine/Common/DerivedDataCache/Buckets/BulkDataList/67/d8/fb6e88060cb8bf0fe712607ab92b53614ed6.udd" 3187
"D:/Repos/HotelSimulator/PeterSimulator/Content/OfficeScene/Textures/T_Mouse_BC.uasset" 3188
"C:/Users/rafal/AppData/Local/UnrealEngine/Common/DerivedDataCache/Buckets/BulkDataList/ed/d0/830fd29940c98dd594ca62b385e9e4bad75f.udd" 3189
"D:/Repos/HotelSimulator/PeterSimulator/Content/OfficeScene/Textures/T_Mouse_ORM.uasset" 3190
"C:/Users/rafal/AppData/Local/UnrealEngine/Common/DerivedDataCache/Buckets/BulkDataList/4b/71/2960ccd50a25f378200b3bcbe305548bfd5a.udd" 3191
"D:/Repos/HotelSimulator/PeterSimulator/Content/OfficeScene/Textures/T_Fabric_N.uasset" 3192
"C:/Users/rafal/AppData/Local/UnrealEngine/Common/DerivedDataCache/Buckets/BulkDataList/0e/82/bd698c3e0ed94f2225175a56c697a980750d.udd" 3193
"D:/Repos/HotelSimulator/PeterSimulator/Content/OfficeScene/Textures/T_Fabric_R.uasset" 3194
"C:/Users/rafal/AppData/Local/UnrealEngine/Common/DerivedDataCache/Buckets/BulkDataList/b7/a3/dfe8d9a33117dc3c72a1fba1de7fb92a2834.udd" 3195
"D:/Repos/HotelSimulator/PeterSimulator/Content/OfficeScene/Textures/T_Notebook_BC.uasset" 3196
"C:/Users/rafal/AppData/Local/UnrealEngine/Common/DerivedDataCache/Buckets/BulkDataList/7f/57/afb914f3b2b86898bcac9a5433a912b6d13b.udd" 3197
"D:/Repos/HotelSimulator/PeterSimulator/Content/OfficeScene/Textures/T_Notebook_N.uasset" 3198
"C:/Users/rafal/AppData/Local/UnrealEngine/Common/DerivedDataCache/Buckets/BulkDataList/08/b9/3dd397946f60f2fb3de5ddb0527000a7aec7.udd" 3199
"D:/Repos/HotelSimulator/PeterSimulator/Content/OfficeScene/Textures/T_Notebook_ORM.uasset" 3200
"C:/Users/rafal/AppData/Local/UnrealEngine/Common/DerivedDataCache/Buckets/BulkDataList/14/c5/48fe23f5e8696198075d87bdfb52623d018a.udd" 3201
"D:/Repos/HotelSimulator/PeterSimulator/Content/Images/Computer/I_BrowserTopBar.uasset" 3202
"C:/Users/rafal/AppData/Local/UnrealEngine/Common/DerivedDataCache/Buckets/BulkDataList/a7/38/fae9b90dd5a2b5a0b04498351fc4bf2fddaa.udd" 3203
"D:/Repos/HotelSimulator/PeterSimulator/Content/Images/Computer/I_JCB.uasset" 3204
"C:/Users/rafal/AppData/Local/UnrealEngine/Common/DerivedDataCache/Buckets/BulkDataList/ac/65/52b6ba20fa12e6bf8ac7a6820441d20e8dd1.udd" 3205
"D:/Repos/HotelSimulator/PeterSimulator/Content/Images/Computer/I_TaskBar.uasset" 3206
"C:/Users/rafal/AppData/Local/UnrealEngine/Common/DerivedDataCache/Buckets/BulkDataList/12/8f/2be0c0e33063e6f9571ea883e7b05fb89051.udd" 3207
"D:/Repos/HotelSimulator/PeterSimulator/Content/Images/Computer/I_DesktopWallpaper.uasset" 3208
"C:/Users/rafal/AppData/Local/UnrealEngine/Common/DerivedDataCache/Buckets/BulkDataList/71/f1/84fb02901a2c5cb1e49fa325f90220f175ca.udd" 3209
"D:/Repos/HotelSimulator/PeterSimulator/Content/Images/Computer/I_Rotaready.uasset" 3210
"C:/Users/rafal/AppData/Local/UnrealEngine/Common/DerivedDataCache/Buckets/BulkDataList/28/b7/ad20da6a847c9ccafd7d0ee273db2d3abe36.udd" 3211
"D:/Repos/HotelSimulator/PeterSimulator/Content/Images/Computer/I_Amazon.uasset" 3212
"C:/Users/rafal/AppData/Local/UnrealEngine/Common/DerivedDataCache/Buckets/BulkDataList/22/8f/c4b91d3f331c577d90b6c4fa17a2a2f834b1.udd" 3213
"C:/Users/rafal/AppData/Local/UnrealEngine/Common/DerivedDataCache/Buckets/BulkDataList/a1/8b/8e177350fa4678bfe57bc34538f61b0fafa1.udd" 3214
"../../../Engine/Content/Functions/Engine_MaterialFunctions02/WorldPositionOffset/V2/ObjectScale.uasset" 3215
"C:/Users/rafal/AppData/Local/UnrealEngine/Common/DerivedDataCache/Buckets/BulkDataList/fe/df/f637b6d9747b7f1293f871814f3cc617fced.udd" 3216
"../../../Engine/Content/Functions/Engine_MaterialFunctions02/Math/Transform3x3Matrix.uasset" 3217
"C:/Users/rafal/AppData/Local/UnrealEngine/Common/DerivedDataCache/Buckets/BulkDataList/09/72/c4e9a05abe3095a826833a15364a2e4735fc.udd" 3218
"C:/Users/rafal/AppData/Local/UnrealEngine/Common/DerivedDataCache/Buckets/BulkDataList/8d/e6/ee033dfdd9242293f38e22cb133539ed7c8f.udd" 3219
"../../../Engine/Plugins/Interchange/Runtime/Content/gltf/MaterialFunctions/MF_TransformUVs.uasset" 3220
"../../../Engine/Content/EngineMaterials/PPM_DefaultCalibrationGrayscale.uasset" 3221
"C:/Users/rafal/AppData/Local/UnrealEngine/Common/DerivedDataCache/Buckets/BulkDataList/02/ed/6c0b97340b595050b5a9d3b7af434cbe9171.udd" 3222
"../../../Engine/Content/EngineMaterials/PPM_DefaultCalibrationColor.uasset" 3223
"C:/Users/rafal/AppData/Local/UnrealEngine/Common/DerivedDataCache/Buckets/BulkDataList/97/24/e33ab3df625a3c48d1bbf508527ad6773867.udd" 3224
"../../../Engine/Content/MobileResources/HUD/DefaultVirtualJoysticks.uasset" 3225
"C:/Users/rafal/AppData/Local/UnrealEngine/Common/DerivedDataCache/Buckets/BulkDataList/37/d6/bc6be8699068526f76f9d0e00574218bc9f8.udd" 3226
"../../../Engine/Content/EditorMaterials/PreviewShadowIndicatorMaterial.uasset" 3227
"C:/Users/rafal/AppData/Local/UnrealEngine/Common/DerivedDataCache/Buckets/BulkDataList/11/70/c97899240a7d0b087165d8af94d099ea6e34.udd" 3228
"C:/Users/rafal/AppData/Local/UnrealEngine/Common/DerivedDataCache/Buckets/BulkDataList/08/b0/932d3f0504caa4565d69d4c3b9c16b8d5eb2.udd" 3229
"../../../Engine/Plugins/Interchange/Runtime/Content/Materials/PhongSurfaceMaterial.uasset" 3230
"C:/Users/rafal/AppData/Local/UnrealEngine/Common/DerivedDataCache/Buckets/BulkDataList/fc/c4/31bd1b1f7e5f8f95d1dd53f0236d737c13cf.udd" 3231
"../../../Engine/Plugins/Interchange/Runtime/Content/Materials/CommonMaterial.uasset" 3232
"C:/Users/rafal/AppData/Local/UnrealEngine/Common/DerivedDataCache/Buckets/BulkDataList/76/c9/5b3ac94fbf339f72623e7866b1683ae17976.udd" 3233
"../../../Engine/Plugins/Interchange/Runtime/Content/gltf/MaterialFunctions/MF_PerceivedBrightness.uasset" 3234
"C:/Users/rafal/AppData/Local/UnrealEngine/Common/DerivedDataCache/Buckets/BulkDataList/9c/67/d93bcb3d2c27788238424e7d758115c951a2.udd" 3235
"../../../Engine/Plugins/Interchange/Runtime/Content/gltf/MaterialFunctions/MF_Temporal_Blur.uasset" 3236
"C:/Users/rafal/AppData/Local/UnrealEngine/Common/DerivedDataCache/Buckets/BulkDataList/45/98/73c6879d3b4c611d913e2b44ed557447bef5.udd" 3237
"../../../Engine/Plugins/Interchange/Runtime/Content/Functions/MF_Iridescence.uasset" 3238
"D:/Repos/HotelSimulator/PeterSimulator/Content/FirstPerson/Input/IMC_Default.uasset" 3239
"C:/Users/rafal/AppData/Local/UnrealEngine/Common/DerivedDataCache/Buckets/BulkDataList/39/d9/d31172b2744476721688e458825889d4a376.udd" 3240
"D:/Repos/HotelSimulator/PeterSimulator/Content/FirstPerson/Input/IMC_Walking.uasset" 3241
"C:/Users/rafal/AppData/Local/UnrealEngine/Common/DerivedDataCache/Buckets/BulkDataList/94/99/dcbeb72ff735494dcc36103b55776ad3f4d9.udd" 3242
"D:/Repos/HotelSimulator/PeterSimulator/Content/FirstPerson/Input/IMC_SittingDown.uasset" 3243
"D:/Repos/HotelSimulator/PeterSimulator/Content/OfficeScene/Materials/M_Laptop.uasset" 3244
"C:/Users/rafal/AppData/Local/UnrealEngine/Common/DerivedDataCache/Buckets/MaterialShaderMap/f0/32/b252318f8a40ffc877cc421de0ac802493e1.udd" 3245
"C:/Users/rafal/AppData/Local/UnrealEngine/Common/DerivedDataCache/Buckets/MaterialShaderMap/4c/46/c9cbbdbfce5743b1c80e5f8cb77f0daf433f.udd" 3246
"C:/Users/rafal/AppData/Local/UnrealEngine/Common/DerivedDataCache/Buckets/MaterialShaderMap/43/24/8e4f4c56e677782ed0caebc7fc2d76d2985e.udd" 3247
"C:/Users/rafal/AppData/Local/UnrealEngine/Common/DerivedDataCache/Buckets/MaterialShaderMap/13/76/1579e0a9f26e8bc0e48a6c599188feb90864.udd" 3248
"C:/Users/rafal/AppData/Local/UnrealEngine/Common/DerivedDataCache/Buckets/MaterialShaderMap/30/4d/2cb0e735b3ef3f91389a14186e4c608ff97e.udd" 3249
"C:/Users/rafal/AppData/Local/UnrealEngine/Common/DerivedDataCache/Buckets/MaterialShaderMap/9e/34/e57c0cfa82c3cd60d2b3363077a54bbf361b.udd" 3250
"C:/Users/rafal/AppData/Local/UnrealEngine/Common/DerivedDataCache/Buckets/MaterialShaderMap/03/95/8a09657e6693ef8ccfeb04616bc54c172dfa.udd" 3251
"D:/Repos/HotelSimulator/PeterSimulator/Content/OfficeScene/Materials/M_Rubber.uasset" 3252
"C:/Users/rafal/AppData/Local/UnrealEngine/Common/DerivedDataCache/Buckets/MaterialShaderMap/c9/aa/0b5c128fd669266c09ce5e004b902105e79e.udd" 3253
"D:/Repos/HotelSimulator/PeterSimulator/Content/OfficeScene/Materials/M_Melamine.uasset" 3254
"C:/Users/rafal/AppData/Local/UnrealEngine/Common/DerivedDataCache/Buckets/MaterialShaderMap/7f/76/49dbb132513b6b7adc50d9159d7f8c39a2fb.udd" 3255
"../../Plugins/Interchange/Runtime/Content/gltf/MaterialFunctions/MF_RotateV2.uasset" 3256
"D:/Repos/HotelSimulator/PeterSimulator/Content/OfficeScene/Materials/M_Fabric.uasset" 3257
"../../../Engine/Plugins/Interchange/Runtime/Content/gltf/MaterialFunctions/MF_TransmissionOpacity.uasset" 3258
"../../../Engine/Plugins/Interchange/Runtime/Content/gltf/MaterialFunctions/MF_RotateNormals_TS.uasset" 3259
"../../Plugins/Interchange/Runtime/Content/Materials/MapOrColorFunction.uasset" 3260
"../../Plugins/Interchange/Runtime/Content/Materials/MapOrLinearColorFunction.uasset" 3261
"../../Plugins/Interchange/Runtime/Content/Materials/MapOrScalarFunction.uasset" 3262
"../../../Engine/Content/Maps/Entry.umap" 3263
"../../Plugins/Interchange/Runtime/Content/Utilities/T_Bayer64_Grayscale_64px.uasset" 3264
"../../../Engine/Plugins/Animation/ControlRig/Content/Controls/ControlRig_Wedge_solid.uasset" 3265
"../../Plugins/Interchange/Runtime/Content/Utilities/New_LUT.uasset" 3266
"../../../Engine/Plugins/Animation/ControlRig/Content/Controls/ControlRig_Wedge_3mm.uasset" 3267
"../../../../../Repos/HotelSimulator/PeterSimulator/Content/FirstPerson/Input/Actions/IA_Look.uasset" 3268
"../../../Engine/Plugins/Animation/ControlRig/Content/Controls/ControlRig_Wedge_1mm.uasset" 3269
"../../../../../Repos/HotelSimulator/PeterSimulator/Content/FirstPerson/Input/Actions/IA_Interact.uasset" 3270
"../../../../../Repos/HotelSimulator/PeterSimulator/Content/FirstPerson/Input/Actions/IA_Jump.uasset" 3271
"../../../../../Repos/HotelSimulator/PeterSimulator/Content/FirstPerson/Input/Actions/IA_Move.uasset" 3272
"../../../../../Repos/HotelSimulator/PeterSimulator/Content/FirstPerson/Input/Actions/IA_Pause.uasset" 3273
"../../../Engine/Plugins/Animation/ControlRig/Content/Controls/ControlRig_Triangle_solid.uasset" 3274
"../../../../../Repos/HotelSimulator/PeterSimulator/Content/FirstPerson/Input/Actions/IA_StandUp.uasset" 3275
"../../../Engine/Plugins/Animation/ControlRig/Content/Controls/ControlRig_Triangle_3mm.uasset" 3276
"../../../../../Repos/HotelSimulator/PeterSimulator/Content/OfficeScene/Textures/T_Laptop_BC.uasset" 3277
"../../../../../Repos/HotelSimulator/PeterSimulator/Content/OfficeScene/Textures/T_Laptop_N.uasset" 3278
"../../../../../Repos/HotelSimulator/PeterSimulator/Content/OfficeScene/Textures/T_Laptop_ORM.uasset" 3279
"../../../Engine/Plugins/Animation/ControlRig/Content/Controls/ControlRig_Triangle_1mm.uasset" 3280
"../../../../../Repos/HotelSimulator/PeterSimulator/Content/OfficeScene/Textures/T_Rubber_N.uasset" 3281
"../../../../../Repos/HotelSimulator/PeterSimulator/Content/OfficeScene/Textures/T_Rubber_R.uasset" 3282
"../../../Engine/Plugins/Animation/ControlRig/Content/Controls/ControlRig_Star4_solid.uasset" 3283
"../../../../../Repos/HotelSimulator/PeterSimulator/Content/OfficeScene/Textures/T_Melamine_N.uasset" 3284
"../../../../../Repos/HotelSimulator/PeterSimulator/Content/OfficeScene/Textures/T_Melamine_R.uasset" 3285
"../../../Engine/Plugins/Animation/ControlRig/Content/Controls/ControlRig_Star4_3mm.uasset" 3286
"../../../../../Repos/HotelSimulator/PeterSimulator/Content/OfficeScene/Textures/T_Fabric_N.uasset" 3287
"../../../../../Repos/HotelSimulator/PeterSimulator/Content/OfficeScene/Textures/T_Fabric_R.uasset" 3288
"../../../Engine/Plugins/Animation/ControlRig/Content/Controls/ControlRig_Star4_1mm.uasset" 3289
"../../../Engine/Plugins/Animation/ControlRig/Content/Controls/ControlRig_Square_solid.uasset" 3290
"../../../Engine/Plugins/Animation/ControlRig/Content/Controls/ControlRig_Square_3mm.uasset" 3291
"C:/Users/rafal/AppData/Local/UnrealEngine/Common/DerivedDataCache/Buckets/MaterialShaderMap/3a/b7/02a1fc36342beff31bbdd1e98643bd9c8b0c.udd" 3292
"C:/Users/rafal/AppData/Local/UnrealEngine/Common/DerivedDataCache/Buckets/MaterialShaderMap/ac/de/cf5bb4ed9a12d2ce4eef885d473ccbe07de0.udd" 3293
"C:/Users/rafal/AppData/Local/UnrealEngine/Common/DerivedDataCache/Buckets/MaterialShaderMap/12/91/511d7dde04c6991ae0e567d4bf3fc50ada79.udd" 3294
"C:/Users/rafal/AppData/Local/UnrealEngine/Common/DerivedDataCache/Buckets/MaterialShaderMap/57/12/05146ae1aaec52822c5f4d2c4b51076da878.udd" 3295
"C:/Users/rafal/AppData/Local/UnrealEngine/Common/DerivedDataCache/Buckets/MaterialShaderMap/e3/33/38c2337f510b2f1c89a46ce8e7b75e3214e1.udd" 3296
"C:/Users/rafal/AppData/Local/UnrealEngine/Common/DerivedDataCache/Content/e4/11/cdf3e91e18e5fe6dc3497fdb5ee12ed9ede5.udd" 3297
"C:/Users/rafal/AppData/Local/UnrealEngine/Common/DerivedDataCache/Buckets/MaterialShaderMap/9e/26/dd91c2f7e479d838d5a2f701650e8ce9db81.udd" 3298
"../../../Engine/Plugins/Animation/ControlRig/Content/Controls/ControlRig_Square_1mm.uasset" 3299
"../../../Engine/Plugins/Animation/ControlRig/Content/Controls/ControlRig_Sphere_3mm.uasset" 3300
"../../../Engine/Plugins/Animation/ControlRig/Content/Controls/ControlRig_Sphere_1mm.uasset" 3301
"../../../Engine/Plugins/Animation/ControlRig/Content/Controls/ControlRig_RoundedTriangle_solid.uasset" 3302
"../../../Engine/Plugins/Animation/ControlRig/Content/Controls/ControlRig_RoundedTriangle_3mm.uasset" 3303
"../../../Engine/Plugins/Animation/ControlRig/Content/Controls/ControlRig_RoundedTriangle_1mm.uasset" 3304
"../../../Engine/Plugins/Animation/ControlRig/Content/Controls/ControlRig_RoundedSquare_solid.uasset" 3305
"../../../Engine/Plugins/Animation/ControlRig/Content/Controls/ControlRig_RoundedSquare_3mm.uasset" 3306
"../../../Engine/Plugins/Animation/ControlRig/Content/Controls/ControlRig_RoundedSquare_1mm.uasset" 3307
"../../../Engine/Plugins/Animation/ControlRig/Content/Controls/ControlRig_QuarterCircle_solid.uasset" 3308
"../../../Engine/Plugins/Animation/ControlRig/Content/Controls/ControlRig_QuarterCircle_3mm.uasset" 3309
"../../../Engine/Plugins/Animation/ControlRig/Content/Controls/ControlRig_QuarterCircle_1mm.uasset" 3310
"../../../Engine/Plugins/Animation/ControlRig/Content/Controls/ControlRig_Pyramid_solid.uasset" 3311
"../../../Engine/Plugins/Animation/ControlRig/Content/Controls/ControlRig_Pyramid_3mm.uasset" 3312
"../../../Engine/Plugins/Animation/ControlRig/Content/Controls/ControlRig_Pyramid_1mm.uasset" 3313
"../../../Engine/Plugins/Animation/ControlRig/Content/Controls/ControlRig_Octagon_solid.uasset" 3314
"../../../Engine/Plugins/Animation/ControlRig/Content/Controls/ControlRig_Octagon_3mm.uasset" 3315
"../../../Engine/Plugins/Animation/ControlRig/Content/Controls/ControlRig_Octagon_1mm.uasset" 3316
"../../../Engine/Plugins/Animation/ControlRig/Content/Controls/ControlRig_Hexagon_solid.uasset" 3317
"../../../Engine/Plugins/Animation/ControlRig/Content/Controls/ControlRig_Hexagon_3mm.uasset" 3318
"../../../Engine/Plugins/Animation/ControlRig/Content/Controls/ControlRig_Hexagon_1mm.uasset" 3319
"../../../Engine/Plugins/Animation/ControlRig/Content/Controls/ControlRig_HalfCircle_solid.uasset" 3320
"../../../Engine/Plugins/Animation/ControlRig/Content/Controls/ControlRig_HalfCircle_3mm.uasset" 3321
"../../../Engine/Plugins/Animation/ControlRig/Content/Controls/ControlRig_HalfCircle_1mm.uasset" 3322
"../../../Engine/Plugins/Animation/ControlRig/Content/Controls/ControlRig_Diamond_solid.uasset" 3323
"../../../Engine/Plugins/Animation/ControlRig/Content/Controls/ControlRig_Diamond_3mm.uasset" 3324
"../../../Engine/Plugins/Animation/ControlRig/Content/Controls/ControlRig_Diamond_1mm.uasset" 3325
"../../../Engine/Plugins/Animation/ControlRig/Content/Controls/ControlRig_Circle_solid.uasset" 3326
"../../../Engine/Plugins/Animation/ControlRig/Content/Controls/ControlRig_Circle_3mm.uasset" 3327
"../../../Engine/Plugins/Animation/ControlRig/Content/Controls/ControlRig_Circle_1mm.uasset" 3328
"../../../Engine/Plugins/Animation/ControlRig/Content/Controls/ControlRig_Box_solid.uasset" 3329
"../../../Engine/Plugins/Animation/ControlRig/Content/Controls/ControlRig_Box_3mm.uasset" 3330
"../../../Engine/Plugins/Animation/ControlRig/Content/Controls/ControlRig_Box_1mm.uasset" 3331
"../../../Engine/Plugins/Animation/ControlRig/Content/Controls/ControlRig_Arrow_solid.uasset" 3332
"../../../Engine/Plugins/Animation/ControlRig/Content/Controls/ControlRig_Arrow_3mm.uasset" 3333
"../../../Engine/Plugins/Animation/ControlRig/Content/Controls/ControlRig_Arrow_1mm.uasset" 3334
"../../../Engine/Plugins/Animation/ControlRig/Content/Controls/ControlRig_Arrow4_solid.uasset" 3335
"../../../Engine/Plugins/Animation/ControlRig/Content/Controls/ControlRig_Arrow4_3mm.uasset" 3336
"../../../Engine/Plugins/Animation/ControlRig/Content/Controls/ControlRig_Arrow4_1mm.uasset" 3337
"../../../Engine/Plugins/Animation/ControlRig/Content/Controls/ControlRig_Arrow2_solid.uasset" 3338
"../../../Engine/Plugins/Animation/ControlRig/Content/Controls/ControlRig_Arrow2_3mm.uasset" 3339
"../../../Engine/Plugins/Animation/ControlRig/Content/Controls/ControlRig_Arrow2_1mm.uasset" 3340
"../../../Engine/Plugins/Animation/ControlRig/Content/Controls/ControlRig_Sphere_solid.uasset" 3341
"../../../Engine/Plugins/Interchange/Runtime/Content/gltf/MaterialFunctions/MF_Transmission.uasset" 3342
"../../../Engine/Plugins/Interchange/Runtime/Content/gltf/MaterialFunctions/MF_Specular.uasset" 3343
"../../../Engine/Plugins/Interchange/Runtime/Content/gltf/MaterialFunctions/MF_Sheen.uasset" 3344
"../../../Engine/Plugins/Interchange/Runtime/Content/gltf/MaterialFunctions/MF_Occlusion.uasset" 3345
"../../../Engine/Plugins/Interchange/Runtime/Content/gltf/MaterialFunctions/MF_MetallicRoughness.uasset" 3346
"../../../Engine/Plugins/Interchange/Runtime/Content/gltf/MaterialFunctions/MF_Emissive.uasset" 3347
"../../../Engine/Plugins/Interchange/Runtime/Content/gltf/MaterialFunctions/MF_DiffuseSpecGloss.uasset" 3348
"../../../Engine/Plugins/Interchange/Runtime/Content/gltf/MaterialFunctions/MF_BaseColor.uasset" 3349
"../../../Engine/Plugins/Interchange/Runtime/Content/Materials/PBRSurfaceFunction.uasset" 3350
"../../../Engine/Plugins/Interchange/Runtime/Content/Materials/LambertSurfaceMaterial.uasset" 3351
"../../../Engine/Plugins/Interchange/Runtime/Content/gltf/MaterialFunctions/MF_SpecGlossToMetalRoughness.uasset" 3352
"../../../Engine/Plugins/Interchange/Runtime/Content/Functions/MX_Transmission.uasset" 3353
"../../../Engine/Plugins/Interchange/Runtime/Content/Materials/OrenNayerMaterial.uasset" 3354
"../../../Engine/Plugins/Interchange/Runtime/Content/Functions/MX_StandardSurface.uasset" 3355
"D:/Repos/HotelSimulator/PeterSimulator/Content/OfficeScene/Materials/MI_ExecutiveChairSeat.uasset" 3356
"D:/Repos/HotelSimulator/PeterSimulator/Content/OfficeScene/Meshes/SM_Laptop.uasset" 3357
"../../Plugins/Interchange/Runtime/Content/gltf/MaterialFunctions/MF_TransformUVs.uasset" 3358
"../../Plugins/Interchange/Runtime/Content/gltf/Textures/T_White_Linear.uasset" 3359
"D:/Repos/HotelSimulator/PeterSimulator/Content/OfficeScene/Materials/MI_DeskLamp.uasset" 3360
"D:/Repos/HotelSimulator/PeterSimulator/Content/OfficeScene/Materials/MI_Pencils.uasset" 3361
"../../Plugins/Interchange/Runtime/Content/gltf/Textures/T_White_srgb.uasset" 3362
"D:/Repos/HotelSimulator/PeterSimulator/Content/OfficeScene/Materials/MI_Keyboard.uasset" 3363
"D:/Repos/HotelSimulator/PeterSimulator/Content/OfficeScene/Materials/MI_Monitor.uasset" 3364
"D:/Repos/HotelSimulator/PeterSimulator/Content/OfficeScene/Materials/MI_Mouse.uasset" 3365
"D:/Repos/HotelSimulator/PeterSimulator/Content/OfficeScene/Materials/MI_Notebook.uasset" 3366
"D:/Repos/HotelSimulator/PeterSimulator/Content/OfficeScene/Materials/MI_MousepadRuber.uasset" 3367
"D:/Repos/HotelSimulator/PeterSimulator/Content/OfficeScene/Materials/MI_MelamineSecondColor.uasset" 3368
"../../Plugins/Interchange/Runtime/Content/Materials/CommonMaterial.uasset" 3369
"D:/Repos/HotelSimulator/PeterSimulator/Content/OfficeScene/Materials/MI_MelamineWhite.uasset" 3370
"D:/Repos/HotelSimulator/PeterSimulator/Content/OfficeScene/Materials/MI_MousepadFabric.uasset" 3371
"../../Plugins/Interchange/Runtime/Content/gltf/MaterialFunctions/MF_PerceivedBrightness.uasset" 3372
"../../Plugins/Interchange/Runtime/Content/gltf/MaterialFunctions/MF_Fresnel_DS.uasset" 3373
"../../Plugins/Interchange/Runtime/Content/gltf/MaterialFunctions/MF_Temporal_Blur.uasset" 3374
"../../../Engine/Plugins/Interchange/Runtime/Content/gltf/MaterialFunctions/MF_Normals.uasset" 3375
"../../Plugins/Interchange/Runtime/Content/Functions/MF_Iridescence.uasset" 3376
"../../Plugins/Interchange/Runtime/Content/Functions/MF_OrenNayerView.uasset" 3377
"../../Plugins/Interchange/Runtime/Content/Functions/MF_SchlickApprox.uasset" 3378
"../../../Engine/Plugins/Interchange/Runtime/Content/gltf/MaterialFunctions/MF_Clearcoat.uasset" 3379
"../../../Engine/Plugins/Interchange/Runtime/Content/gltf/M_Unlit.uasset" 3380
"../../../../../Repos/HotelSimulator/PeterSimulator/Content/OfficeScene/Materials/M_Laptop.uasset" 3381
"../../../../../Repos/HotelSimulator/PeterSimulator/Content/OfficeScene/Textures/T_ExecutiveChair_BC.uasset" 3382
"../../../../../Repos/HotelSimulator/PeterSimulator/Content/OfficeScene/Textures/T_ExecutiveChair_N.uasset" 3383
"../../../../../Repos/HotelSimulator/PeterSimulator/Content/OfficeScene/Textures/T_ExecutiveChair_ORM.uasset" 3384
"../../../Engine/Plugins/Interchange/Runtime/Content/Materials/ThinTranslucentMaterial.uasset" 3385
"C:/Users/rafal/AppData/Local/UnrealEngine/Common/DerivedDataCache/Buckets/StaticMesh/97/06/cecba12fac167e281bde8fe4735565865136.udd" 3386
"C:/Users/rafal/AppData/Local/UnrealEngine/Common/DerivedDataCache/Buckets/LegacyDIST/a5/11/f424f34b56f69e2a283d0cd781c0da1fd7d1.udd" 3387
"C:/Users/rafal/AppData/Local/UnrealEngine/Common/DerivedDataCache/Buckets/LegacyCARD/eb/e3/50a9d1cfd191bd3ea78c76b52e724050c381.udd" 3388
"C:/Users/rafal/AppData/Local/UnrealEngine/Common/DerivedDataCache/Buckets/LegacyNavCollision/cb/85/00fbf263ab47cd5811f42022c84b4973fc12.udd" 3389
"../../../Engine/Plugins/Interchange/Runtime/Content/Materials/SubsurfaceMaterial.uasset" 3390
"../../../../../Repos/HotelSimulator/PeterSimulator/Content/OfficeScene/Textures/T_DeskLamp_BC.uasset" 3391
"../../../../../Repos/HotelSimulator/PeterSimulator/Content/OfficeScene/Textures/T_DeskLamp_N.uasset" 3392
"../../../../../Repos/HotelSimulator/PeterSimulator/Content/OfficeScene/Textures/T_DeskLamp_ORM.uasset" 3393
"../../../Engine/Plugins/Interchange/Runtime/Content/Materials/SheenMaterial.uasset" 3394
"../../../../../Repos/HotelSimulator/PeterSimulator/Content/OfficeScene/Textures/T_Pencils_BC.uasset" 3395
"../../../../../Repos/HotelSimulator/PeterSimulator/Content/OfficeScene/Textures/T_Pencils_N.uasset" 3396
"../../../../../Repos/HotelSimulator/PeterSimulator/Content/OfficeScene/Textures/T_Pencils_ORM.uasset" 3397
"../../../Engine/Plugins/Interchange/Runtime/Content/Materials/PBRSurfaceMaterial.uasset" 3398
"../../../../../Repos/HotelSimulator/PeterSimulator/Content/OfficeScene/Textures/T_Keyboard_BC.uasset" 3399
"../../../../../Repos/HotelSimulator/PeterSimulator/Content/OfficeScene/Textures/T_Keyboard_N.uasset" 3400
"../../../../../Repos/HotelSimulator/PeterSimulator/Content/OfficeScene/Textures/T_Keyboard_ORM.uasset" 3401
"../../../Engine/Plugins/Interchange/Runtime/Content/Materials/ClearCoatMaterial.uasset" 3402
"../../../../../Repos/HotelSimulator/PeterSimulator/Content/OfficeScene/Textures/T_Monitor_BC.uasset" 3403
"../../../../../Repos/HotelSimulator/PeterSimulator/Content/OfficeScene/Textures/T_Monitor_N.uasset" 3404
"../../../../../Repos/HotelSimulator/PeterSimulator/Content/OfficeScene/Textures/T_Monitor_ORM.uasset" 3405
"../../../Engine/Plugins/Interchange/Runtime/Content/Functions/MX_TransmissionSurface.uasset" 3406
"D:/Repos/HotelSimulator/PeterSimulator/Content/OfficeScene/Meshes/SM_ExecutiveChair.uasset" 3407
"../../../../../Repos/HotelSimulator/PeterSimulator/Content/OfficeScene/Textures/T_Mouse__N.uasset" 3408
"../../../../../Repos/HotelSimulator/PeterSimulator/Content/OfficeScene/Textures/T_Mouse_BC.uasset" 3409
"../../../../../Repos/HotelSimulator/PeterSimulator/Content/OfficeScene/Textures/T_Mouse_ORM.uasset" 3410
"D:/Repos/HotelSimulator/PeterSimulator/Content/OfficeScene/Meshes/SM_DeskLamp.uasset" 3411
"../../../../../Repos/HotelSimulator/PeterSimulator/Content/OfficeScene/Textures/T_Notebook_BC.uasset" 3412
"../../../../../Repos/HotelSimulator/PeterSimulator/Content/OfficeScene/Textures/T_Notebook_N.uasset" 3413
"../../../../../Repos/HotelSimulator/PeterSimulator/Content/OfficeScene/Textures/T_Notebook_ORM.uasset" 3414
"D:/Repos/HotelSimulator/PeterSimulator/Content/OfficeScene/Meshes/SM_FountainPen.uasset" 3415
"../../../../../Repos/HotelSimulator/PeterSimulator/Content/OfficeScene/Materials/M_Rubber.uasset" 3416
"D:/Repos/HotelSimulator/PeterSimulator/Content/OfficeScene/Meshes/SM_Keyboard.uasset" 3417
"../../../../../Repos/HotelSimulator/PeterSimulator/Content/OfficeScene/Materials/M_Melamine.uasset" 3418
"D:/Repos/HotelSimulator/PeterSimulator/Content/OfficeScene/Meshes/SM_Monitor.uasset" 3419
"D:/Repos/HotelSimulator/PeterSimulator/Content/OfficeScene/Meshes/SM_Mouse.uasset" 3420
"../../../../../Repos/HotelSimulator/PeterSimulator/Content/OfficeScene/Materials/M_Fabric.uasset" 3421
"D:/Repos/HotelSimulator/PeterSimulator/Content/OfficeScene/Meshes/SM_Notebook.uasset" 3422
"../../Plugins/Interchange/Runtime/Content/gltf/MaterialFunctions/MF_RotateNormals_TS.uasset" 3423
"../../Plugins/Interchange/Runtime/Content/gltf/Textures/T_Generic_N.uasset" 3424
"D:/Repos/HotelSimulator/PeterSimulator/Content/OfficeScene/Meshes/SM_ExecutiveDesk.uasset" 3425
"D:/Repos/HotelSimulator/PeterSimulator/Content/OfficeScene/Meshes/SM_Mousepad.uasset" 3426
"C:/Users/rafal/AppData/Local/UnrealEngine/Common/DerivedDataCache/Buckets/MaterialShaderMap/b5/e1/124bf13d489a2536dc6da4a1bf2e74cbd397.udd" 3427
"C:/Users/rafal/AppData/Local/UnrealEngine/Common/DerivedDataCache/Buckets/MaterialShaderMap/8f/13/72b430d87bfd94bd299e48fcb5cd4bf356ab.udd" 3428
"C:/Users/rafal/AppData/Local/UnrealEngine/Common/DerivedDataCache/Buckets/MaterialShaderMap/0d/db/68af76cc47b410c6468f8f0a51516b928ea1.udd" 3429
"../../Plugins/Interchange/Runtime/Content/gltf/MaterialFunctions/MF_BaseColor.uasset" 3430
"../../Plugins/Interchange/Runtime/Content/Materials/PBRSurfaceFunction.uasset" 3431
"../../../Engine/Plugins/Interchange/Runtime/Content/gltf/M_Transmission.uasset" 3432
"../../../Engine/Plugins/Interchange/Runtime/Content/gltf/M_Sheen.uasset" 3433
"../../../Engine/Plugins/Interchange/Runtime/Content/gltf/M_Translucent.uasset" 3434
"../../../Engine/Plugins/Interchange/Runtime/Content/gltf/M_Opaque.uasset" 3435
"../../../Engine/Plugins/Interchange/Runtime/Content/gltf/MaterialInstances_MR/MI_Opaque_Unlit_TS.uasset" 3436
"../../Plugins/Interchange/Runtime/Content/Functions/MX_StandardSurface.uasset" 3437
"../../../Engine/Plugins/Interchange/Runtime/Content/gltf/MaterialInstances_MR/MI_Opaque_Unlit.uasset" 3438
"../../Plugins/Interchange/Runtime/Content/Functions/MX_Transmission.uasset" 3439
"../../../../../Repos/HotelSimulator/PeterSimulator/Content/OfficeScene/Materials/M_ExecutiveChairMetal.uasset" 3440
"../../../../../Repos/HotelSimulator/PeterSimulator/Content/OfficeScene/Materials/M_ExecutiveChairPlastic.uasset" 3441
"../../../../../Repos/HotelSimulator/PeterSimulator/Content/OfficeScene/Materials/MI_ExecutiveChairSeat.uasset" 3442
"C:/Users/rafal/AppData/Local/UnrealEngine/Common/DerivedDataCache/Buckets/StaticMesh/0a/84/ca2e0e25c40b4480f4eba64e6a9161735753.udd" 3443
"C:/Users/rafal/AppData/Local/UnrealEngine/Common/DerivedDataCache/Buckets/LegacyDIST/0c/d6/90ee6d7b18c71475d7d85a21ee40b9ddfa6c.udd" 3444
"C:/Users/rafal/AppData/Local/UnrealEngine/Common/DerivedDataCache/Buckets/LegacyCARD/0a/bf/321f448efc29d7bc10956af6e8c33359692f.udd" 3445
"C:/Users/rafal/AppData/Local/UnrealEngine/Common/DerivedDataCache/Buckets/LegacyChaosGeometryData/6e/2e/0ba378072bd6b384fda0d7a63a3398b95bec.udd" 3446
"C:/Users/rafal/AppData/Local/UnrealEngine/Common/DerivedDataCache/Buckets/LegacyNavCollision/cb/11/5907fd352251bbd33da87173b54a31a43587.udd" 3447
"../../../Engine/Plugins/Interchange/Runtime/Content/gltf/MaterialInstances_SG/MI_Transmission_TS.uasset" 3448
"../../../../../Repos/HotelSimulator/PeterSimulator/Content/OfficeScene/Materials/MI_DeskLamp.uasset" 3449
"C:/Users/rafal/AppData/Local/UnrealEngine/Common/DerivedDataCache/Buckets/StaticMesh/63/6c/62f75d4c2559763277d3c8a70c585209ab68.udd" 3450
"C:/Users/rafal/AppData/Local/UnrealEngine/Common/DerivedDataCache/Buckets/LegacyDIST/9d/39/47e60f5ab5e07a9b1def04f32972380ffc5c.udd" 3451
"C:/Users/rafal/AppData/Local/UnrealEngine/Common/DerivedDataCache/Buckets/LegacyCARD/f1/08/6c6cff3feb1e63599df381f4f97c6888a7e2.udd" 3452
"C:/Users/rafal/AppData/Local/UnrealEngine/Common/DerivedDataCache/Buckets/LegacyNavCollision/87/1b/44fe4e65ca4e1052101126bde5545a528896.udd" 3453
"../../../Engine/Plugins/Interchange/Runtime/Content/gltf/MaterialInstances_SG/MI_Transmission.uasset" 3454
"../../../../../Repos/HotelSimulator/PeterSimulator/Content/OfficeScene/Materials/MI_Pencils.uasset" 3455
"C:/Users/rafal/AppData/Local/UnrealEngine/Common/DerivedDataCache/Buckets/StaticMesh/05/0c/aa8cb632b552ad1aafbe13e20ea17efc098a.udd" 3456
"C:/Users/rafal/AppData/Local/UnrealEngine/Common/DerivedDataCache/Buckets/LegacyDIST/44/d0/245a9890b94c3a64734f40b3671ff977e6ae.udd" 3457
"C:/Users/rafal/AppData/Local/UnrealEngine/Common/DerivedDataCache/Buckets/LegacyCARD/54/72/2cc56521b2672f5b014db57abab8edd87fe8.udd" 3458
"C:/Users/rafal/AppData/Local/UnrealEngine/Common/DerivedDataCache/Buckets/LegacyNavCollision/c1/74/6ac9eabaee8c573a3c048357726f2a9e158f.udd" 3459
"../../../Engine/Plugins/Interchange/Runtime/Content/gltf/MaterialInstances_MR/MI_Transmission_TS.uasset" 3460
"../../../../../Repos/HotelSimulator/PeterSimulator/Content/OfficeScene/Materials/MI_Keyboard.uasset" 3461
"C:/Users/rafal/AppData/Local/UnrealEngine/Common/DerivedDataCache/Buckets/StaticMesh/bf/cc/bffe91abe6d9aab8dd617005fcac0d368de9.udd" 3462
"C:/Users/rafal/AppData/Local/UnrealEngine/Common/DerivedDataCache/Buckets/LegacyDIST/b1/f1/692e9a55d16262b5c85e499e4f0665303a88.udd" 3463
"C:/Users/rafal/AppData/Local/UnrealEngine/Common/DerivedDataCache/Buckets/LegacyCARD/bd/3e/10708dd7563c70caa13ec98a27f2ae4e2956.udd" 3464
"C:/Users/rafal/AppData/Local/UnrealEngine/Common/DerivedDataCache/Buckets/LegacyNavCollision/71/f3/6b6aad8147af314d7a98cf8474168a23db25.udd" 3465
"../../../Engine/Plugins/Interchange/Runtime/Content/gltf/MaterialInstances_MR/MI_Transmission.uasset" 3466
"../../../../../Repos/HotelSimulator/PeterSimulator/Content/OfficeScene/Materials/MI_Monitor.uasset" 3467
"C:/Users/rafal/AppData/Local/UnrealEngine/Common/DerivedDataCache/Buckets/StaticMesh/1c/ae/7f3eaad3b72216d76ad59367a35e59bf7c58.udd" 3468
"C:/Users/rafal/AppData/Local/UnrealEngine/Common/DerivedDataCache/Buckets/LegacyDIST/9e/a7/4a1785ff995f54d80c71f22e1cdfd5146aec.udd" 3469
"C:/Users/rafal/AppData/Local/UnrealEngine/Common/DerivedDataCache/Buckets/LegacyCARD/ba/53/4e5e3cc57b528df592f04e48d00a58e13f64.udd" 3470
"C:/Users/rafal/AppData/Local/UnrealEngine/Common/DerivedDataCache/Buckets/LegacyNavCollision/fe/95/dc91ceb41ed8b1869fd527ecd3d7db3f1cbd.udd" 3471
"../../../Engine/Plugins/Interchange/Runtime/Content/gltf/MaterialInstances_SG/MI_Opaque_Sheen_TS.uasset" 3472
"../../../../../Repos/HotelSimulator/PeterSimulator/Content/OfficeScene/Materials/MI_Mouse.uasset" 3473
"../../../Engine/Plugins/Interchange/Runtime/Content/gltf/MaterialInstances_SG/MI_Opaque_Sheen.uasset" 3474
"C:/Users/rafal/AppData/Local/UnrealEngine/Common/DerivedDataCache/Buckets/StaticMesh/8b/22/75c4112216e6ce03742ef4b14dbc70953d52.udd" 3475
"C:/Users/rafal/AppData/Local/UnrealEngine/Common/DerivedDataCache/Buckets/LegacyDIST/04/f9/5e774e7339d71dc45068f54c943140e7d763.udd" 3476
"C:/Users/rafal/AppData/Local/UnrealEngine/Common/DerivedDataCache/Buckets/LegacyCARD/74/9a/6f486f3da7edbf5236bcbb1471cf3a05b56c.udd" 3477
"C:/Users/rafal/AppData/Local/UnrealEngine/Common/DerivedDataCache/Buckets/LegacyNavCollision/89/e6/6f576b7f12fae0d8f2613fd46166799c121e.udd" 3478
"../../../../../Repos/HotelSimulator/PeterSimulator/Content/OfficeScene/Materials/MI_Notebook.uasset" 3479
"../../../Engine/Plugins/Interchange/Runtime/Content/gltf/MaterialInstances_MR/MI_Opaque_Sheen_TS.uasset" 3480
"C:/Users/rafal/AppData/Local/UnrealEngine/Common/DerivedDataCache/Buckets/StaticMesh/23/d5/724d82fdbe360888739d053212bf7aa602af.udd" 3481
"C:/Users/rafal/AppData/Local/UnrealEngine/Common/DerivedDataCache/Buckets/LegacyDIST/2f/44/5cab227a43b8287ccbd2cb33609de8e5efa9.udd" 3482
"C:/Users/rafal/AppData/Local/UnrealEngine/Common/DerivedDataCache/Buckets/LegacyCARD/4a/2b/356b7d48734cdb567386fbe4aad5b5a887cb.udd" 3483
"C:/Users/rafal/AppData/Local/UnrealEngine/Common/DerivedDataCache/Buckets/LegacyNavCollision/71/e2/9a47ccd3e00f852337f69f1b606a3e5071b2.udd" 3484
"../../../../../Repos/HotelSimulator/PeterSimulator/Content/OfficeScene/Materials/MI_MelamineSecondColor.uasset" 3485
"../../../../../Repos/HotelSimulator/PeterSimulator/Content/OfficeScene/Materials/MI_MelamineWhite.uasset" 3486
"../../../Engine/Plugins/Interchange/Runtime/Content/gltf/MaterialInstances_MR/MI_Opaque_Sheen.uasset" 3487
"C:/Users/rafal/AppData/Local/UnrealEngine/Common/DerivedDataCache/Buckets/StaticMesh/75/8c/b5d25312b90f96ec111a1f9375b3aef8b102.udd" 3488
"C:/Users/rafal/AppData/Local/UnrealEngine/Common/DerivedDataCache/Buckets/LegacyDIST/c0/c1/23ba0e8cdee7477012697dd9fd331280c23d.udd" 3489
"C:/Users/rafal/AppData/Local/UnrealEngine/Common/DerivedDataCache/Buckets/LegacyCARD/b9/85/f7e0db8e7fb0ee4305be9d900979d1d8cc75.udd" 3490
"C:/Users/rafal/AppData/Local/UnrealEngine/Common/DerivedDataCache/Buckets/LegacyNavCollision/f7/57/836baca4e71a5c21a3bc9094aa4cd097a019.udd" 3491
"../../../../../Repos/HotelSimulator/PeterSimulator/Content/OfficeScene/Materials/MI_MousepadFabric.uasset" 3492
"../../../../../Repos/HotelSimulator/PeterSimulator/Content/OfficeScene/Materials/MI_MousepadRuber.uasset" 3493
"C:/Users/rafal/AppData/Local/UnrealEngine/Common/DerivedDataCache/Buckets/StaticMesh/b5/0c/5dd711499f4c68bd3c0e93c5d76fcf6e8bd4.udd" 3494
"C:/Users/rafal/AppData/Local/UnrealEngine/Common/DerivedDataCache/Buckets/LegacyDIST/43/a0/5aa3bc5573a2b8ef9a39518f92c13829b4cc.udd" 3495
"C:/Users/rafal/AppData/Local/UnrealEngine/Common/DerivedDataCache/Buckets/LegacyCARD/4b/08/c6a3bb9c26b21766ac41f6ccb6ae932c811d.udd" 3496
"C:/Users/rafal/AppData/Local/UnrealEngine/Common/DerivedDataCache/Buckets/LegacyNavCollision/c4/13/d972b9358e230bd0fff1b8ce14655be2d40a.udd" 3497
"../../../Engine/Plugins/Interchange/Runtime/Content/gltf/MaterialInstances_SG/MI_Translucent_TS.uasset" 3498
"../../Plugins/Interchange/Runtime/Content/gltf/MaterialFunctions/MF_DiffuseSpecGloss.uasset" 3499
"../../Plugins/Interchange/Runtime/Content/gltf/MaterialFunctions/MF_IOR.uasset" 3500
"../../Plugins/Interchange/Runtime/Content/gltf/MaterialFunctions/MF_MetallicRoughness.uasset" 3501
"../../Plugins/Interchange/Runtime/Content/gltf/MaterialFunctions/MF_Normals.uasset" 3502
"../../Plugins/Interchange/Runtime/Content/gltf/MaterialFunctions/MF_Occlusion.uasset" 3503
"../../Plugins/Interchange/Runtime/Content/gltf/MaterialFunctions/MF_SpecGlossToMetalRoughness.uasset" 3504
"../../Plugins/Interchange/Runtime/Content/gltf/MaterialFunctions/MF_Specular.uasset" 3505
"../../Plugins/Interchange/Runtime/Content/gltf/MaterialFunctions/MF_Transmission.uasset" 3506
"../../../Engine/Plugins/Interchange/Runtime/Content/gltf/MaterialInstances_SG/MI_Translucent_ClearCoat_TS.uasset" 3507
"../../Plugins/Interchange/Runtime/Content/gltf/MaterialFunctions/MF_Emissive.uasset" 3508
"../../Plugins/Interchange/Runtime/Content/gltf/MaterialFunctions/MF_Sheen.uasset" 3509
"../../../Engine/Plugins/Interchange/Runtime/Content/gltf/MaterialInstances_SG/MI_Translucent_ClearCoat.uasset" 3510
"../../Plugins/Interchange/Runtime/Content/gltf/MaterialFunctions/MF_Clearcoat.uasset" 3511
"../../../Engine/Plugins/Interchange/Runtime/Content/gltf/MaterialInstances_SG/MI_Translucent.uasset" 3512
"../../../Engine/Plugins/Interchange/Runtime/Content/gltf/MaterialInstances_MR/MI_Translucent_TS.uasset" 3513
"../../Plugins/Interchange/Runtime/Content/gltf/M_Unlit.uasset" 3514
"../../../Engine/Plugins/Interchange/Runtime/Content/gltf/MaterialInstances_MR/MI_Translucent_ClearCoat_TS.uasset" 3515
"../../../Engine/Plugins/Interchange/Runtime/Content/gltf/MaterialInstances_MR/MI_Translucent_ClearCoat.uasset" 3516
"../../Plugins/Interchange/Runtime/Content/gltf/M_Transmission.uasset" 3517
"../../../Engine/Plugins/Interchange/Runtime/Content/gltf/MaterialInstances_MR/MI_Translucent.uasset" 3518
"../../../Engine/Plugins/Interchange/Runtime/Content/gltf/MaterialInstances_SG/MI_Opaque_TS.uasset" 3519
"../../../Engine/Plugins/Interchange/Runtime/Content/gltf/MaterialInstances_SG/MI_Opaque_ClearCoat_TS.uasset" 3520
"../../../Engine/Plugins/Interchange/Runtime/Content/gltf/MaterialInstances_SG/MI_Opaque_ClearCoat.uasset" 3521
"../../Plugins/Interchange/Runtime/Content/gltf/M_Sheen.uasset" 3522
"../../../Engine/Plugins/Interchange/Runtime/Content/gltf/MaterialInstances_SG/MI_Opaque.uasset" 3523
"../../../Engine/Plugins/Interchange/Runtime/Content/gltf/MaterialInstances_MR/MI_Opaque_TS.uasset" 3524
"../../../Engine/Plugins/Interchange/Runtime/Content/gltf/MaterialInstances_MR/MI_Opaque_ClearCoat_TS.uasset" 3525
"../../../Engine/Plugins/Interchange/Runtime/Content/gltf/MaterialInstances_MR/MI_Opaque_ClearCoat.uasset" 3526
"../../Plugins/Interchange/Runtime/Content/gltf/M_Translucent.uasset" 3527
"../../../Engine/Plugins/Interchange/Runtime/Content/gltf/MaterialInstances_MR/MI_Opaque.uasset" 3528
"../../../Engine/Content/EngineSounds/Submixes/MasterEQSubmixDefault.uasset" 3529
"../../../Engine/Content/EngineSounds/Submixes/MasterSubmixDefault.uasset" 3530
"../../../Engine/Content/EngineSounds/Submixes/MasterReverbSubmixDefault.uasset" 3531
"D:/Repos/HotelSimulator/PeterSimulator/Content/Blueprints/GameInstance/GI_MainGameInstance.uasset" 3532
"D:/Repos/HotelSimulator/PeterSimulator/Content/FirstPerson/Blueprints/BP_FirstPersonCharacter.uasset" 3533
"D:/Repos/HotelSimulator/PeterSimulator/Content/Blueprints/BP_DeskMaster.uasset" 3534
"D:/Repos/HotelSimulator/PeterSimulator/Content/Blueprints/BPC_Desk1.uasset" 3535
"D:/Repos/HotelSimulator/PeterSimulator/Content/UserInterface/Menues/WBP_MainMenu.uasset" 3536
"../../Plugins/Interchange/Runtime/Content/gltf/M_Opaque.uasset" 3537
"D:/Repos/HotelSimulator/PeterSimulator/Content/UserInterface/Menues/WBP_Paused.uasset" 3538
"D:/Repos/HotelSimulator/PeterSimulator/Content/UserInterface/WBP_HUD.uasset" 3539
"D:/Repos/HotelSimulator/PeterSimulator/Content/UserInterface/WBP_MonitorScreen.uasset" 3540
"D:/Repos/HotelSimulator/PeterSimulator/Content/UserInterface/PC/WBP_Constructions.uasset" 3541
"D:/Repos/HotelSimulator/PeterSimulator/Content/UserInterface/PC/WBP_Desktop.uasset" 3542
"D:/Repos/HotelSimulator/PeterSimulator/Content/UserInterface/PC/WBP_Managment.uasset" 3543
"D:/Repos/HotelSimulator/PeterSimulator/Content/UserInterface/PC/WBP_Shopping.uasset" 3544
"D:/Repos/HotelSimulator/PeterSimulator/Content/UserInterface/Menues/WBP_PauseMenu.uasset" 3545
"D:/Repos/HotelSimulator/PeterSimulator/Content/FirstPerson/Blueprints/BP_FirstPersonGameMode.uasset" 3546
"D:/Repos/HotelSimulator/PeterSimulator/Content/FirstPersonMap.umap" 3547
"../../../../../Repos/HotelSimulator/PeterSimulator/Content/Blueprints/BPS_InteractableActorStructure.uasset" 3548
"../../../../../Repos/HotelSimulator/PeterSimulator/Content/OfficeScene/Meshes/SM_ExecutiveChair.uasset" 3549
"../../../../../Repos/HotelSimulator/PeterSimulator/Content/OfficeScene/Meshes/SM_ExecutiveDesk.uasset" 3550
"../../../../../Repos/HotelSimulator/PeterSimulator/Content/OfficeScene/Meshes/SM_Keyboard.uasset" 3551
"../../../../../Repos/HotelSimulator/PeterSimulator/Content/OfficeScene/Meshes/SM_DeskLamp.uasset" 3552
"../../../../../Repos/HotelSimulator/PeterSimulator/Content/OfficeScene/Meshes/SM_Laptop.uasset" 3553
"../../../../../Repos/HotelSimulator/PeterSimulator/Content/OfficeScene/Meshes/SM_Monitor.uasset" 3554
"../../../../../Repos/HotelSimulator/PeterSimulator/Content/OfficeScene/Meshes/SM_Mouse.uasset" 3555
"../../../../../Repos/HotelSimulator/PeterSimulator/Content/OfficeScene/Meshes/SM_Mousepad.uasset" 3556
"../../../../../Repos/HotelSimulator/PeterSimulator/Content/OfficeScene/Meshes/SM_Notebook.uasset" 3557
"../../../../../Repos/HotelSimulator/PeterSimulator/Content/OfficeScene/Meshes/SM_FountainPen.uasset" 3558
"../../../../../Repos/HotelSimulator/PeterSimulator/Content/Images/Computer/I_BrowserTopBar.uasset" 3559
"../../../../../Repos/HotelSimulator/PeterSimulator/Content/Images/Computer/I_TaskBar.uasset" 3560
"../../../../../Repos/HotelSimulator/PeterSimulator/Content/Images/Computer/I_JCB.uasset" 3561
"../../../../../Repos/HotelSimulator/PeterSimulator/Content/Images/Computer/I_Rotaready.uasset" 3562
"../../../../../Repos/HotelSimulator/PeterSimulator/Content/Images/Computer/I_Amazon.uasset" 3563
"../../../../../Repos/HotelSimulator/PeterSimulator/Content/Images/Computer/I_DesktopWallpaper.uasset" 3564
"../../../../../Repos/HotelSimulator/PeterSimulator/Content/Images/I_HotelSizeBoxBackgroundTemp.uasset" 3565
"../../../../../Repos/HotelSimulator/PeterSimulator/Content/Images/WIP-Marco/I_TempLogo_HotelSim.uasset" 3566
"../../../../../Repos/HotelSimulator/PeterSimulator/Content/UserInterface/Menues/WBP_PauseMenu.uasset" 3567
"../../../../../Repos/HotelSimulator/PeterSimulator/Content/FirstPerson/Input/IMC_SittingDown.uasset" 3568
"../../../../../Repos/HotelSimulator/PeterSimulator/Content/FirstPerson/Input/IMC_Walking.uasset" 3569
"../../../../../Repos/HotelSimulator/PeterSimulator/Content/FirstPerson/Input/IMC_Default.uasset" 3570
"../../../../../Repos/HotelSimulator/PeterSimulator/Content/FirstPerson/Blueprints/BP_FirstPersonCharacter.uasset" 3571
"../../../../../Repos/HotelSimulator/PeterSimulator/Content/Blueprints/BP_DeskMaster.uasset" 3572
"../../../../../Repos/HotelSimulator/PeterSimulator/Content/Blueprints/BPC_Desk1.uasset" 3573
"../../../../../Repos/HotelSimulator/PeterSimulator/Content/UserInterface/WBP_HUD.uasset" 3574
"../../../../../Repos/HotelSimulator/PeterSimulator/Content/UserInterface/WBP_MonitorScreen.uasset" 3575
"../../../../../Repos/HotelSimulator/PeterSimulator/Content/UserInterface/PC/WBP_Constructions.uasset" 3576
"../../../../../Repos/HotelSimulator/PeterSimulator/Content/UserInterface/PC/WBP_Managment.uasset" 3577
"../../../../../Repos/HotelSimulator/PeterSimulator/Content/UserInterface/PC/WBP_Shopping.uasset" 3578
"../../../../../Repos/HotelSimulator/PeterSimulator/Content/UserInterface/PC/WBP_Desktop.uasset" 3579
"../../../../../Repos/HotelSimulator/PeterSimulator/Content/Blueprints/GameInstance/GI_MainGameInstance.uasset" 3580
"../../../../../Repos/HotelSimulator/PeterSimulator/Content/UserInterface/Menues/WBP_MainMenu.uasset" 3581
"../../../../../Repos/HotelSimulator/PeterSimulator/Content/UserInterface/Menues/WBP_Paused.uasset" 3582
"../../../Engine/Plugins/FX/Niagara/Content/ParameterDefinitions/CoreParameters.uasset" 3583
"../../../Engine/Plugins/FX/Niagara/Content/ParameterDefinitions/LightRenderer.uasset" 3584
"../../../../../Repos/HotelSimulator/PeterSimulator/Content/FirstPerson/Blueprints/BP_FirstPersonGameMode.uasset" 3585
"../../../Engine/Content/Maps/Templates/HLODs/HLODLayer_Instanced.uasset" 3586
"../../../../../Repos/HotelSimulator/PeterSimulator/Content/__ExternalActors__/FirstPersonMap/D/0W/E1FKEGVKGOLM7HGLQPCIPO.uasset" 3587
"../../../../../Repos/HotelSimulator/PeterSimulator/Content/FirstPersonMap.umap" 3588
"../../../Engine/Plugins/FX/Niagara/Content/ParameterDefinitions/MeshRenderer.uasset" 3589
"../../../Engine/Plugins/FX/Niagara/Content/ParameterDefinitions/RibbonRenderer.uasset" 3590
"../../../Engine/Plugins/FX/Niagara/Content/ParameterDefinitions/SpriteRenderer.uasset" 3591
"../../../Engine/Plugins/Runtime/MeshModelingToolset/Content/Materials/M_DynamicMeshComponentVtxColor.uasset" 3592
"C:/Users/rafal/AppData/Local/UnrealEngine/Common/DerivedDataCache/Buckets/MaterialShaderMap/da/38/c0b59b7d8f4fdf8250611a2c107b6694789c.udd" 3593
"C:/Users/rafal/AppData/Local/UnrealEngine/Common/DerivedDataCache/Buckets/MaterialShaderMap/7d/7f/077ab6a26d78c5a2a9bad03e328ce8cbefd8.udd" 3594
"C:/Users/rafal/AppData/Local/UnrealEngine/Common/DerivedDataCache/Buckets/MaterialShaderMap/e3/1e/6f092a9168616ebeb045483a5aa4b37ba127.udd" 3595
"../../../../../Repos/HotelSimulator/PeterSimulator/Content/__ExternalActors__/FirstPersonMap/0/CL/381LM03PFI8AF9NED1SEV2.uasset" 3596
"../../../../../Repos/HotelSimulator/PeterSimulator/Content/__ExternalActors__/FirstPersonMap/0/GO/I8WEFD3RY9V3NVQLSU6QM4.uasset" 3597
"../../../../../Repos/HotelSimulator/PeterSimulator/Content/__ExternalActors__/FirstPersonMap/0/WB/V4ALNTJYOVWM8BU452CKV5.uasset" 3598
"../../../../../Repos/HotelSimulator/PeterSimulator/Content/__ExternalActors__/FirstPersonMap/1/Z6/3UJW1QUZQHWC9GLDD08WCQ.uasset" 3599
"../../../../../Repos/HotelSimulator/PeterSimulator/Content/__ExternalActors__/FirstPersonMap/6/0Z/5RQIHCZ9W3UXRGL4LTLQAK.uasset" 3600
"../../../../../Repos/HotelSimulator/PeterSimulator/Content/__ExternalActors__/FirstPersonMap/7/L5/1ZJ54FMA0DAL3I2Q8RFAIB.uasset" 3601
"../../../../../Repos/HotelSimulator/PeterSimulator/Content/LevelPrototyping/Materials/MI_PrototypeGrid_Gray.uasset" 3602
"../../../../../Repos/HotelSimulator/PeterSimulator/Content/LevelPrototyping/Materials/M_PrototypeGrid.uasset" 3603
"../../../../../Repos/HotelSimulator/PeterSimulator/Content/LevelPrototyping/Materials/MF_ProcGrid.uasset" 3604
"../../../Engine/Content/Functions/Engine_MaterialFunctions01/ImageAdjustment/CheapContrast.uasset" 3605
"../../../Engine/Content/Functions/Engine_MaterialFunctions01/Gradient/LinearGradient.uasset" 3606
"../../../../../Repos/HotelSimulator/PeterSimulator/Content/LevelPrototyping/Textures/T_GridChecker_A.uasset" 3607
"../../../../../Repos/HotelSimulator/PeterSimulator/Content/LevelPrototyping/Meshes/SM_Cube.uasset" 3608
"C:/Users/rafal/AppData/Local/UnrealEngine/Common/DerivedDataCache/Buckets/BulkDataList/9b/56/2230e9b016a625df30889d54c45cc416d196.udd" 3609
"../../../../../Repos/HotelSimulator/PeterSimulator/Content/__ExternalActors__/FirstPersonMap/8/Z7/W1SXRCM1KAKBJOIZDLHZ47.uasset" 3610
"../../../../../Repos/HotelSimulator/PeterSimulator/Content/__ExternalActors__/FirstPersonMap/A/KF/1UO3VDBHX0K8MPCV094VRJ.uasset" 3611
"../../../../../Repos/HotelSimulator/PeterSimulator/Content/__ExternalActors__/FirstPersonMap/B/UV/67I9YEIETWX1HV9NMB97RS.uasset" 3612
"../../../../../Repos/HotelSimulator/PeterSimulator/Content/Blueprints/Menu/BP_Spawn.uasset" 3613
"../../../../../Repos/HotelSimulator/PeterSimulator/Content/__ExternalActors__/FirstPersonMap/C/5P/9UYYUFNII8D294R4ACHEJ2.uasset" 3614
"../../../../../Repos/HotelSimulator/PeterSimulator/Content/__ExternalActors__/FirstPersonMap/C/VO/VMN4G7K3NKKV6F8HTPHHDB.uasset" 3615
"../../../../../Repos/HotelSimulator/PeterSimulator/Content/__ExternalActors__/FirstPersonMap/C/ZU/PDQ0AB8RLNMVID876FD49G.uasset" 3616
"../../../Engine/Content/EngineSky/M_SimpleSkyDome.uasset" 3617
"../../../Engine/Content/EngineSky/SM_SkySphere.uasset" 3618
"../../../Engine/Content/EngineSky/M_Sky_Panning_Clouds2.uasset" 3619
"../../../Engine/Content/EngineSky/T_Sky_Blue.uasset" 3620
"../../../Engine/Content/EngineSky/T_Sky_Clouds_M.uasset" 3621
"../../../Engine/Content/EngineSky/T_Sky_Stars.uasset" 3622
"C:/Users/rafal/AppData/Local/UnrealEngine/Common/DerivedDataCache/Buckets/BulkDataList/92/a1/e26c7727a77c4656f40502f195d802f40a5f.udd" 3623
"C:/Users/rafal/AppData/Local/UnrealEngine/Common/DerivedDataCache/Buckets/BulkDataList/a9/9c/dd6ecff813bd4c0c40ebc56afe469ead7c13.udd" 3624
"C:/Users/rafal/AppData/Local/UnrealEngine/Common/DerivedDataCache/Buckets/BulkDataList/db/2a/82ffdf0d7a0eb83f6ff6c7c8d348028743db.udd" 3625
"../../../../../Repos/HotelSimulator/PeterSimulator/Content/__ExternalActors__/FirstPersonMap/D/I0/MUQ5ULB9EMY44YTZDG810X.uasset" 3626
"../../../../../Repos/HotelSimulator/PeterSimulator/Content/Blueprints/BP_TestSpinCube.uasset" 3627
"../../../Engine/Content/BasicShapes/BasicShapeMaterial.uasset" 3628
"../../../../../Repos/HotelSimulator/PeterSimulator/Content/__ExternalActors__/FirstPersonMap/E/MX/R1GV431P5FDO08OFULRA01.uasset" 3629
"../../../../../Repos/HotelSimulator/PeterSimulator/Content/Materials/M_HighlightMat.uasset" 3630
"../../../Engine/Content/EditorResources/EmptyActor.uasset" 3631
"C:/Users/rafal/AppData/Local/UnrealEngine/Common/DerivedDataCache/Buckets/BulkDataList/62/f0/4cf867132d229b9267a27a6b053920f8ff63.udd" 3632
"C:/Users/rafal/AppData/Local/UnrealEngine/Common/DerivedDataCache/Buckets/MaterialShaderMap/33/91/7f3df7847c2efdc70631c83bab8791f4e629.udd" 3633
"C:/Users/rafal/AppData/Local/UnrealEngine/Common/DerivedDataCache/Buckets/LegacyTEXTURE/30/2c/10cce68b41349b2d67487f2d4fc1bc9f2a1b.udd" 3634
"C:/Users/rafal/AppData/Local/UnrealEngine/Common/DerivedDataCache/Buckets/LegacyTEXTURE/fb/fc/caeee215c8949e1e96fde53e6c83a8c21ac6.udd" 3635
"C:/Users/rafal/AppData/Local/UnrealEngine/Common/DerivedDataCache/Buckets/MaterialShaderMap/6e/ee/919dc826d8c6722ce4a86f48d2d5c2a66fc3.udd" 3636
"C:/Users/rafal/AppData/Local/UnrealEngine/Common/DerivedDataCache/Buckets/MaterialShaderMap/46/c8/bd8011b02664b2302bdbdd1666e169ff35e1.udd" 3637
"C:/Users/rafal/AppData/Local/UnrealEngine/Common/DerivedDataCache/Buckets/MaterialShaderMap/1e/19/542ac4a947fcce92f4c0613611fc950861ee.udd" 3638
"C:/Users/rafal/AppData/Local/UnrealEngine/Common/DerivedDataCache/Buckets/MaterialShaderMap/93/bc/7417696877b6cb79581b9b065a5af049a9d5.udd" 3639
"C:/Users/rafal/AppData/Local/UnrealEngine/Common/DerivedDataCache/Buckets/LegacyTEXTURE/77/32/967d4036b1313ecf5681e8419d9b759f6cb9.udd" 3640
"C:/Users/rafal/AppData/Local/UnrealEngine/Common/DerivedDataCache/Buckets/LegacyTEXTURE/58/6d/774d5da0bfb38c98c3e104e11acb9757952e.udd" 3641
"C:/Users/rafal/AppData/Local/UnrealEngine/Common/DerivedDataCache/Buckets/LegacyTEXTURE/50/9a/b0fdc85381cf97af679f7f1bdfb00b2acbd9.udd" 3642
"C:/Users/rafal/AppData/Local/UnrealEngine/Common/DerivedDataCache/Buckets/LegacyTEXTURE/66/d9/e6ff0144fd50300ecc085d90052048f686b1.udd" 3643
"C:/Users/rafal/AppData/Local/UnrealEngine/Common/DerivedDataCache/Buckets/MaterialShaderMap/ad/95/fb772e50de6879cbddf5d0b49a0e3bc84de3.udd" 3644
"C:/Users/rafal/AppData/Local/UnrealEngine/Common/DerivedDataCache/Buckets/LegacyTEXTURE/9c/98/2e2ba93a3f342b79a04d853bb3139cb9bb39.udd" 3645
"C:/Users/rafal/AppData/Local/UnrealEngine/Common/DerivedDataCache/Buckets/LegacyTEXTURE/9a/67/44e59da0d13ca5ab5c7e112104b81eef2169.udd" 3646
"C:/Users/rafal/AppData/Local/UnrealEngine/Common/DerivedDataCache/Buckets/LegacyTEXTURE/fb/67/fd37d2f9ccb1c1daf731f36681a91a606e5e.udd" 3647
"C:/Users/rafal/AppData/Local/UnrealEngine/Common/DerivedDataCache/Buckets/LegacyTEXTURE/7f/0b/b983f9dc448d7def881d359d2cc0ac8965b4.udd" 3648
"C:/Users/rafal/AppData/Local/UnrealEngine/Common/DerivedDataCache/Buckets/LegacyTEXTURE/50/98/911af8633c4a5812823d0fdde040fdabc606.udd" 3649
"C:/Users/rafal/AppData/Local/UnrealEngine/Common/DerivedDataCache/Content/5a/15/a6aa066ec4a841b4bacfd7b39940a9edf9d5.udd" 3650
"C:/Users/rafal/AppData/Local/UnrealEngine/Common/DerivedDataCache/Buckets/LegacyTEXTURE/2b/ae/d0a0992526f768daeb87d662228fef7d42ff.udd" 3651
"C:/Users/rafal/AppData/Local/UnrealEngine/Common/DerivedDataCache/Content/d8/b4/e60b6fbe1a6907c189025a865d1d4d8bbf5c.udd" 3652
"C:/Users/rafal/AppData/Local/UnrealEngine/Common/DerivedDataCache/Buckets/LegacyTEXTURE/dc/36/21217411575e04c97652cfe9b9f45fee9e97.udd" 3653
"C:/Users/rafal/AppData/Local/UnrealEngine/Common/DerivedDataCache/Buckets/LegacyTEXTURE/05/d5/59e8bb660dd7ccab877ad46c50ac69080d90.udd" 3654
"C:/Users/rafal/AppData/Local/UnrealEngine/Common/DerivedDataCache/Buckets/LegacyTEXTURE/fc/0e/9db47b689f1e60fa8989ec90744effedf7e9.udd" 3655
"C:/Users/rafal/AppData/Local/UnrealEngine/Common/DerivedDataCache/Buckets/LegacyTEXTURE/35/15/f2f5dd36f55c776d28fcec7bf17a43eba161.udd" 3656
"C:/Users/rafal/AppData/Local/UnrealEngine/Common/DerivedDataCache/Buckets/LegacyTEXTURE/65/b9/488df2bdf341bb2c955ee5f85c72628e0fa1.udd" 3657
"C:/Users/rafal/AppData/Local/UnrealEngine/Common/DerivedDataCache/Buckets/LegacyTEXTURE/b5/8e/065b7b54598dc619eafae595a32a37c8a7ac.udd" 3658
"C:/Users/rafal/AppData/Local/UnrealEngine/Common/DerivedDataCache/Content/d9/14/15392ac5724f12757db51dd14f00b0f3306f.udd" 3659
"C:/Users/rafal/AppData/Local/UnrealEngine/Common/DerivedDataCache/Buckets/LegacyTEXTURE/e3/b0/92ab7b4155f87c7be1b2900cb350f2b29be9.udd" 3660
"C:/Users/rafal/AppData/Local/UnrealEngine/Common/DerivedDataCache/Buckets/LegacyTEXTURE/dc/e6/ecf4105f503df517fe0b79a2f7884611b513.udd" 3661
"C:/Users/rafal/AppData/Local/UnrealEngine/Common/DerivedDataCache/Buckets/LegacyTEXTURE/dd/38/80b1455603d91e88c9b917a512738c67bc64.udd" 3662
"C:/Users/rafal/AppData/Local/UnrealEngine/Common/DerivedDataCache/Buckets/LegacyTEXTURE/17/fa/adce5e16dc4af28710d817eae621f8393bf6.udd" 3663
"C:/Users/rafal/AppData/Local/UnrealEngine/Common/DerivedDataCache/Buckets/LegacyTEXTURE/49/c0/6b7de477d904108aa4c878a3af823b670837.udd" 3664
"C:/Users/rafal/AppData/Local/UnrealEngine/Common/DerivedDataCache/Buckets/LegacyTEXTURE/e7/6c/4d855a735e4754ea8ab3e7eadce85f44b30d.udd" 3665
"C:/Users/rafal/AppData/Local/UnrealEngine/Common/DerivedDataCache/Buckets/LegacyTEXTURE/85/e7/4f9e4f85b37ef83174c192457a780d9150bb.udd" 3666
"C:/Users/rafal/AppData/Local/UnrealEngine/Common/DerivedDataCache/Buckets/LegacyTEXTURE/bf/0a/5abd38a7525f06ed171253ef5563c0914f83.udd" 3667
"C:/Users/rafal/AppData/Local/UnrealEngine/Common/DerivedDataCache/Buckets/LegacyTEXTURE/5e/a4/c4b2edf01a5754b91b1074bd1f0f42705a57.udd" 3668
"C:/Users/rafal/AppData/Local/UnrealEngine/Common/DerivedDataCache/Buckets/LegacyTEXTURE/a1/9b/684ac019e0e69e85db366a4b97b18e09226e.udd" 3669
"C:/Users/rafal/AppData/Local/UnrealEngine/Common/DerivedDataCache/Buckets/LegacyTEXTURE/23/e5/27e3fe20af37edc2a6d8ff94d75e622d65f9.udd" 3670
"C:/Users/rafal/AppData/Local/UnrealEngine/Common/DerivedDataCache/Buckets/LegacyTEXTURE/e2/c9/25d8fa620cbe877ffea7494ac74ac6e7bd7e.udd" 3671
"C:/Users/rafal/AppData/Local/UnrealEngine/Common/DerivedDataCache/Buckets/LegacyTEXTURE/8d/2d/372dac18433c7174c104275727c6e4eb32de.udd" 3672
"C:/Users/rafal/AppData/Local/UnrealEngine/Common/DerivedDataCache/Buckets/LegacyTEXTURE/7c/9a/0b2b257cda41be782c8c8bb4d74b4e992a08.udd" 3673
"C:/Users/rafal/AppData/Local/UnrealEngine/Common/DerivedDataCache/Buckets/LegacyTEXTURE/94/c1/1c1508fc4250525ff6fecdbfc396848b9c99.udd" 3674
"C:/Users/rafal/AppData/Local/UnrealEngine/Common/DerivedDataCache/Buckets/LegacyTEXTURE/a6/dc/c9ee4684dbb11b6be875754a66d803702f41.udd" 3675
"C:/Users/rafal/AppData/Local/UnrealEngine/Common/DerivedDataCache/Buckets/LegacyTEXTURE/c3/07/3993f3403a6ba0dea424b0d9776bb157a0c9.udd" 3676
"C:/Users/rafal/AppData/Local/UnrealEngine/Common/DerivedDataCache/Buckets/LegacyTEXTURE/f3/ef/1dc0c76d21a255d7030a390439856a851bce.udd" 3677
"C:/Users/rafal/AppData/Local/UnrealEngine/Common/DerivedDataCache/Buckets/LegacyTEXTURE/c0/60/1e97bdb3adf9c10d5e9d282816bce6435997.udd" 3678
"C:/Users/rafal/AppData/Local/UnrealEngine/Common/DerivedDataCache/Buckets/LegacyTEXTURE/71/86/74decf16297b7527d64d06453c38500d1506.udd" 3679
"C:/Users/rafal/AppData/Local/UnrealEngine/Common/DerivedDataCache/Buckets/LegacyTEXTURE/55/8f/ce8f930259f139247298357b7eb800d6f7a8.udd" 3680
"C:/Users/rafal/AppData/Local/UnrealEngine/Common/DerivedDataCache/Buckets/LegacyTEXTURE/6c/b7/d8caa986990670f7d9dc83f6f0e4a386bc2a.udd" 3681
"C:/Users/rafal/AppData/Local/UnrealEngine/Common/DerivedDataCache/Buckets/LegacyTEXTURE/9d/88/4ee0775ec669f5f7fe6b3f7f3cbcfb748bb6.udd" 3682
"C:/Users/rafal/AppData/Local/UnrealEngine/Common/DerivedDataCache/Buckets/LegacyTEXTURE/14/50/1b4b84703d3569c41fab3e243c199bbff306.udd" 3683
"C:/Users/rafal/AppData/Local/UnrealEngine/Common/DerivedDataCache/Buckets/LegacyTEXTURE/df/dd/d6f3a46e5049c240deaad21c3c739ebe2b84.udd" 3684
"C:/Users/rafal/AppData/Local/UnrealEngine/Common/DerivedDataCache/Buckets/LegacyTEXTURE/dd/80/f5bf011771cbd9b7873a741cd5033a14f018.udd" 3685
"C:/Users/rafal/AppData/Local/UnrealEngine/Common/DerivedDataCache/Buckets/LegacyTEXTURE/77/a8/320ef4f27dd461ff83fb4d9a403611a88aba.udd" 3686
"C:/Users/rafal/AppData/Local/UnrealEngine/Common/DerivedDataCache/Buckets/LegacyTEXTURE/76/aa/8d0e28022cb3b4cda04d7b5ecb5388d08eee.udd" 3687
"C:/Users/rafal/AppData/Local/UnrealEngine/Common/DerivedDataCache/Buckets/LegacyTEXTURE/f6/57/5ddb6329b5a6405f79ca50e165ddeb74738e.udd" 3688
"C:/Users/rafal/AppData/Local/UnrealEngine/Common/DerivedDataCache/Buckets/LegacyTEXTURE/45/a7/976851375f8300094d52356e58a43e1febb5.udd" 3689
"C:/Users/rafal/AppData/Local/UnrealEngine/Common/DerivedDataCache/Buckets/LegacyTEXTURE/bf/b5/91224c1ea122617482712fd29c598e3da701.udd" 3690
"C:/Users/rafal/AppData/Local/UnrealEngine/Common/DerivedDataCache/Buckets/LegacyTEXTURE/f8/a5/efce85960ec5c78f93d85b1861120527be35.udd" 3691
"C:/Users/rafal/AppData/Local/UnrealEngine/Common/DerivedDataCache/Buckets/LegacyTEXTURE/1b/ae/822a1d1bafc78b68e39f1b6fb1e8d1c168ec.udd" 3692
"C:/Users/rafal/AppData/Local/UnrealEngine/Common/DerivedDataCache/Buckets/LegacyTEXTURE/35/f1/88902552172cad0514e35c5a4bbca16fd97d.udd" 3693
"C:/Users/rafal/AppData/Local/UnrealEngine/Common/DerivedDataCache/Buckets/LegacyTEXTURE/b4/96/20462bb95d529aaa8efb61c14d4b30932124.udd" 3694
"C:/Users/rafal/AppData/Local/UnrealEngine/Common/DerivedDataCache/Content/37/60/2dbc7e6acfa2a7f8169e1abdd458e95c23bf.udd" 3695
"C:/Users/rafal/AppData/Local/UnrealEngine/Common/DerivedDataCache/Buckets/LegacyTEXTURE/5b/6d/398ed1c70ed12ee2c33cc0d0fee9b0a67d42.udd" 3696
"C:/Users/rafal/AppData/Local/UnrealEngine/Common/DerivedDataCache/Content/62/f7/3df6d8582bf74b9f9cf2b81504d56b5d1a8f.udd" 3697
"C:/Users/rafal/AppData/Local/UnrealEngine/Common/DerivedDataCache/Buckets/LegacyTEXTURE/8c/cc/735abe6d64488157f91d23fb30dba0343b13.udd" 3698
"C:/Users/rafal/AppData/Local/UnrealEngine/Common/DerivedDataCache/Buckets/LegacyTEXTURE/c9/53/1a743398fc5627fca1e65e0db0f372464b79.udd" 3699
"C:/Users/rafal/AppData/Local/UnrealEngine/Common/DerivedDataCache/Buckets/LegacyTEXTURE/06/73/f7d9422b213e5c54c099be569912b5dc63e7.udd" 3700
"C:/Users/rafal/AppData/Local/UnrealEngine/Common/DerivedDataCache/Buckets/LegacyTEXTURE/a7/e0/3eaa6eef534d8fe3ab61b1f044b9eaa75fab.udd" 3701
"C:/Users/rafal/AppData/Local/UnrealEngine/Common/DerivedDataCache/Buckets/LegacyTEXTURE/d8/c5/9c74dbb21b2fc642f6d52f6b6d8a971c1356.udd" 3702
"C:/Users/rafal/AppData/Local/UnrealEngine/Common/DerivedDataCache/Buckets/LegacyTEXTURE/2b/e8/d59bf007544515378ff314d51a6beb1bc48c.udd" 3703
"C:/Users/rafal/AppData/Local/UnrealEngine/Common/DerivedDataCache/Content/05/ef/2c50f2425bf078e89399550835746a54b5cd.udd" 3704
"C:/Users/rafal/AppData/Local/UnrealEngine/Common/DerivedDataCache/Buckets/LegacyTEXTURE/c6/ca/731903f24a4b20d8e18fb54b336ffd154699.udd" 3705
"C:/Users/rafal/AppData/Local/UnrealEngine/Common/DerivedDataCache/Buckets/LegacyTEXTURE/c3/bb/cf5622247295cfcaadc4ee1624c80f0ec886.udd" 3706
"C:/Users/rafal/AppData/Local/UnrealEngine/Common/DerivedDataCache/Buckets/LegacyTEXTURE/e2/af/7faece2ed265cd790f51662b4a294c0a745a.udd" 3707
"C:/Users/rafal/AppData/Local/UnrealEngine/Common/DerivedDataCache/Buckets/LegacyTEXTURE/e1/11/f2bf7e9d6c0799e8ac8f130c2d67279575c4.udd" 3708
"C:/Users/rafal/AppData/Local/UnrealEngine/Common/DerivedDataCache/Buckets/LegacyTEXTURE/93/bc/3ac49f997336b53cdf6b86ab846475abc4d1.udd" 3709
"C:/Users/rafal/AppData/Local/UnrealEngine/Common/DerivedDataCache/Buckets/LegacyTEXTURE/c6/e9/f1c737c2dd958b751a4f7df1ce7e60a78249.udd" 3710
"C:/Users/rafal/AppData/Local/UnrealEngine/Common/DerivedDataCache/Buckets/LegacyTEXTURE/89/b6/5972559d9cb584b16c16e5ace95d19ec316a.udd" 3711
"C:/Users/rafal/AppData/Local/UnrealEngine/Common/DerivedDataCache/Content/eb/9f/d86060413d8555aefbb26ad23597af858d4c.udd" 3712
"C:/Users/rafal/AppData/Local/UnrealEngine/Common/DerivedDataCache/Buckets/LegacyTEXTURE/d6/50/8b777ffbf2fd951b18bc7cabd194b1c6823b.udd" 3713
"C:/Users/rafal/AppData/Local/UnrealEngine/Common/DerivedDataCache/Content/1d/da/e6cffcae24cc74ab428c992081a935bd9d88.udd" 3714
"C:/Users/rafal/AppData/Local/UnrealEngine/Common/DerivedDataCache/Buckets/LegacyTEXTURE/2d/fd/9c97c174aa5ee76eb60797c6eae52e25b179.udd" 3715
"C:/Users/rafal/AppData/Local/UnrealEngine/Common/DerivedDataCache/Content/48/40/3c34cce641e532f8b30b68df1e3eb2988d25.udd" 3716
"C:/Users/rafal/AppData/Local/UnrealEngine/Common/DerivedDataCache/Buckets/LegacyTEXTURE/9b/92/67264b3dce25e5e0dff2723fe2ef598d2c20.udd" 3717
"C:/Users/rafal/AppData/Local/UnrealEngine/Common/DerivedDataCache/Buckets/LegacyTEXTURE/d3/93/870aa9952b01c29c1554db19635ad74adf88.udd" 3718
"C:/Users/rafal/AppData/Local/UnrealEngine/Common/DerivedDataCache/Buckets/LegacyTEXTURE/5f/37/665a1dee66597c416a2873708d0a1864eb93.udd" 3719
"C:/Users/rafal/AppData/Local/UnrealEngine/Common/DerivedDataCache/Buckets/LegacyTEXTURE/6f/d7/f574eab6a26a11a397e30063466c914adf6a.udd" 3720
"C:/Users/rafal/AppData/Local/UnrealEngine/Common/DerivedDataCache/Buckets/LegacyTEXTURE/5d/1b/07c8865cb50dcf5cebeed052bc4b18568479.udd" 3721
"C:/Users/rafal/AppData/Local/UnrealEngine/Common/DerivedDataCache/Content/d2/d0/51c0379f900d28a4add57ce81a6627d90432.udd" 3722
"C:/Users/rafal/AppData/Local/UnrealEngine/Common/DerivedDataCache/Buckets/LegacyTEXTURE/f1/94/cdcc96bd4266c9edacf0c0275769a0137abe.udd" 3723
"C:/Users/rafal/AppData/Local/UnrealEngine/Common/DerivedDataCache/Buckets/LegacyTEXTURE/97/6d/0425a2f51e2c4b8ccdbda09e10948ab37a5e.udd" 3724
"C:/Users/rafal/AppData/Local/UnrealEngine/Common/DerivedDataCache/Buckets/LegacyTEXTURE/1b/aa/710457fd02e2c7235ca5b9a6657ff8817758.udd" 3725
"C:/Users/rafal/AppData/Local/UnrealEngine/Common/DerivedDataCache/Buckets/LegacyTEXTURE/fe/42/e7c236015847e65b598ebdc3cf1e7a8764b0.udd" 3726
"C:/Users/rafal/AppData/Local/UnrealEngine/Common/DerivedDataCache/Buckets/LegacyTEXTURE/0e/d6/2e11d211ef8f0761a1c121f34ac173ddffeb.udd" 3727
"C:/Users/rafal/AppData/Local/UnrealEngine/Common/DerivedDataCache/Buckets/LegacyTEXTURE/9a/ba/c8f42dfb9c0a920d103b1c59072fc04a5a5e.udd" 3728
"C:/Users/rafal/AppData/Local/UnrealEngine/Common/DerivedDataCache/Buckets/LegacyTEXTURE/ba/2f/eeb07ac7263d096d0aa7947ac0b5939d624d.udd" 3729
"C:/Users/rafal/AppData/Local/UnrealEngine/Common/DerivedDataCache/Content/c2/44/43ff040b90d48fccefaa7e2987688dc16fa4.udd" 3730
"C:/Users/rafal/AppData/Local/UnrealEngine/Common/DerivedDataCache/Buckets/LegacyTEXTURE/c6/97/41f31523ec9c8b51cffbe50cf49272942215.udd" 3731
"C:/Users/rafal/AppData/Local/UnrealEngine/Common/DerivedDataCache/Content/4a/80/3af00850d30968767e5987c02276ae4df10a.udd" 3732
"C:/Users/rafal/AppData/Local/UnrealEngine/Common/DerivedDataCache/Buckets/LegacyTEXTURE/07/aa/b2a44f33e70306cc022cec859a48ba7c45a0.udd" 3733
"C:/Users/rafal/AppData/Local/UnrealEngine/Common/DerivedDataCache/Buckets/LegacyTEXTURE/d9/3b/bb04acf9e7822c8abacd0d3605b7bcbdfed7.udd" 3734
"C:/Users/rafal/AppData/Local/UnrealEngine/Common/DerivedDataCache/Buckets/LegacyTEXTURE/0a/72/c0dc2e612ee1d17f1810b117329900c5511c.udd" 3735
"C:/Users/rafal/AppData/Local/UnrealEngine/Common/DerivedDataCache/Buckets/LegacyTEXTURE/91/dd/c581ddb953684bdba1952c1a2c686d01aed4.udd" 3736
"C:/Users/rafal/AppData/Local/UnrealEngine/Common/DerivedDataCache/Buckets/LegacyTEXTURE/7f/d6/c27cfe7fa4332aa3a986c6030c678cbea64c.udd" 3737
"C:/Users/rafal/AppData/Local/UnrealEngine/Common/DerivedDataCache/Buckets/LegacyTEXTURE/d9/ed/2cadab5cf2fa5ab1bf2a85bcefa3a7ffcc7c.udd" 3738
"C:/Users/rafal/AppData/Local/UnrealEngine/Common/DerivedDataCache/Buckets/LegacyTEXTURE/5d/c0/d5638fa301a368279f681205a21932875537.udd" 3739
"C:/Users/rafal/AppData/Local/UnrealEngine/Common/DerivedDataCache/Buckets/LegacyTEXTURE/68/84/965bda4348dedad6c0147013ced1f2c93c8f.udd" 3740
"C:/Users/rafal/AppData/Local/UnrealEngine/Common/DerivedDataCache/Buckets/LegacyTEXTURE/84/4a/b56ee03b6c0d0c86c51072665cb2d29b0848.udd" 3741
"C:/Users/rafal/AppData/Local/UnrealEngine/Common/DerivedDataCache/Buckets/LegacyTEXTURE/30/b2/5211f3985ce529ec8cb8507879d6368036a0.udd" 3742
"C:/Users/rafal/AppData/Local/UnrealEngine/Common/DerivedDataCache/Buckets/LegacyTEXTURE/fe/c6/eb988c83079273ea38cbe066e4b8a5a62e58.udd" 3743
"C:/Users/rafal/AppData/Local/UnrealEngine/Common/DerivedDataCache/Buckets/LegacyTEXTURE/24/2e/35168a075b2bbd92a39dbb7d0fa1a722ccd8.udd" 3744
"C:/Users/rafal/AppData/Local/UnrealEngine/Common/DerivedDataCache/Buckets/LegacyTEXTURE/da/d8/13892bb1083efd991e521f91479156ca5d25.udd" 3745
"C:/Users/rafal/AppData/Local/UnrealEngine/Common/DerivedDataCache/Buckets/LegacyTEXTURE/f2/e9/d8005ca81fd7b54a3a6a0b31f376e130e504.udd" 3746
"C:/Users/rafal/AppData/Local/UnrealEngine/Common/DerivedDataCache/Buckets/LegacyTEXTURE/67/2a/8be12d89bf2423f17f400e948d99261d98db.udd" 3747
"C:/Users/rafal/AppData/Local/UnrealEngine/Common/DerivedDataCache/Buckets/LegacyTEXTURE/33/2d/8529a9b8823b9ae12e207310d0efb2ae8a3f.udd" 3748
"C:/Users/rafal/AppData/Local/UnrealEngine/Common/DerivedDataCache/Buckets/LegacyTEXTURE/6d/9a/74008feef863ad1d56d2fec6e86ebbef4873.udd" 3749
"C:/Users/rafal/AppData/Local/UnrealEngine/Common/DerivedDataCache/Buckets/LegacyTEXTURE/de/4c/3584be368e42281c6c43c53a5a72c4a53fa8.udd" 3750
"C:/Users/rafal/AppData/Local/UnrealEngine/Common/DerivedDataCache/Buckets/LegacyTEXTURE/5e/e1/dc7434459a851493ea8d3f12790a5e480dab.udd" 3751
"C:/Users/rafal/AppData/Local/UnrealEngine/Common/DerivedDataCache/Buckets/LegacyTEXTURE/f4/35/de228b638cdd5f93ab9e927aa983901272c4.udd" 3752
"C:/Users/rafal/AppData/Local/UnrealEngine/Common/DerivedDataCache/Content/4b/6e/b28e20ddc964fc98d0588a70d3c7bafdc0c9.udd" 3753
"C:/Users/rafal/AppData/Local/UnrealEngine/Common/DerivedDataCache/Buckets/LegacyTEXTURE/36/df/11763496bcbffcde6d2121e961135b851a87.udd" 3754
"C:/Users/rafal/AppData/Local/UnrealEngine/Common/DerivedDataCache/Buckets/LegacyTEXTURE/1d/18/f0597e9792ceca514d54fbb1bd36200ed981.udd" 3755
"C:/Users/rafal/AppData/Local/UnrealEngine/Common/DerivedDataCache/Buckets/LegacyTEXTURE/08/46/6d0e63e151c3c83a111e36baa79d222aefd1.udd" 3756
"C:/Users/rafal/AppData/Local/UnrealEngine/Common/DerivedDataCache/Buckets/LegacyTEXTURE/0b/cb/da069eeb91209e5dbb412f9ec7d0f9cd1a70.udd" 3757
"C:/Users/rafal/AppData/Local/UnrealEngine/Common/DerivedDataCache/Buckets/LegacyTEXTURE/ff/93/9138989c4114c4bd6ec7dd97a7f3f260bd7c.udd" 3758
"C:/Users/rafal/AppData/Local/UnrealEngine/Common/DerivedDataCache/Buckets/LegacyTEXTURE/dd/18/222b026d8581881435a5d7a1bd1e88b9b74e.udd" 3759
"C:/Users/rafal/AppData/Local/UnrealEngine/Common/DerivedDataCache/Buckets/LegacyTEXTURE/46/f0/52170b8846808566257a8be83701afb9945f.udd" 3760
"C:/Users/rafal/AppData/Local/UnrealEngine/Common/DerivedDataCache/Buckets/LegacyTEXTURE/dc/df/4b590cd785e698fb157a7b1ea47286b03584.udd" 3761
"C:/Users/rafal/AppData/Local/UnrealEngine/Common/DerivedDataCache/Buckets/LegacyTEXTURE/11/b4/65b033385ec8ab2ff30ce6714c915b1d7f8a.udd" 3762
"C:/Users/rafal/AppData/Local/UnrealEngine/Common/DerivedDataCache/Buckets/LegacyTEXTURE/3a/82/ea0c822357a63629ab9252d6f1110057f7de.udd" 3763
"C:/Users/rafal/AppData/Local/UnrealEngine/Common/DerivedDataCache/Buckets/LegacyTEXTURE/a6/df/dc6327bae75ec9c10142113de26b507a2e62.udd" 3764
"C:/Users/rafal/AppData/Local/UnrealEngine/Common/DerivedDataCache/Buckets/LegacyTEXTURE/3d/40/16ce6fda5cab44674ec4f5c60a33915c566a.udd" 3765
"C:/Users/rafal/AppData/Local/UnrealEngine/Common/DerivedDataCache/Buckets/LegacyTEXTURE/ef/ba/bbe40f9536896ae68b54f531024eaf390b0f.udd" 3766
"C:/Users/rafal/AppData/Local/UnrealEngine/Common/DerivedDataCache/Buckets/LegacyTEXTURE/59/91/056bee0255fdf3ff660bc0d33afae562ca33.udd" 3767
"C:/Users/rafal/AppData/Local/UnrealEngine/Common/DerivedDataCache/Buckets/LegacyTEXTURE/5b/1f/53390d977f41189a10f5024b32f96e7e8da9.udd" 3768
"C:/Users/rafal/AppData/Local/UnrealEngine/Common/DerivedDataCache/Buckets/LegacyTEXTURE/a2/46/1acc14918f248430ac504ad1809309616994.udd" 3769
"C:/Users/rafal/AppData/Local/UnrealEngine/Common/DerivedDataCache/Buckets/LegacyTEXTURE/37/81/43974a6a0f5d1313e064d12bd6242566ac9c.udd" 3770
"C:/Users/rafal/AppData/Local/UnrealEngine/Common/DerivedDataCache/Buckets/LegacyTEXTURE/a7/16/07f1d3348912b4ec19d50320911a6230b123.udd" 3771
"C:/Users/rafal/AppData/Local/UnrealEngine/Common/DerivedDataCache/Buckets/LegacyTEXTURE/65/08/24da963925d527f4509fab82410c9f712ced.udd" 3772
"C:/Users/rafal/AppData/Local/UnrealEngine/Common/DerivedDataCache/Buckets/LegacyTEXTURE/bd/cd/ece895f275604affd90738e1fde72255dcc7.udd" 3773
"C:/Users/rafal/AppData/Local/UnrealEngine/Common/DerivedDataCache/Buckets/LegacyTEXTURE/21/94/21cbacdc8245ca8e728e0b4030981eac7403.udd" 3774
"C:/Users/rafal/AppData/Local/UnrealEngine/Common/DerivedDataCache/Content/64/3e/15b63f94fce318ee3275c9d1593203662027.udd" 3775
"C:/Users/rafal/AppData/Local/UnrealEngine/Common/DerivedDataCache/Buckets/LegacyTEXTURE/42/db/7cebac1e9487a9c071614d2ab838e11ed1a1.udd" 3776
"C:/Users/rafal/AppData/Local/UnrealEngine/Common/DerivedDataCache/Content/ac/84/94fa8fb41b25b3b206da5a9a7ed84c93e035.udd" 3777
"C:/Users/rafal/AppData/Local/UnrealEngine/Common/DerivedDataCache/Buckets/LegacyTEXTURE/bf/44/9f0a36a247bb504595db6048a53db4e580f4.udd" 3778
"C:/Users/rafal/AppData/Local/UnrealEngine/Common/DerivedDataCache/Buckets/LegacyTEXTURE/25/9e/1fe941b7a08c661d079c10684ef2532f3fec.udd" 3779
"C:/Users/rafal/AppData/Local/UnrealEngine/Common/DerivedDataCache/Buckets/LegacyTEXTURE/fd/25/efc420564c52612084cda61fac62ce32bbd2.udd" 3780
"C:/Users/rafal/AppData/Local/UnrealEngine/Common/DerivedDataCache/Buckets/LegacyTEXTURE/48/bb/a1ced814a4e926ed9e8abab344bec9d61a5f.udd" 3781
"C:/Users/rafal/AppData/Local/UnrealEngine/Common/DerivedDataCache/Buckets/LegacyTEXTURE/9b/80/fedd91a2d35cfc7b3134a5bea0f58e7f3a46.udd" 3782
"C:/Users/rafal/AppData/Local/UnrealEngine/Common/DerivedDataCache/Buckets/LegacyTEXTURE/04/2e/d13fa701ddd15d1b68f59a9318ff795eb600.udd" 3783
"C:/Users/rafal/AppData/Local/UnrealEngine/Common/DerivedDataCache/Content/f6/27/260cdbb30e786e1be9a85816ea386a3c07ec.udd" 3784
"C:/Users/rafal/AppData/Local/UnrealEngine/Common/DerivedDataCache/Buckets/LegacyTEXTURE/72/53/b281aa87a26f0e101b9170229f457d1a3e8f.udd" 3785
"C:/Users/rafal/AppData/Local/UnrealEngine/Common/DerivedDataCache/Buckets/LegacyTEXTURE/39/93/133fe4c5102fae04e7d0a925722229393b24.udd" 3786
"C:/Users/rafal/AppData/Local/UnrealEngine/Common/DerivedDataCache/Buckets/LegacyTEXTURE/78/0d/d676a40bcf0504ff583850fd1b9b48c385fe.udd" 3787
"C:/Users/rafal/AppData/Local/UnrealEngine/Common/DerivedDataCache/Buckets/LegacyTEXTURE/5b/4e/1137956850355be7c8242ead9a382a31bcf5.udd" 3788
"C:/Users/rafal/AppData/Local/UnrealEngine/Common/DerivedDataCache/Buckets/LegacyTEXTURE/d4/eb/f28e18a9d8e0a177860812cdda24d7d1005f.udd" 3789
"C:/Users/rafal/AppData/Local/UnrealEngine/Common/DerivedDataCache/Buckets/LegacyTEXTURE/28/a9/0af86142f3bdc728399b69a043f9e050a28f.udd" 3790
"C:/Users/rafal/AppData/Local/UnrealEngine/Common/DerivedDataCache/Buckets/LegacyTEXTURE/b7/51/84704c6d5720dec57c6d644f65cdde048623.udd" 3791
"C:/Users/rafal/AppData/Local/UnrealEngine/Common/DerivedDataCache/Buckets/LegacyTEXTURE/f9/ff/2f2e15ebb3eed64e36c9941bc063ea215fe9.udd" 3792
"C:/Users/rafal/AppData/Local/UnrealEngine/Common/DerivedDataCache/Buckets/LegacyTEXTURE/ed/fd/b033e11fcf0bff1bd5cf4b7e3a4303a7d493.udd" 3793
"C:/Users/rafal/AppData/Local/UnrealEngine/Common/DerivedDataCache/Buckets/LegacyTEXTURE/e5/ab/170047da44a307d04a9597df1ef0b771558c.udd" 3794
"C:/Users/rafal/AppData/Local/UnrealEngine/Common/DerivedDataCache/Buckets/LegacyTEXTURE/96/b1/2b3e9a32d4a82f8aa8d74832362271111a51.udd" 3795
"C:/Users/rafal/AppData/Local/UnrealEngine/Common/DerivedDataCache/Buckets/LegacyTEXTURE/f8/7d/51ce121076f866d3a51b8ccea90d19dd626d.udd" 3796
"C:/Users/rafal/AppData/Local/UnrealEngine/Common/DerivedDataCache/Buckets/LegacyTEXTURE/12/b0/d60bb421573424cc60e2ac15030ad300bec6.udd" 3797
"C:/Users/rafal/AppData/Local/UnrealEngine/Common/DerivedDataCache/Buckets/LegacyTEXTURE/d0/80/e3ea210b6fcb42354bb6c5d5963e34c96961.udd" 3798
"C:/Users/rafal/AppData/Local/UnrealEngine/Common/DerivedDataCache/Buckets/LegacyTEXTURE/e6/4a/54e40965746fb428fa12b9111d71a417d92d.udd" 3799
"C:/Users/rafal/AppData/Local/UnrealEngine/Common/DerivedDataCache/Buckets/LegacyTEXTURE/df/07/03b4c391a61288906ac73a47370d3af9880a.udd" 3800
"C:/Users/rafal/AppData/Local/UnrealEngine/Common/DerivedDataCache/Buckets/LegacyTEXTURE/9c/bd/a210ef12438061937fa6d01537dc3fe892be.udd" 3801
"C:/Users/rafal/AppData/Local/UnrealEngine/Common/DerivedDataCache/Buckets/LegacyTEXTURE/ca/a3/bff704908401f3d5f7dcb81e10dc422ecaec.udd" 3802
"C:/Users/rafal/AppData/Local/UnrealEngine/Common/DerivedDataCache/Buckets/LegacyTEXTURE/da/af/2d6b057c29f6c0be8cafec69b98ab09e3252.udd" 3803
"C:/Users/rafal/AppData/Local/UnrealEngine/Common/DerivedDataCache/Buckets/LegacyTEXTURE/59/42/17a0d214f5f8ecb344935b954c0646f0bfb5.udd" 3804
"C:/Users/rafal/AppData/Local/UnrealEngine/Common/DerivedDataCache/Buckets/LegacyTEXTURE/0d/1b/b018ac97895baee4ba6bddafff17e7649195.udd" 3805
"C:/Users/rafal/AppData/Local/UnrealEngine/Common/DerivedDataCache/Buckets/LegacyTEXTURE/f3/2a/7e1029f62b4e26e6d5190629ae338c007eb1.udd" 3806
"C:/Users/rafal/AppData/Local/UnrealEngine/Common/DerivedDataCache/Buckets/LegacyTEXTURE/3c/6a/5782e5700a08ca8d3afe89ba0d81bd0b9a55.udd" 3807
"C:/Users/rafal/AppData/Local/UnrealEngine/Common/DerivedDataCache/Buckets/LegacyTEXTURE/a0/f1/9fdcb36e884328ca45d4151851941beb52eb.udd" 3808
"C:/Users/rafal/AppData/Local/UnrealEngine/Common/DerivedDataCache/Buckets/LegacyTEXTURE/3b/14/4c2b44cdca170dbfebed9d1c16a3b8dbbfac.udd" 3809
"C:/Users/rafal/AppData/Local/UnrealEngine/Common/DerivedDataCache/Buckets/LegacyTEXTURE/53/d8/4c3ecaab47d908b5f95085bb2a031f148696.udd" 3810
"C:/Users/rafal/AppData/Local/UnrealEngine/Common/DerivedDataCache/Buckets/LegacyTEXTURE/a5/da/ea4e63c035995168e27a6c6f45f7a2f068ca.udd" 3811
"C:/Users/rafal/AppData/Local/UnrealEngine/Common/DerivedDataCache/Buckets/LegacyTEXTURE/3a/1c/5e9c8cfaae443d257766e1a273fc73510cd0.udd" 3812
"C:/Users/rafal/AppData/Local/UnrealEngine/Common/DerivedDataCache/Content/f4/be/00642dfddbc90b539d28d400e16df002eb46.udd" 3813
"C:/Users/rafal/AppData/Local/UnrealEngine/Common/DerivedDataCache/Buckets/LegacyTEXTURE/0d/01/c95975a9cbadcf1511651bc817eb006e67a1.udd" 3814
"C:/Users/rafal/AppData/Local/UnrealEngine/Common/DerivedDataCache/Content/d5/0b/b5924ba44f258727ccd3526862686ad47f42.udd" 3815
"C:/Users/rafal/AppData/Local/UnrealEngine/Common/DerivedDataCache/Buckets/LegacyTEXTURE/a3/0d/743b9a61a1253f5ac61f087f463167c71982.udd" 3816
"C:/Users/rafal/AppData/Local/UnrealEngine/Common/DerivedDataCache/Buckets/LegacyTEXTURE/8e/ca/b26930d435ce3d83f63fa4106304b0097b85.udd" 3817
"C:/Users/rafal/AppData/Local/UnrealEngine/Common/DerivedDataCache/Buckets/LegacyTEXTURE/e9/58/57be99c07aa5e3d90159f3f58d8ee4e97c54.udd" 3818
"C:/Users/rafal/AppData/Local/UnrealEngine/Common/DerivedDataCache/Buckets/LegacyTEXTURE/e9/8d/b16e02215e8e73bbd67455229ed03ef2f3ac.udd" 3819
"C:/Users/rafal/AppData/Local/UnrealEngine/Common/DerivedDataCache/Buckets/LegacyTEXTURE/dc/9a/b6a1cf125b9df02dd466aae13b2b4ee390f8.udd" 3820
"C:/Users/rafal/AppData/Local/UnrealEngine/Common/DerivedDataCache/Buckets/LegacyTEXTURE/85/92/6457043c36722db1eadae04e2eb70b8b02a2.udd" 3821
"C:/Users/rafal/AppData/Local/UnrealEngine/Common/DerivedDataCache/Buckets/LegacyTEXTURE/d9/d2/360a5b83a0915b07e710544e31300a975e12.udd" 3822
"C:/Users/rafal/AppData/Local/UnrealEngine/Common/DerivedDataCache/Buckets/LegacyTEXTURE/33/f3/0922b55d901c6b39bd2d988b1194c710ddf5.udd" 3823
"C:/Users/rafal/AppData/Local/UnrealEngine/Common/DerivedDataCache/Buckets/LegacyTEXTURE/4a/6d/60709247094e941d99775c7d2dd5f13d1fd0.udd" 3824
"C:/Users/rafal/AppData/Local/UnrealEngine/Common/DerivedDataCache/Buckets/LegacyTEXTURE/4d/d4/e89e3b9f6871b8865e25f947e3fa22e220ed.udd" 3825
"C:/Users/rafal/AppData/Local/UnrealEngine/Common/DerivedDataCache/Buckets/LegacyTEXTURE/62/e9/cb357588d186b971a302964d7f5a752bfe29.udd" 3826
"C:/Users/rafal/AppData/Local/UnrealEngine/Common/DerivedDataCache/Buckets/LegacyTEXTURE/9f/d1/09abcfe0e6203b55b074c7b190c2c4130f6b.udd" 3827
"C:/Users/rafal/AppData/Local/UnrealEngine/Common/DerivedDataCache/Buckets/LegacyTEXTURE/f5/87/feb4cd6cecd3b4a6e9fd57a00f52d8448083.udd" 3828
"C:/Users/rafal/AppData/Local/UnrealEngine/Common/DerivedDataCache/Buckets/LegacyTEXTURE/6a/36/06c80f21b95db187a9d3faeaf13d29572b2f.udd" 3829
"C:/Users/rafal/AppData/Local/UnrealEngine/Common/DerivedDataCache/Buckets/LegacyTEXTURE/d1/5d/5570e45b2ddaa90b81cca6aef79b9b7ae32f.udd" 3830
"C:/Users/rafal/AppData/Local/UnrealEngine/Common/DerivedDataCache/Buckets/LegacyTEXTURE/f7/b7/d6f7e83b8a47ee4d87466e54dc21cc15ecb4.udd" 3831
"C:/Users/rafal/AppData/Local/UnrealEngine/Common/DerivedDataCache/Buckets/LegacyTEXTURE/07/c4/9b428e6a7f4bda9cd4cd5940aedd41571df9.udd" 3832
"C:/Users/rafal/AppData/Local/UnrealEngine/Common/DerivedDataCache/Buckets/LegacyTEXTURE/e5/47/834df826af09c3f2ed9c6a2d20160491b33d.udd" 3833
"C:/Users/rafal/AppData/Local/UnrealEngine/Common/DerivedDataCache/Buckets/LegacyTEXTURE/4c/50/43de1837b2211b9ab20d4e8a3ffedd8ffced.udd" 3834
"C:/Users/rafal/AppData/Local/UnrealEngine/Common/DerivedDataCache/Buckets/LegacyTEXTURE/0b/70/d5297ab0c0d3d413fac98746791b7ffe461c.udd" 3835
"C:/Users/rafal/AppData/Local/UnrealEngine/Common/DerivedDataCache/Content/00/ff/2a0cbaab4e23491d967237bb13dafba921bf.udd" 3836
"C:/Users/rafal/AppData/Local/UnrealEngine/Common/DerivedDataCache/Buckets/LegacyTEXTURE/21/b7/07bbe5ba902ed4d525fee63082a87aeabc50.udd" 3837
"C:/Users/rafal/AppData/Local/UnrealEngine/Common/DerivedDataCache/Content/d5/1e/98bd8597541282ec2539b8bb2e791a37a93a.udd" 3838
"C:/Users/rafal/AppData/Local/UnrealEngine/Common/DerivedDataCache/Buckets/LegacyTEXTURE/ea/62/1eb2a3e4cfbfe1b374d258d14cb9ac4b7c22.udd" 3839
"C:/Users/rafal/AppData/Local/UnrealEngine/Common/DerivedDataCache/Content/b8/01/a72665141cc4be7e3d9310769b9672fef701.udd" 3840
"C:/Users/rafal/AppData/Local/UnrealEngine/Common/DerivedDataCache/Buckets/LegacyTEXTURE/56/b4/88e86288f8abec64d0d2405fdeba64bd3c3f.udd" 3841
"C:/Users/rafal/AppData/Local/UnrealEngine/Common/DerivedDataCache/Buckets/LegacyTEXTURE/6a/3f/85bbb198ea8a2a8eadf21d065f467f06fcb8.udd" 3842
"C:/Users/rafal/AppData/Local/UnrealEngine/Common/DerivedDataCache/Buckets/LegacyTEXTURE/69/e8/de455d0896a1d833b31df04e37a8b9419be9.udd" 3843
"C:/Users/rafal/AppData/Local/UnrealEngine/Common/DerivedDataCache/Buckets/LegacyTEXTURE/d9/85/e32de569cecc3b92779e1dd11e54a72e47b5.udd" 3844
"C:/Users/rafal/AppData/Local/UnrealEngine/Common/DerivedDataCache/Buckets/LegacyTEXTURE/42/dd/ead0290e9037f043621ea21ca75db1c6d5c3.udd" 3845
"C:/Users/rafal/AppData/Local/UnrealEngine/Common/DerivedDataCache/Content/18/dc/fefaab17dd6e4b75941bd8f1a6e7528fd876.udd" 3846
"C:/Users/rafal/AppData/Local/UnrealEngine/Common/DerivedDataCache/Buckets/LegacyTEXTURE/a8/ad/b7b1837c3f4a98338ed7360773743320a1ee.udd" 3847
"C:/Users/rafal/AppData/Local/UnrealEngine/Common/DerivedDataCache/Content/7f/ce/1144cd3a11c67c746fd9a08e6fbdc1144991.udd" 3848
"C:/Users/rafal/AppData/Local/UnrealEngine/Common/DerivedDataCache/Buckets/LegacyTEXTURE/47/a7/35b7a04d88370a8e2f268279cd27dbcb7335.udd" 3849
"C:/Users/rafal/AppData/Local/UnrealEngine/Common/DerivedDataCache/Buckets/LegacyTEXTURE/17/c2/9f94cff09d4ece3ca5b3dbc396e4f349d050.udd" 3850
"C:/Users/rafal/AppData/Local/UnrealEngine/Common/DerivedDataCache/Buckets/LegacyTEXTURE/d5/39/c1162d416390516595b103afb511c6330b3e.udd" 3851
"C:/Users/rafal/AppData/Local/UnrealEngine/Common/DerivedDataCache/Buckets/LegacyTEXTURE/c9/ca/ba377070b25b3d9ea726060d6d4688a7bebb.udd" 3852
"C:/Users/rafal/AppData/Local/UnrealEngine/Common/DerivedDataCache/Buckets/LegacyTEXTURE/2b/8f/dcc2565c85a4810e7d3bec03200f7e591185.udd" 3853
"C:/Users/rafal/AppData/Local/UnrealEngine/Common/DerivedDataCache/Buckets/LegacyTEXTURE/c0/e2/c0eb534190e245bdfea8c4f1d8f22d798830.udd" 3854
"C:/Users/rafal/AppData/Local/UnrealEngine/Common/DerivedDataCache/Buckets/LegacyTEXTURE/75/ca/01cfb42d9a69d3f7793b3026422432363e20.udd" 3855
"C:/Users/rafal/AppData/Local/UnrealEngine/Common/DerivedDataCache/Buckets/LegacyTEXTURE/c7/4a/093bcd7cce99c93439993fe63394cf3253b9.udd" 3856
"C:/Users/rafal/AppData/Local/UnrealEngine/Common/DerivedDataCache/Buckets/LegacyTEXTURE/7f/db/1bbc0867f2afc7d25faa1145dad9d8585bb9.udd" 3857
"C:/Users/rafal/AppData/Local/UnrealEngine/Common/DerivedDataCache/Buckets/LegacyTEXTURE/f6/2c/e73cf54fbb3e9a5f834940f4df7d454c294e.udd" 3858
"C:/Users/rafal/AppData/Local/UnrealEngine/Common/DerivedDataCache/Buckets/LegacyTEXTURE/ff/7d/43afa85cd987be029cebd8d3f9c54953f8c6.udd" 3859
"C:/Users/rafal/AppData/Local/UnrealEngine/Common/DerivedDataCache/Buckets/LegacyTEXTURE/2e/7e/f52bf833d50af27e004013887913a1e0b83e.udd" 3860
"C:/Users/rafal/AppData/Local/UnrealEngine/Common/DerivedDataCache/Buckets/LegacyTEXTURE/4d/4c/2c21ade110216f2337fd59ce4bf8fade4f6b.udd" 3861
"C:/Users/rafal/AppData/Local/UnrealEngine/Common/DerivedDataCache/Content/9b/26/ac7dbed3bd384d4d86ca73524532c360a3f2.udd" 3862
"C:/Users/rafal/AppData/Local/UnrealEngine/Common/DerivedDataCache/Buckets/LegacyTEXTURE/0f/74/9b9dd2638e769ed4a6dd9a39388081cd0231.udd" 3863
"C:/Users/rafal/AppData/Local/UnrealEngine/Common/DerivedDataCache/Content/38/e6/c6df90c48a66459893baec4833303e20c979.udd" 3864
"C:/Users/rafal/AppData/Local/UnrealEngine/Common/DerivedDataCache/Buckets/LegacyTEXTURE/0c/de/98d27015bf277468264ffb6440f96cf6b80d.udd" 3865
"C:/Users/rafal/AppData/Local/UnrealEngine/Common/DerivedDataCache/Buckets/LegacyTEXTURE/63/e8/0bb65650167f2a4b75350a44d1db4039df4f.udd" 3866
"C:/Users/rafal/AppData/Local/UnrealEngine/Common/DerivedDataCache/Buckets/LegacyTEXTURE/16/f8/f5a2408d1f689b5316cacc68facbcca6a11d.udd" 3867
"C:/Users/rafal/AppData/Local/UnrealEngine/Common/DerivedDataCache/Buckets/LegacyTEXTURE/97/e3/5cc7cc8c22a76451d1209969b2dc9e4765c1.udd" 3868
"C:/Users/rafal/AppData/Local/UnrealEngine/Common/DerivedDataCache/Buckets/LegacyTEXTURE/b7/ea/2ff69fa73cd020ee29521775278606ea438d.udd" 3869
"C:/Users/rafal/AppData/Local/UnrealEngine/Common/DerivedDataCache/Buckets/LegacyTEXTURE/53/00/189168b8364356d383aabb57ee10ed2e9d64.udd" 3870
"C:/Users/rafal/AppData/Local/UnrealEngine/Common/DerivedDataCache/Buckets/LegacyTEXTURE/cb/86/4a4082c54cc6a74716e37e0f2595a018e5c5.udd" 3871
"C:/Users/rafal/AppData/Local/UnrealEngine/Common/DerivedDataCache/Buckets/LegacyTEXTURE/8a/10/a30693b2d7c70f995d36656c33959ae277ad.udd" 3872
"C:/Users/rafal/AppData/Local/UnrealEngine/Common/DerivedDataCache/Buckets/LegacyTEXTURE/74/b0/161574901fcdace4a9c5277d0b766d45e88f.udd" 3873
"C:/Users/rafal/AppData/Local/UnrealEngine/Common/DerivedDataCache/Content/86/d8/47c77a0f56290f1cd4360103e5894b612836.udd" 3874
"C:/Users/rafal/AppData/Local/UnrealEngine/Common/DerivedDataCache/Buckets/LegacyTEXTURE/9f/9d/f165125e81b9d26c6c7f4126a96c0aaaa39a.udd" 3875
"C:/Users/rafal/AppData/Local/UnrealEngine/Common/DerivedDataCache/Content/eb/cb/805354d99da80c9db3b69e325330b1992383.udd" 3876
"C:/Users/rafal/AppData/Local/UnrealEngine/Common/DerivedDataCache/Buckets/LegacyTEXTURE/34/f2/409e02729a9eaeb6c23ed14d8fc377451ab6.udd" 3877
"C:/Users/rafal/AppData/Local/UnrealEngine/Common/DerivedDataCache/Buckets/LegacyTEXTURE/ff/24/0b0b974aab33c2001eeb2a174d45b4314614.udd" 3878
"C:/Users/rafal/AppData/Local/UnrealEngine/Common/DerivedDataCache/Buckets/LegacyTEXTURE/05/cf/f001a75b5d5b8dc1496eb7f10b73f7128d3b.udd" 3879
"C:/Users/rafal/AppData/Local/UnrealEngine/Common/DerivedDataCache/Buckets/LegacyTEXTURE/58/49/c0bf0bf4750819936cd272650494f8c7ac84.udd" 3880
"C:/Users/rafal/AppData/Local/UnrealEngine/Common/DerivedDataCache/Buckets/LegacyTEXTURE/1b/26/f89d1cafb4d13060b20475c2fec9e85c217b.udd" 3881
"C:/Users/rafal/AppData/Local/Temp/UnrealShaderWorkingDir/F5C01E4041C92E91DF4CAE996E629062/11/WorkerOutputOnly.out" 3882
"C:/Users/rafal/AppData/Local/Temp/UnrealShaderWorkingDir/F5C01E4041C92E91DF4CAE996E629062/0/WorkerOutputOnly.out" 3883
"C:/Users/rafal/AppData/Local/Temp/UnrealShaderWorkingDir/F5C01E4041C92E91DF4CAE996E629062/10/WorkerOutputOnly.out" 3884
"C:/Users/rafal/AppData/Local/Temp/UnrealShaderWorkingDir/F5C01E4041C92E91DF4CAE996E629062/4/WorkerOutputOnly.out" 3885
"C:/Users/rafal/AppData/Local/Temp/UnrealShaderWorkingDir/F5C01E4041C92E91DF4CAE996E629062/5/WorkerOutputOnly.out" 3886
"C:/Users/rafal/AppData/Local/Temp/UnrealShaderWorkingDir/F5C01E4041C92E91DF4CAE996E629062/1/WorkerOutputOnly.out" 3887
"C:/Users/rafal/AppData/Local/Temp/UnrealShaderWorkingDir/F5C01E4041C92E91DF4CAE996E629062/8/WorkerOutputOnly.out" 3888
"C:/Users/rafal/AppData/Local/Temp/UnrealShaderWorkingDir/F5C01E4041C92E91DF4CAE996E629062/6/WorkerOutputOnly.out" 3889
"C:/Users/rafal/AppData/Local/Temp/UnrealShaderWorkingDir/F5C01E4041C92E91DF4CAE996E629062/2/WorkerOutputOnly.out" 3890
"C:/Users/rafal/AppData/Local/Temp/UnrealShaderWorkingDir/F5C01E4041C92E91DF4CAE996E629062/3/WorkerOutputOnly.out" 3891
"C:/Users/rafal/AppData/Local/Temp/UnrealShaderWorkingDir/F5C01E4041C92E91DF4CAE996E629062/7/WorkerOutputOnly.out" 3892
"C:/Users/rafal/AppData/Local/Temp/UnrealShaderWorkingDir/F5C01E4041C92E91DF4CAE996E629062/9/WorkerOutputOnly.out" 3893
"D:/Repos/HotelSimulator/PeterSimulator/Content/LevelPrototyping/Meshes/SM_Cube.uasset" 3894
"D:/Repos/HotelSimulator/PeterSimulator/Content/LevelPrototyping/Materials/MI_PrototypeGrid_Gray.uasset" 3895
"D:/Repos/HotelSimulator/PeterSimulator/Content/LevelPrototyping/Materials/M_PrototypeGrid.uasset" 3896
"D:/Repos/HotelSimulator/PeterSimulator/Content/LevelPrototyping/Materials/MF_ProcGrid.uasset" 3897
"D:/Repos/HotelSimulator/PeterSimulator/Content/Blueprints/BP_TestSpinCube.uasset" 3898
"D:/Repos/HotelSimulator/PeterSimulator/Content/LevelPrototyping/Textures/T_GridChecker_A.uasset" 3899
"D:/Repos/HotelSimulator/PeterSimulator/Content/Blueprints/Menu/BP_Spawn.uasset" 3900
"D:/Repos/HotelSimulator/PeterSimulator/Content/Materials/M_HighlightMat.uasset" 3901
"C:/Users/rafal/AppData/Local/UnrealEngine/Common/DerivedDataCache/Buckets/MaterialShaderMap/bb/7c/790881713593a38f510be76b5e0c5c56e83c.udd" 3902
"C:/Users/rafal/AppData/Local/UnrealEngine/Common/DerivedDataCache/Buckets/MaterialShaderMap/0d/98/f51f3efbbfd31bd4d7b98c3b34b1570e69b6.udd" 3903
"C:/Users/rafal/AppData/Local/UnrealEngine/Common/DerivedDataCache/Buckets/MaterialShaderMap/e1/b3/9feab5e2862e324b1c875b497af51fca73f7.udd" 3904
"C:/Users/rafal/AppData/Local/UnrealEngine/Common/DerivedDataCache/Buckets/MaterialShaderMap/25/81/c6b76afa8d45dd149eaaba97530ce951186a.udd" 3905
"C:/Users/rafal/AppData/Local/UnrealEngine/Common/DerivedDataCache/Buckets/MaterialShaderMap/e8/a1/e11598a32f9bebb83115d9a0a0f625971814.udd" 3906
"C:/Users/rafal/AppData/Local/UnrealEngine/Common/DerivedDataCache/Buckets/MaterialShaderMap/20/75/5a252c4de3b36682283b78337da5cc4a0e0d.udd" 3907
"C:/Users/rafal/AppData/Local/UnrealEngine/Common/DerivedDataCache/Buckets/MaterialShaderMap/50/6b/7e480385c26dd656b6d5cfe56dd29e2602e0.udd" 3908
"C:/Users/rafal/AppData/Local/UnrealEngine/Common/DerivedDataCache/Buckets/MaterialShaderMap/fa/23/d4c0dc4f8be836683958cfe20dcba81f51a0.udd" 3909
"C:/Users/rafal/AppData/Local/UnrealEngine/Common/DerivedDataCache/Buckets/MaterialShaderMap/8d/20/a4ddee1cc35b9b170a539260c335c8e871f5.udd" 3910
"C:/Users/rafal/AppData/Local/UnrealEngine/Common/DerivedDataCache/Buckets/MaterialShaderMap/7e/63/e50f3685e841705c7883e902c2ec0b392ca1.udd" 3911
"C:/Users/rafal/AppData/Local/UnrealEngine/Common/DerivedDataCache/Buckets/MaterialShaderMap/00/0f/461a176c7bca77a3496526db109ba322d3c5.udd" 3912
"C:/Users/rafal/AppData/Local/UnrealEngine/Common/DerivedDataCache/Buckets/MaterialShaderMap/f9/f8/b5eca9bcbdfe9edfc3778d4f496f70b767d5.udd" 3913
"C:/Users/rafal/AppData/Local/UnrealEngine/Common/DerivedDataCache/Buckets/MaterialShaderMap/64/a6/1207c1c9b4b9b14a2df0f28f13730545d0ba.udd" 3914
"C:/Users/rafal/AppData/Local/UnrealEngine/Common/DerivedDataCache/Buckets/MaterialShaderMap/cd/5f/f8c10fe5f9cb53455b516de529d088352985.udd" 3915
"C:/Users/rafal/AppData/Local/UnrealEngine/Common/DerivedDataCache/Buckets/MaterialShaderMap/02/03/d11cad6cd442a800e62a35f6c9eccaecdc0b.udd" 3916
"C:/Users/rafal/AppData/Local/UnrealEngine/Common/DerivedDataCache/Buckets/MaterialShaderMap/3f/6a/fda2e6deb35711fca827e0b45ca5c2d7f73f.udd" 3917
"C:/Users/rafal/AppData/Local/UnrealEngine/Common/DerivedDataCache/Buckets/MaterialShaderMap/d1/00/ad3e3f4c2621a9021e5cb1b93f7d664813b2.udd" 3918
"C:/Users/rafal/AppData/Local/UnrealEngine/Common/DerivedDataCache/Buckets/MaterialShaderMap/4c/c3/757ea088a23f176af1b62c06b8a9875a7afc.udd" 3919
"C:/Users/rafal/AppData/Local/UnrealEngine/Common/DerivedDataCache/Buckets/MaterialShaderMap/40/6c/1c24524b3f3ecbe1ce953e35949fc81e374d.udd" 3920
"C:/Users/rafal/AppData/Local/UnrealEngine/Common/DerivedDataCache/Buckets/MaterialShaderMap/6a/29/77d6a28ede9fffb2d281d851e17e17f6438f.udd" 3921
"C:/Users/rafal/AppData/Local/UnrealEngine/Common/DerivedDataCache/Buckets/MaterialShaderMap/82/e5/f6862e886a78866d9318cb8f42904e8a3821.udd" 3922
"C:/Users/rafal/AppData/Local/UnrealEngine/Common/DerivedDataCache/Buckets/MaterialShaderMap/db/65/55d8b8ae42172b77a6d1ecd710fa7acd6171.udd" 3923
"C:/Users/rafal/AppData/Local/UnrealEngine/Common/DerivedDataCache/Buckets/MaterialShaderMap/18/a3/9e94aa907c17ced4b0a81a275b8312fe9f97.udd" 3924
"C:/Users/rafal/AppData/Local/UnrealEngine/Common/DerivedDataCache/Buckets/MaterialShaderMap/6a/47/9427a81ae4465996966b134bed5a38c907c2.udd" 3925
"C:/Users/rafal/AppData/Local/UnrealEngine/Common/DerivedDataCache/Buckets/MaterialShaderMap/08/0e/770a775b84bd92c6a85fa84b34052eeb4801.udd" 3926
"C:/Users/rafal/AppData/Local/UnrealEngine/Common/DerivedDataCache/Buckets/MaterialShaderMap/6c/0d/cfa063064f0c14d56f6b066b53fa0f9e592f.udd" 3927
"C:/Users/rafal/AppData/Local/UnrealEngine/Common/DerivedDataCache/Buckets/MaterialShaderMap/f7/89/610f32677c1cbdad5b50dba670939440d165.udd" 3928
"C:/Users/rafal/AppData/Local/UnrealEngine/Common/DerivedDataCache/Buckets/MaterialShaderMap/eb/e9/ccfddde93e13a8b8c44fe87e8f6aa790de71.udd" 3929
"C:/Users/rafal/AppData/Local/UnrealEngine/Common/DerivedDataCache/Buckets/MaterialShaderMap/ad/3e/d1657cbc36617bab3b1e10cf86d4986ca6c5.udd" 3930
"C:/Users/rafal/AppData/Local/UnrealEngine/Common/DerivedDataCache/Buckets/MaterialShaderMap/94/20/c6f640ed612614d885b537019affae0d9c6a.udd" 3931
"C:/Users/rafal/AppData/Local/UnrealEngine/Common/DerivedDataCache/Buckets/MaterialShaderMap/3d/b1/0ac11d07b296d8649ebd24dcdd458b9524f2.udd" 3932
"C:/Users/rafal/AppData/Local/UnrealEngine/Common/DerivedDataCache/Buckets/MaterialShaderMap/0a/72/7fb5720efd28e799da36d057969fc0b4b084.udd" 3933
"C:/Users/rafal/AppData/Local/UnrealEngine/Common/DerivedDataCache/Buckets/MaterialShaderMap/43/af/21b7267d788d660df1abb8e765c4e18835d9.udd" 3934
"C:/Users/rafal/AppData/Local/UnrealEngine/Common/DerivedDataCache/Buckets/MaterialShaderMap/3b/29/8b98cf51d39db295fb5bd05be9eda1998d86.udd" 3935
"C:/Users/rafal/AppData/Local/UnrealEngine/Common/DerivedDataCache/Buckets/MaterialShaderMap/5c/c4/a559c9f3c67a8b21fbfaa9e1609bd82a98ef.udd" 3936
"C:/Users/rafal/AppData/Local/UnrealEngine/Common/DerivedDataCache/Buckets/MaterialShaderMap/29/68/ca1795f971a39f9798e75e5d187d35babf48.udd" 3937
"C:/Users/rafal/AppData/Local/UnrealEngine/Common/DerivedDataCache/Buckets/MaterialShaderMap/d7/43/8d4a03e233b0ab02abfc2b9f73178e4d2a21.udd" 3938
"C:/Users/rafal/AppData/Local/UnrealEngine/Common/DerivedDataCache/Buckets/MaterialShaderMap/b6/b6/6987d57e22068e5bb42c563f56c9d8a1c2a9.udd" 3939
"C:/Users/rafal/AppData/Local/UnrealEngine/Common/DerivedDataCache/Buckets/MaterialShaderMap/1b/d4/7129b12a360a2195bd5937eb2fb3ed519ee3.udd" 3940
"C:/Users/rafal/AppData/Local/UnrealEngine/Common/DerivedDataCache/Buckets/MaterialShaderMap/0e/9d/91717f2d27cf7f618225118343cb91c480cb.udd" 3941
"C:/Users/rafal/AppData/Local/UnrealEngine/Common/DerivedDataCache/Buckets/MaterialShaderMap/57/d5/736e7adb2bab8fb4b2fc9010e91d74e81270.udd" 3942
"C:/Users/rafal/AppData/Local/UnrealEngine/Common/DerivedDataCache/Buckets/MaterialShaderMap/9d/a5/8fe0d6a50c76bbf38bccc7b503afc0f2a8f9.udd" 3943
"C:/Users/rafal/AppData/Local/UnrealEngine/Common/DerivedDataCache/Buckets/MaterialShaderMap/d7/0e/10186c924198ccf0eac893f14f0ce42f3de4.udd" 3944
"C:/Users/rafal/AppData/Local/UnrealEngine/Common/DerivedDataCache/Buckets/MaterialShaderMap/f8/7a/fb9055d361ae14902c394bc8b4b99999b206.udd" 3945
"C:/Users/rafal/AppData/Local/UnrealEngine/Common/DerivedDataCache/Buckets/MaterialShaderMap/b6/56/36151702e50b00a94fae2098bedac0dfc33e.udd" 3946
"C:/Users/rafal/AppData/Local/UnrealEngine/Common/DerivedDataCache/Buckets/MaterialShaderMap/7a/f5/b83fd04f7c945ba5bb8ee31ed14b2ca7f2cb.udd" 3947
"C:/Users/rafal/AppData/Local/UnrealEngine/Common/DerivedDataCache/Buckets/MaterialShaderMap/77/49/0ace0616ce70c7834022afdd45e2ba2427a3.udd" 3948
"C:/Users/rafal/AppData/Local/UnrealEngine/Common/DerivedDataCache/Buckets/MaterialShaderMap/78/5b/753dc344ccc28366ae5a6a84c7c7bc7aaaed.udd" 3949
"../../../Engine/Content/Maps/Templates/HLODs/HLODLayer_Merged.uasset" 3950
"C:/Users/rafal/AppData/Local/UnrealEngine/Common/DerivedDataCache/Buckets/MaterialShaderMap/4b/c6/1c66948292af1d939c0b031799bed0a7490e.udd" 3951
"../../Plugins/Animation/ControlRig/Content/Controls/ControlRig_Sphere_solid.uasset" 3952
"../../Plugins/Animation/ControlRig/Content/Controls/ControlRig_Arrow2_1mm.uasset" 3953
"../../Plugins/Animation/ControlRig/Content/Controls/ControlRig_Arrow2_3mm.uasset" 3954
"../../Plugins/Animation/ControlRig/Content/Controls/ControlRig_Arrow2_solid.uasset" 3955
"../../Plugins/Animation/ControlRig/Content/Controls/ControlRig_Arrow4_1mm.uasset" 3956
"../../Plugins/Animation/ControlRig/Content/Controls/ControlRig_Arrow4_3mm.uasset" 3957
"../../Plugins/Animation/ControlRig/Content/Controls/ControlRig_Arrow4_solid.uasset" 3958
"../../Plugins/Animation/ControlRig/Content/Controls/ControlRig_Arrow_1mm.uasset" 3959
"../../Plugins/Animation/ControlRig/Content/Controls/ControlRig_Arrow_3mm.uasset" 3960
"../../Plugins/Animation/ControlRig/Content/Controls/ControlRig_Arrow_solid.uasset" 3961
"../../Plugins/Animation/ControlRig/Content/Controls/ControlRig_Box_1mm.uasset" 3962
"../../Plugins/Animation/ControlRig/Content/Controls/ControlRig_Box_solid.uasset" 3963
"../../Plugins/Animation/ControlRig/Content/Controls/ControlRig_Circle_1mm.uasset" 3964
"../../Plugins/Animation/ControlRig/Content/Controls/ControlRig_Box_3mm.uasset" 3965
"../../Plugins/Animation/ControlRig/Content/Controls/ControlRig_Diamond_solid.uasset" 3966
"../../Plugins/Animation/ControlRig/Content/Controls/ControlRig_Circle_3mm.uasset" 3967
"../../Plugins/Animation/ControlRig/Content/Controls/ControlRig_Circle_solid.uasset" 3968
"../../Plugins/Animation/ControlRig/Content/Controls/ControlRig_Diamond_1mm.uasset" 3969
"../../Plugins/Animation/ControlRig/Content/Controls/ControlRig_Diamond_3mm.uasset" 3970
"../../Plugins/Animation/ControlRig/Content/Controls/ControlRig_HalfCircle_1mm.uasset" 3971
"../../Plugins/Animation/ControlRig/Content/Controls/ControlRig_HalfCircle_3mm.uasset" 3972
"../../Plugins/Animation/ControlRig/Content/Controls/ControlRig_HalfCircle_solid.uasset" 3973
"../../Plugins/Animation/ControlRig/Content/Controls/ControlRig_Hexagon_1mm.uasset" 3974
"../../Plugins/Animation/ControlRig/Content/Controls/ControlRig_Hexagon_solid.uasset" 3975
"../../Plugins/Animation/ControlRig/Content/Controls/ControlRig_Hexagon_3mm.uasset" 3976
"../../Plugins/Animation/ControlRig/Content/Controls/ControlRig_Octagon_1mm.uasset" 3977
"../../Plugins/Animation/ControlRig/Content/Controls/ControlRig_QuarterCircle_3mm.uasset" 3978
"../../Plugins/Animation/ControlRig/Content/Controls/ControlRig_Octagon_solid.uasset" 3979
"../../Plugins/Animation/ControlRig/Content/Controls/ControlRig_QuarterCircle_1mm.uasset" 3980
"../../Plugins/Animation/ControlRig/Content/Controls/ControlRig_RoundedSquare_1mm.uasset" 3981
"../../Plugins/Animation/ControlRig/Content/Controls/ControlRig_Octagon_3mm.uasset" 3982
"../../Plugins/Animation/ControlRig/Content/Controls/ControlRig_Pyramid_1mm.uasset" 3983
"../../Plugins/Animation/ControlRig/Content/Controls/ControlRig_Pyramid_3mm.uasset" 3984
"../../Plugins/Animation/ControlRig/Content/Controls/ControlRig_Pyramid_solid.uasset" 3985
"../../Plugins/Animation/ControlRig/Content/Controls/ControlRig_QuarterCircle_solid.uasset" 3986
"../../Plugins/Animation/ControlRig/Content/Controls/ControlRig_RoundedSquare_solid.uasset" 3987
"../../Plugins/Animation/ControlRig/Content/Controls/ControlRig_Wedge_1mm.uasset" 3988
"../../Plugins/Animation/ControlRig/Content/Controls/ControlRig_Wedge_solid.uasset" 3989
"../../Plugins/Animation/ControlRig/Content/Controls/ControlRig_Wedge_3mm.uasset" 3990
"../../Plugins/Animation/ControlRig/Content/Controls/ControlRig_Triangle_solid.uasset" 3991
"../../Plugins/Animation/ControlRig/Content/Controls/ControlRig_Triangle_3mm.uasset" 3992
"../../Plugins/Animation/ControlRig/Content/Controls/ControlRig_Triangle_1mm.uasset" 3993
"../../Plugins/Animation/ControlRig/Content/Controls/ControlRig_Star4_solid.uasset" 3994
"../../Plugins/Animation/ControlRig/Content/Controls/ControlRig_Star4_3mm.uasset" 3995
"../../Plugins/Animation/ControlRig/Content/Controls/ControlRig_Square_3mm.uasset" 3996
"../../Plugins/Animation/ControlRig/Content/Controls/ControlRig_Star4_1mm.uasset" 3997
"../../Plugins/Animation/ControlRig/Content/Controls/ControlRig_Square_solid.uasset" 3998
"../../Plugins/Animation/ControlRig/Content/Controls/ControlRig_Square_1mm.uasset" 3999
"../../Plugins/Animation/ControlRig/Content/Controls/ControlRig_RoundedTriangle_solid.uasset" 4000
"../../Plugins/Animation/ControlRig/Content/Controls/ControlRig_RoundedTriangle_3mm.uasset" 4001
"../../Plugins/Animation/ControlRig/Content/Controls/ControlRig_Sphere_3mm.uasset" 4002
"../../Plugins/Animation/ControlRig/Content/Controls/ControlRig_RoundedTriangle_1mm.uasset" 4003
"../../Plugins/Animation/ControlRig/Content/Controls/ControlRig_RoundedSquare_3mm.uasset" 4004
"../../Plugins/Animation/ControlRig/Content/Controls/ControlRig_Sphere_1mm.uasset" 4005
"C:/Users/rafal/AppData/Local/UnrealEngine/Common/DerivedDataCache/Buckets/LegacyTEXTURE/e9/b1/775f5616aef6aee3b56d5660a073d3a5d096.udd" 4006
"C:/Users/rafal/AppData/Local/UnrealEngine/Common/DerivedDataCache/Buckets/LegacyTEXTURE/66/31/e655e115c3119d04c50f2903a9c139c55b20.udd" 4007
